=== 20:18:02 STAGE15 N=128 CAMPAIGN START ===
=== seed=961 episodes=5 arm_order=baseline dqn_sla dqn_qoe static_at_cap ===
=== 20:18:02 DRAIN before arm=baseline seed=961 ===
     rnti=1789: mean=5.00 PRB  max=5.00  n=10
     rnti=55454: mean=14.60 PRB  max=17.00  n=10
     rnti=56491: mean=5.00 PRB  max=5.00  n=10

Done. NEVER send SUBSCRIPTION-type messages: still assert(0!=0) in handle_subscription() on this OAI base (verified 2026-07-14).
=== 20:18:38 RUN arm=baseline seed=961 algo=baseline_static mode=sla episodes=5 ===
[orchestrator] === baseline rep_seed961 batch 0 (2 episodes, batch_seed=961000, 0/5 done so far) ===
[orchestrator] $ bash /home/kmanojp/oranslice_rig/experiments/scripts/health_check.sh
[health] OK: all 3 UEs reachable, 16 RAN processes alive, no recent segfault
[orchestrator] $ python3 /home/kmanojp/oranslice_rig/experiments/scripts/run_baseline_static.py --config /home/kmanojp/oranslice_rig/experiments/configs/saclb_campaign_baseline_v2.yaml --gnb-id gnb-0 --episodes 2 --seed 961000 --run-id baseline_sla_seed961_batch0 --omega-jsonl /home/kmanojp/oranslice_rig/experiments/results/live_campaign_v2/baseline/sla/rep_seed961/omega_log.jsonl --reward-mode sla
[baseline_sla_seed961_batch0] baseline_static: talking to gNB E2 agent (listen=6600, gNB=6655)...

Omega log: /home/kmanojp/oranslice_rig/experiments/results/live_campaign_v2/baseline/sla/rep_seed961/omega_log.jsonl
{
  "run_id": "baseline_sla_seed961_batch0",
  "algorithm": "baseline_static",
  "mode": "live_testbed",
  "seed": 961000,
  "n_episodes": 2,
  "mean_reward_per_step": -10.22175,
  "mean_blocks_per_episode": 0.0,
  "mean_urllc_blocks_per_episode": 0.0,
  "blocks_per_episode": [
    0,
    0
  ],
  "blocks_per_episode_by_slice": [
    {},
    {}
  ],
  "mean_rho": null,
  "omega_path": "/home/kmanojp/oranslice_rig/experiments/results/live_campaign_v2/baseline/sla/rep_seed961/omega_log.jsonl",
  "checkpoint_path": "",
  "drift_flag": false,
  "drift_reason": "",
  "sla_compliance_by_slice": {
    "embb": 0.041666666666666664,
    "urllc": 0.008333333333333333,
    "mmtc": 0.016666666666666666
  },
  "sla_compliance_all_slices": 0.008333333333333333,
  "sla_compliance_by_slice_per_episode": [
    {
      "embb": 0.08333333333333333,
      "urllc": 0.016666666666666666,
      "mmtc": 0.03333333333333333
    },
    {
      "embb": 0.0,
      "urllc": 0.0,
      "mmtc": 0.0
    }
  ],
  "sla_margin_by_slice": {
    "embb": -940066.5699999998,
    "urllc": -836597.2608333327,
    "mmtc": -326.15999999999997
  },
  "sla_margin_by_slice_per_episode": [
    {
      "embb": -877755.6399999998,
      "urllc": -650306.2216666664,
      "mmtc": -175.94999999999993
    },
    {
      "embb": -1002377.5,
      "urllc": -1022888.2999999989,
      "mmtc": -476.37000000000006
    }
  ],
  "mean_mos_by_slice": {
    "embb": 1.4520565658807754,
    "urllc": 1.0319332162539163,
    "mmtc": 4.298649303118387
  },
  "mean_cost": 0.5411666666666668,
  "mean_sla_viol": 0.9916666666666667
}
[orchestrator] === baseline rep_seed961 batch 1 (2 episodes, batch_seed=961001, 2/5 done so far) ===
[orchestrator] $ bash /home/kmanojp/oranslice_rig/experiments/scripts/health_check.sh
[health] FAIL: UE1 (embb) unreachable
[health] FAIL: UE2 (mmtc) unreachable
[health] FAIL: UE3 (urllc) unreachable
[orchestrator] health check failed, restarting stack (attempt 1)
[orchestrator] $ bash /home/kmanojp/oranslice_rig/experiments/scripts/restart_ran_stack.sh
[restart] stopping all RAN processes and tmux sessions
/home/kmanojp/oranslice_rig/experiments/scripts/restart_ran_stack.sh: line 23: 180631 Killed                  sudo pkill -9 -f "nr-uesoftmodem" 2> /dev/null
/home/kmanojp/oranslice_rig/experiments/scripts/restart_ran_stack.sh: line 24: 180633 Killed                  sudo pkill -9 -f "nr-softmodem" 2> /dev/null
[restart] confirmed clean: no RAN processes running
[restart] launching gNB
[restart] gNB up, E2 agent alive
[restart] launching UE1 (embb, default netns)
[restart] UE1 attached
[restart] launching UE2 (mmtc, ue2ns)
[restart] UE2 attached
[restart] launching UE3 (urllc, ue3ns)
[restart] UE3 attached
[restart] verifying connectivity all 3 UEs
[restart] SUCCESS: all 3 UEs attached and reachable
[orchestrator] $ bash /home/kmanojp/oranslice_rig/experiments/scripts/health_check.sh
[health] OK: all 3 UEs reachable, 16 RAN processes alive, no recent segfault
[orchestrator] $ python3 /home/kmanojp/oranslice_rig/experiments/scripts/run_baseline_static.py --config /home/kmanojp/oranslice_rig/experiments/configs/saclb_campaign_baseline_v2.yaml --gnb-id gnb-0 --episodes 2 --seed 961001 --run-id baseline_sla_seed961_batch1 --omega-jsonl /home/kmanojp/oranslice_rig/experiments/results/live_campaign_v2/baseline/sla/rep_seed961/omega_log.jsonl --reward-mode sla
[baseline_sla_seed961_batch1] baseline_static: talking to gNB E2 agent (listen=6600, gNB=6655)...

Omega log: /home/kmanojp/oranslice_rig/experiments/results/live_campaign_v2/baseline/sla/rep_seed961/omega_log.jsonl
{
  "run_id": "baseline_sla_seed961_batch1",
  "algorithm": "baseline_static",
  "mode": "live_testbed",
  "seed": 961001,
  "n_episodes": 2,
  "mean_reward_per_step": 5.318750000000001,
  "mean_blocks_per_episode": 0.0,
  "mean_urllc_blocks_per_episode": 0.0,
  "blocks_per_episode": [
    0,
    0
  ],
  "blocks_per_episode_by_slice": [
    {},
    {}
  ],
  "mean_rho": null,
  "omega_path": "/home/kmanojp/oranslice_rig/experiments/results/live_campaign_v2/baseline/sla/rep_seed961/omega_log.jsonl",
  "checkpoint_path": "",
  "drift_flag": false,
  "drift_reason": "",
  "sla_compliance_by_slice": {
    "embb": 1.0,
    "urllc": 1.0,
    "mmtc": 1.0
  },
  "sla_compliance_all_slices": 1.0,
  "sla_compliance_by_slice_per_episode": [
    {
      "embb": 1.0,
      "urllc": 1.0,
      "mmtc": 1.0
    },
    {
      "embb": 1.0,
      "urllc": 1.0,
      "mmtc": 1.0
    }
  ],
  "sla_margin_by_slice": {
    "embb": 0.7299999953553986,
    "urllc": 0.7049072906173148,
    "mmtc": 0.7074982431117613
  },
  "sla_margin_by_slice_per_episode": [
    {
      "embb": 0.7599999907107968,
      "urllc": 0.7098145812346294,
      "mmtc": 0.7149964862235222
    },
    {
      "embb": 0.7000000000000004,
      "urllc": 0.7000000000000004,
      "mmtc": 0.7000000000000004
    }
  ],
  "mean_mos_by_slice": {
    "embb": 2.1711423953374225,
    "urllc": 2.8820934971173604,
    "mmtc": 4.757545646031698
  },
  "mean_cost": 0.3025,
  "mean_sla_viol": 0.0
}
[orchestrator] === baseline rep_seed961 batch 2 (1 episodes, batch_seed=961002, 4/5 done so far) ===
[orchestrator] $ bash /home/kmanojp/oranslice_rig/experiments/scripts/health_check.sh
[health] FAIL: UE1 (embb) unreachable
[health] FAIL: UE2 (mmtc) unreachable
[health] FAIL: UE3 (urllc) unreachable
[orchestrator] health check failed, restarting stack (attempt 1)
[orchestrator] $ bash /home/kmanojp/oranslice_rig/experiments/scripts/restart_ran_stack.sh
[restart] stopping all RAN processes and tmux sessions
/home/kmanojp/oranslice_rig/experiments/scripts/restart_ran_stack.sh: line 23: 186075 Killed                  sudo pkill -9 -f "nr-uesoftmodem" 2> /dev/null
/home/kmanojp/oranslice_rig/experiments/scripts/restart_ran_stack.sh: line 24: 186077 Killed                  sudo pkill -9 -f "nr-softmodem" 2> /dev/null
[restart] confirmed clean: no RAN processes running
[restart] launching gNB
[restart] gNB up, E2 agent alive
[restart] launching UE1 (embb, default netns)
[restart] UE1 attached
[restart] launching UE2 (mmtc, ue2ns)
[restart] UE2 attached
[restart] launching UE3 (urllc, ue3ns)
[restart] UE3 attached
[restart] verifying connectivity all 3 UEs
[restart] SUCCESS: all 3 UEs attached and reachable
[orchestrator] $ bash /home/kmanojp/oranslice_rig/experiments/scripts/health_check.sh
[health] OK: all 3 UEs reachable, 16 RAN processes alive, no recent segfault
[orchestrator] $ python3 /home/kmanojp/oranslice_rig/experiments/scripts/run_baseline_static.py --config /home/kmanojp/oranslice_rig/experiments/configs/saclb_campaign_baseline_v2.yaml --gnb-id gnb-0 --episodes 1 --seed 961002 --run-id baseline_sla_seed961_batch2 --omega-jsonl /home/kmanojp/oranslice_rig/experiments/results/live_campaign_v2/baseline/sla/rep_seed961/omega_log.jsonl --reward-mode sla
[baseline_sla_seed961_batch2] baseline_static: talking to gNB E2 agent (listen=6600, gNB=6655)...

Omega log: /home/kmanojp/oranslice_rig/experiments/results/live_campaign_v2/baseline/sla/rep_seed961/omega_log.jsonl
{
  "run_id": "baseline_sla_seed961_batch2",
  "algorithm": "baseline_static",
  "mode": "live_testbed",
  "seed": 961002,
  "n_episodes": 1,
  "mean_reward_per_step": 5.1025,
  "mean_blocks_per_episode": 0.0,
  "mean_urllc_blocks_per_episode": 0.0,
  "blocks_per_episode": [
    0
  ],
  "blocks_per_episode_by_slice": [
    {}
  ],
  "mean_rho": null,
  "omega_path": "/home/kmanojp/oranslice_rig/experiments/results/live_campaign_v2/baseline/sla/rep_seed961/omega_log.jsonl",
  "checkpoint_path": "",
  "drift_flag": false,
  "drift_reason": "",
  "sla_compliance_by_slice": {
    "embb": 1.0,
    "urllc": 1.0,
    "mmtc": 1.0
  },
  "sla_compliance_all_slices": 1.0,
  "sla_compliance_by_slice_per_episode": [
    {
      "embb": 1.0,
      "urllc": 1.0,
      "mmtc": 1.0
    }
  ],
  "sla_margin_by_slice": {
    "embb": 0.7699999912445048,
    "urllc": 0.7293590462021534,
    "mmtc": 0.7249963803132972
  },
  "sla_margin_by_slice_per_episode": [
    {
      "embb": 0.7699999912445048,
      "urllc": 0.7293590462021534,
      "mmtc": 0.7249963803132972
    }
  ],
  "mean_mos_by_slice": {
    "embb": 2.171098478635152,
    "urllc": 2.6498748620351154,
    "mmtc": 4.768317874272665
  },
  "mean_cost": 0.3050000000000001,
  "mean_sla_viol": 0.0
}
[orchestrator] DONE: 5/5 episodes completed for baseline rep_seed961. omega log: /home/kmanojp/oranslice_rig/experiments/results/live_campaign_v2/baseline/sla/rep_seed961/omega_log.jsonl
=== 20:47:18 DONE arm=baseline seed=961 (1756s, 1 attempt(s)) ===
=== 20:47:18 DRAIN before arm=dqn_sla seed=961 ===
     rnti=5463: mean=5.00 PRB  max=5.00  n=10
     rnti=40265: mean=5.00 PRB  max=5.00  n=10
     rnti=64849: mean=5.00 PRB  max=5.00  n=10

Done. NEVER send SUBSCRIPTION-type messages: still assert(0!=0) in handle_subscription() on this OAI base (verified 2026-07-14).
=== 20:47:53 RUN arm=dqn_sla seed=961 algo=dqn mode=sla episodes=5 ===
[orchestrator] === dqn_sla rep_seed961 batch 0 (2 episodes, batch_seed=961000, 0/5 done so far) ===
[orchestrator] $ bash /home/kmanojp/oranslice_rig/experiments/scripts/health_check.sh
[health] OK: all 3 UEs reachable, 16 RAN processes alive, no recent segfault
[orchestrator] $ python3 /home/kmanojp/oranslice_rig/framework/qoe_oran_framework/xapp/saclb_xapp.py --config /home/kmanojp/oranslice_rig/experiments/configs/saclb_campaign_v2.yaml --algorithm dqn --checkpoint /home/kmanojp/oranslice_rig/experiments/results/offline_v2/sla/seed256/dqn/offline_closed_loop/rep_0/checkpoint.pt --gnb-id gnb-0 --episodes 2 --seed 961000 --run-id dqn_sla_sla_seed961_batch0 --omega-jsonl /home/kmanojp/oranslice_rig/experiments/results/live_campaign_v2/dqn_sla/sla/rep_seed961/omega_log.jsonl --reward-mode sla
[dqn_sla_sla_seed961_batch0] talking to gNB E2 agent (listen=6600, gNB=6655)...

Omega log: /home/kmanojp/oranslice_rig/experiments/results/live_campaign_v2/dqn_sla/sla/rep_seed961/omega_log.jsonl
{
  "run_id": "dqn_sla_sla_seed961_batch0",
  "algorithm": "dqn",
  "mode": "live_testbed",
  "seed": 961000,
  "n_episodes": 2,
  "mean_reward_per_step": 0.0,
  "mean_blocks_per_episode": 121.0,
  "mean_urllc_blocks_per_episode": 35.0,
  "blocks_per_episode": [
    122,
    120
  ],
  "blocks_per_episode_by_slice": [
    {
      "mmtc": 42,
      "urllc": 39,
      "embb": 41
    },
    {
      "embb": 50,
      "mmtc": 39,
      "urllc": 31
    }
  ],
  "mean_rho": null,
  "omega_path": "/home/kmanojp/oranslice_rig/experiments/results/live_campaign_v2/dqn_sla/sla/rep_seed961/omega_log.jsonl",
  "checkpoint_path": "",
  "drift_flag": true,
  "drift_reason": "mean URLLC block rate 35.00/episode exceeds 2x the 1.0/episode acceptance bar",
  "sla_compliance_by_slice": {
    "embb": 1.0,
    "urllc": 1.0,
    "mmtc": 1.0
  },
  "sla_compliance_all_slices": 1.0,
  "sla_compliance_by_slice_per_episode": [
    {
      "embb": 1.0,
      "urllc": 1.0,
      "mmtc": 1.0
    },
    {
      "embb": 1.0,
      "urllc": 1.0,
      "mmtc": 1.0
    }
  ],
  "sla_margin_by_slice": {
    "embb": 0.7574999999819138,
    "urllc": 0.7474893320201113,
    "mmtc": 0.7949998042051181
  },
  "sla_margin_by_slice_per_episode": [
    {
      "embb": 0.8149999999638271,
      "urllc": 0.794978664040222,
      "mmtc": 0.8899996084102358
    },
    {
      "embb": 0.7000000000000004,
      "urllc": 0.7000000000000004,
      "mmtc": 0.7000000000000004
    }
  ],
  "mean_mos_by_slice": {
    "embb": 2.1711539129416146,
    "urllc": 4.2002031644185385,
    "mmtc": 4.812806522846222
  },
  "mean_cost": 0.0,
  "mean_sla_viol": 0.0
}
[orchestrator] === dqn_sla rep_seed961 batch 1 (2 episodes, batch_seed=961001, 2/5 done so far) ===
[orchestrator] $ bash /home/kmanojp/oranslice_rig/experiments/scripts/health_check.sh
[health] FAIL: UE1 (embb) unreachable
[health] FAIL: UE2 (mmtc) unreachable
[health] FAIL: UE3 (urllc) unreachable
[orchestrator] health check failed, restarting stack (attempt 1)
[orchestrator] $ bash /home/kmanojp/oranslice_rig/experiments/scripts/restart_ran_stack.sh
[restart] stopping all RAN processes and tmux sessions
/home/kmanojp/oranslice_rig/experiments/scripts/restart_ran_stack.sh: line 23: 194190 Killed                  sudo pkill -9 -f "nr-uesoftmodem" 2> /dev/null
/home/kmanojp/oranslice_rig/experiments/scripts/restart_ran_stack.sh: line 24: 194192 Killed                  sudo pkill -9 -f "nr-softmodem" 2> /dev/null
[restart] confirmed clean: no RAN processes running
[restart] launching gNB
[restart] gNB up, E2 agent alive
[restart] launching UE1 (embb, default netns)
[restart] UE1 attached
[restart] launching UE2 (mmtc, ue2ns)
[restart] UE2 attached
[restart] launching UE3 (urllc, ue3ns)
[restart] UE3 attached
[restart] verifying connectivity all 3 UEs
[restart] SUCCESS: all 3 UEs attached and reachable
[orchestrator] $ bash /home/kmanojp/oranslice_rig/experiments/scripts/health_check.sh
[health] OK: all 3 UEs reachable, 16 RAN processes alive, no recent segfault
[orchestrator] $ python3 /home/kmanojp/oranslice_rig/framework/qoe_oran_framework/xapp/saclb_xapp.py --config /home/kmanojp/oranslice_rig/experiments/configs/saclb_campaign_v2.yaml --algorithm dqn --checkpoint /home/kmanojp/oranslice_rig/experiments/results/offline_v2/sla/seed256/dqn/offline_closed_loop/rep_0/checkpoint.pt --gnb-id gnb-0 --episodes 2 --seed 961001 --run-id dqn_sla_sla_seed961_batch1 --omega-jsonl /home/kmanojp/oranslice_rig/experiments/results/live_campaign_v2/dqn_sla/sla/rep_seed961/omega_log.jsonl --reward-mode sla
[dqn_sla_sla_seed961_batch1] talking to gNB E2 agent (listen=6600, gNB=6655)...

Omega log: /home/kmanojp/oranslice_rig/experiments/results/live_campaign_v2/dqn_sla/sla/rep_seed961/omega_log.jsonl
{
  "run_id": "dqn_sla_sla_seed961_batch1",
  "algorithm": "dqn",
  "mode": "live_testbed",
  "seed": 961001,
  "n_episodes": 2,
  "mean_reward_per_step": 0.0,
  "mean_blocks_per_episode": 121.0,
  "mean_urllc_blocks_per_episode": 43.5,
  "blocks_per_episode": [
    122,
    120
  ],
  "blocks_per_episode_by_slice": [
    {
      "mmtc": 47,
      "urllc": 37,
      "embb": 38
    },
    {
      "mmtc": 42,
      "urllc": 50,
      "embb": 28
    }
  ],
  "mean_rho": null,
  "omega_path": "/home/kmanojp/oranslice_rig/experiments/results/live_campaign_v2/dqn_sla/sla/rep_seed961/omega_log.jsonl",
  "checkpoint_path": "",
  "drift_flag": true,
  "drift_reason": "mean URLLC block rate 43.50/episode exceeds 2x the 1.0/episode acceptance bar",
  "sla_compliance_by_slice": {
    "embb": 1.0,
    "urllc": 1.0,
    "mmtc": 1.0
  },
  "sla_compliance_all_slices": 1.0,
  "sla_compliance_by_slice_per_episode": [
    {
      "embb": 1.0,
      "urllc": 1.0,
      "mmtc": 1.0
    },
    {
      "embb": 1.0,
      "urllc": 1.0,
      "mmtc": 1.0
    }
  ],
  "sla_margin_by_slice": {
    "embb": 0.7374999942209375,
    "urllc": 0.7173023134927891,
    "mmtc": 0.7074990954634826
  },
  "sla_margin_by_slice_per_episode": [
    {
      "embb": 0.7749999884418747,
      "urllc": 0.7346046269855777,
      "mmtc": 0.7149981909269648
    },
    {
      "embb": 0.7000000000000004,
      "urllc": 0.7000000000000004,
      "mmtc": 0.7000000000000004
    }
  ],
  "mean_mos_by_slice": {
    "embb": 2.1711455365022023,
    "urllc": 3.391480960448583,
    "mmtc": 4.757365151246389
  },
  "mean_cost": 0.0,
  "mean_sla_viol": 0.0
}
[orchestrator] === dqn_sla rep_seed961 batch 2 (1 episodes, batch_seed=961002, 4/5 done so far) ===
[orchestrator] $ bash /home/kmanojp/oranslice_rig/experiments/scripts/health_check.sh
[health] FAIL: UE1 (embb) unreachable
[health] FAIL: UE2 (mmtc) unreachable
[health] FAIL: UE3 (urllc) unreachable
[orchestrator] health check failed, restarting stack (attempt 1)
[orchestrator] $ bash /home/kmanojp/oranslice_rig/experiments/scripts/restart_ran_stack.sh
[restart] stopping all RAN processes and tmux sessions
/home/kmanojp/oranslice_rig/experiments/scripts/restart_ran_stack.sh: line 23: 199624 Killed                  sudo pkill -9 -f "nr-uesoftmodem" 2> /dev/null
/home/kmanojp/oranslice_rig/experiments/scripts/restart_ran_stack.sh: line 24: 199626 Killed                  sudo pkill -9 -f "nr-softmodem" 2> /dev/null
[restart] confirmed clean: no RAN processes running
[restart] launching gNB
[restart] gNB up, E2 agent alive
[restart] launching UE1 (embb, default netns)
[restart] UE1 attached
[restart] launching UE2 (mmtc, ue2ns)
[restart] UE2 attached
[restart] launching UE3 (urllc, ue3ns)
[restart] UE3 attached
[restart] verifying connectivity all 3 UEs
[restart] SUCCESS: all 3 UEs attached and reachable
[orchestrator] $ bash /home/kmanojp/oranslice_rig/experiments/scripts/health_check.sh
[health] OK: all 3 UEs reachable, 16 RAN processes alive, no recent segfault
[orchestrator] $ python3 /home/kmanojp/oranslice_rig/framework/qoe_oran_framework/xapp/saclb_xapp.py --config /home/kmanojp/oranslice_rig/experiments/configs/saclb_campaign_v2.yaml --algorithm dqn --checkpoint /home/kmanojp/oranslice_rig/experiments/results/offline_v2/sla/seed256/dqn/offline_closed_loop/rep_0/checkpoint.pt --gnb-id gnb-0 --episodes 1 --seed 961002 --run-id dqn_sla_sla_seed961_batch2 --omega-jsonl /home/kmanojp/oranslice_rig/experiments/results/live_campaign_v2/dqn_sla/sla/rep_seed961/omega_log.jsonl --reward-mode sla
[dqn_sla_sla_seed961_batch2] talking to gNB E2 agent (listen=6600, gNB=6655)...

Omega log: /home/kmanojp/oranslice_rig/experiments/results/live_campaign_v2/dqn_sla/sla/rep_seed961/omega_log.jsonl
{
  "run_id": "dqn_sla_sla_seed961_batch2",
  "algorithm": "dqn",
  "mode": "live_testbed",
  "seed": 961002,
  "n_episodes": 1,
  "mean_reward_per_step": 0.0,
  "mean_blocks_per_episode": 122.0,
  "mean_urllc_blocks_per_episode": 38.0,
  "blocks_per_episode": [
    122
  ],
  "blocks_per_episode_by_slice": [
    {
      "mmtc": 47,
      "urllc": 38,
      "embb": 37
    }
  ],
  "mean_rho": null,
  "omega_path": "/home/kmanojp/oranslice_rig/experiments/results/live_campaign_v2/dqn_sla/sla/rep_seed961/omega_log.jsonl",
  "checkpoint_path": "",
  "drift_flag": true,
  "drift_reason": "mean URLLC block rate 38.00/episode exceeds 2x the 1.0/episode acceptance bar",
  "sla_compliance_by_slice": {
    "embb": 1.0,
    "urllc": 1.0,
    "mmtc": 1.0
  },
  "sla_compliance_all_slices": 1.0,
  "sla_compliance_by_slice_per_episode": [
    {
      "embb": 1.0,
      "urllc": 1.0,
      "mmtc": 1.0
    }
  ],
  "sla_margin_by_slice": {
    "embb": 0.7599999932281718,
    "urllc": 0.7345606966471926,
    "mmtc": 0.7249967422821407
  },
  "sla_margin_by_slice_per_episode": [
    {
      "embb": 0.7599999932281718,
      "urllc": 0.7345606966471926,
      "mmtc": 0.7249967422821407
    }
  ],
  "mean_mos_by_slice": {
    "embb": 2.171094290415446,
    "urllc": 3.3581624388694764,
    "mmtc": 4.768294262886047
  },
  "mean_cost": 0.0,
  "mean_sla_viol": 0.0
}
[orchestrator] DONE: 5/5 episodes completed for dqn_sla rep_seed961. omega log: /home/kmanojp/oranslice_rig/experiments/results/live_campaign_v2/dqn_sla/sla/rep_seed961/omega_log.jsonl
=== 21:16:39 DONE arm=dqn_sla seed=961 (1761s, 1 attempt(s)) ===
=== 21:16:39 DRAIN before arm=dqn_qoe seed=961 ===
     rnti=5705: mean=5.00 PRB  max=5.00  n=10
     rnti=41208: mean=5.00 PRB  max=5.00  n=10
     rnti=51243: mean=5.00 PRB  max=5.00  n=10

Done. NEVER send SUBSCRIPTION-type messages: still assert(0!=0) in handle_subscription() on this OAI base (verified 2026-07-14).
=== 21:17:14 RUN arm=dqn_qoe seed=961 algo=dqn mode=qoe episodes=5 ===
[orchestrator] === dqn_qoe rep_seed961 batch 0 (2 episodes, batch_seed=961000, 0/5 done so far) ===
[orchestrator] $ bash /home/kmanojp/oranslice_rig/experiments/scripts/health_check.sh
[health] OK: all 3 UEs reachable, 16 RAN processes alive, no recent segfault
[orchestrator] $ python3 /home/kmanojp/oranslice_rig/framework/qoe_oran_framework/xapp/saclb_xapp.py --config /home/kmanojp/oranslice_rig/experiments/configs/saclb_campaign_v2.yaml --algorithm dqn --checkpoint /home/kmanojp/oranslice_rig/experiments/results/offline_v2/qoe/seed256/dqn/offline_closed_loop/rep_0/checkpoint.pt --gnb-id gnb-0 --episodes 2 --seed 961000 --run-id dqn_qoe_qoe_seed961_batch0 --omega-jsonl /home/kmanojp/oranslice_rig/experiments/results/live_campaign_v2/dqn_qoe/qoe/rep_seed961/omega_log.jsonl --reward-mode qoe
[dqn_qoe_qoe_seed961_batch0] talking to gNB E2 agent (listen=6600, gNB=6655)...

Omega log: /home/kmanojp/oranslice_rig/experiments/results/live_campaign_v2/dqn_qoe/qoe/rep_seed961/omega_log.jsonl
{
  "run_id": "dqn_qoe_qoe_seed961_batch0",
  "algorithm": "dqn",
  "mode": "live_testbed",
  "seed": 961000,
  "n_episodes": 2,
  "mean_reward_per_step": 0.6709224622249603,
  "mean_blocks_per_episode": 92.0,
  "mean_urllc_blocks_per_episode": 24.0,
  "blocks_per_episode": [
    64,
    120
  ],
  "blocks_per_episode_by_slice": [
    {
      "mmtc": 18,
      "embb": 29,
      "urllc": 17
    },
    {
      "embb": 50,
      "mmtc": 39,
      "urllc": 31
    }
  ],
  "mean_rho": null,
  "omega_path": "/home/kmanojp/oranslice_rig/experiments/results/live_campaign_v2/dqn_qoe/qoe/rep_seed961/omega_log.jsonl",
  "checkpoint_path": "",
  "drift_flag": true,
  "drift_reason": "mean URLLC block rate 24.00/episode exceeds 2x the 1.0/episode acceptance bar",
  "sla_compliance_by_slice": {
    "embb": 1.0,
    "urllc": 1.0,
    "mmtc": 1.0
  },
  "sla_compliance_all_slices": 1.0,
  "sla_compliance_by_slice_per_episode": [
    {
      "embb": 1.0,
      "urllc": 1.0,
      "mmtc": 1.0
    },
    {
      "embb": 1.0,
      "urllc": 1.0,
      "mmtc": 1.0
    }
  ],
  "sla_margin_by_slice": {
    "embb": 0.9799999999858588,
    "urllc": 0.7624897955539085,
    "mmtc": 0.7999998145640299
  },
  "sla_margin_by_slice_per_episode": [
    {
      "embb": 0.9999999999717174,
      "urllc": 0.8249795911078167,
      "mmtc": 0.8999996291280595
    },
    {
      "embb": 0.9600000000000003,
      "urllc": 0.7000000000000004,
      "mmtc": 0.7000000000000004
    }
  ],
  "mean_mos_by_slice": {
    "embb": 2.171247100830078,
    "urllc": 4.237837302684784,
    "mmtc": 4.815985143184662
  },
  "mean_cost": 0.07250000000000002,
  "mean_sla_viol": 0.0
}
[orchestrator] === dqn_qoe rep_seed961 batch 1 (2 episodes, batch_seed=961001, 2/5 done so far) ===
[orchestrator] $ bash /home/kmanojp/oranslice_rig/experiments/scripts/health_check.sh
[health] FAIL: UE1 (embb) unreachable
[health] FAIL: UE2 (mmtc) unreachable
[health] FAIL: UE3 (urllc) unreachable
[orchestrator] health check failed, restarting stack (attempt 1)
[orchestrator] $ bash /home/kmanojp/oranslice_rig/experiments/scripts/restart_ran_stack.sh
[restart] stopping all RAN processes and tmux sessions
/home/kmanojp/oranslice_rig/experiments/scripts/restart_ran_stack.sh: line 23: 207711 Killed                  sudo pkill -9 -f "nr-uesoftmodem" 2> /dev/null
/home/kmanojp/oranslice_rig/experiments/scripts/restart_ran_stack.sh: line 24: 207713 Killed                  sudo pkill -9 -f "nr-softmodem" 2> /dev/null
[restart] confirmed clean: no RAN processes running
[restart] launching gNB
[restart] gNB up, E2 agent alive
[restart] launching UE1 (embb, default netns)
[restart] UE1 attached
[restart] launching UE2 (mmtc, ue2ns)
[restart] UE2 attached
[restart] launching UE3 (urllc, ue3ns)
[restart] UE3 attached
[restart] verifying connectivity all 3 UEs
[restart] SUCCESS: all 3 UEs attached and reachable
[orchestrator] $ bash /home/kmanojp/oranslice_rig/experiments/scripts/health_check.sh
[health] OK: all 3 UEs reachable, 16 RAN processes alive, no recent segfault
[orchestrator] $ python3 /home/kmanojp/oranslice_rig/framework/qoe_oran_framework/xapp/saclb_xapp.py --config /home/kmanojp/oranslice_rig/experiments/configs/saclb_campaign_v2.yaml --algorithm dqn --checkpoint /home/kmanojp/oranslice_rig/experiments/results/offline_v2/qoe/seed256/dqn/offline_closed_loop/rep_0/checkpoint.pt --gnb-id gnb-0 --episodes 2 --seed 961001 --run-id dqn_qoe_qoe_seed961_batch1 --omega-jsonl /home/kmanojp/oranslice_rig/experiments/results/live_campaign_v2/dqn_qoe/qoe/rep_seed961/omega_log.jsonl --reward-mode qoe
[dqn_qoe_qoe_seed961_batch1] talking to gNB E2 agent (listen=6600, gNB=6655)...

Omega log: /home/kmanojp/oranslice_rig/experiments/results/live_campaign_v2/dqn_qoe/qoe/rep_seed961/omega_log.jsonl
{
  "run_id": "dqn_qoe_qoe_seed961_batch1",
  "algorithm": "dqn",
  "mode": "live_testbed",
  "seed": 961001,
  "n_episodes": 2,
  "mean_reward_per_step": 0.6162138620879913,
  "mean_blocks_per_episode": 117.5,
  "mean_urllc_blocks_per_episode": 42.5,
  "blocks_per_episode": [
    115,
    120
  ],
  "blocks_per_episode_by_slice": [
    {
      "mmtc": 44,
      "embb": 36,
      "urllc": 35
    },
    {
      "mmtc": 42,
      "urllc": 50,
      "embb": 28
    }
  ],
  "mean_rho": null,
  "omega_path": "/home/kmanojp/oranslice_rig/experiments/results/live_campaign_v2/dqn_qoe/qoe/rep_seed961/omega_log.jsonl",
  "checkpoint_path": "",
  "drift_flag": true,
  "drift_reason": "mean URLLC block rate 42.50/episode exceeds 2x the 1.0/episode acceptance bar",
  "sla_compliance_by_slice": {
    "embb": 1.0,
    "urllc": 1.0,
    "mmtc": 1.0
  },
  "sla_compliance_all_slices": 1.0,
  "sla_compliance_by_slice_per_episode": [
    {
      "embb": 1.0,
      "urllc": 1.0,
      "mmtc": 1.0
    },
    {
      "embb": 1.0,
      "urllc": 1.0,
      "mmtc": 1.0
    }
  ],
  "sla_margin_by_slice": {
    "embb": 0.7299999965336372,
    "urllc": 0.7197974473633808,
    "mmtc": 0.7049994947071956
  },
  "sla_margin_by_slice_per_episode": [
    {
      "embb": 0.7599999930672741,
      "urllc": 0.7395948947267611,
      "mmtc": 0.7099989894143908
    },
    {
      "embb": 0.7000000000000004,
      "urllc": 0.7000000000000004,
      "mmtc": 0.7000000000000004
    }
  ],
  "mean_mos_by_slice": {
    "embb": 2.1711423973242443,
    "urllc": 3.488684207201004,
    "mmtc": 4.755739740530649
  },
  "mean_cost": 0.008750000000000003,
  "mean_sla_viol": 0.0
}
[orchestrator] === dqn_qoe rep_seed961 batch 2 (1 episodes, batch_seed=961002, 4/5 done so far) ===
[orchestrator] $ bash /home/kmanojp/oranslice_rig/experiments/scripts/health_check.sh
[health] FAIL: UE1 (embb) unreachable
[health] FAIL: UE2 (mmtc) unreachable
[health] FAIL: UE3 (urllc) unreachable
[orchestrator] health check failed, restarting stack (attempt 1)
[orchestrator] $ bash /home/kmanojp/oranslice_rig/experiments/scripts/restart_ran_stack.sh
[restart] stopping all RAN processes and tmux sessions
/home/kmanojp/oranslice_rig/experiments/scripts/restart_ran_stack.sh: line 23: 213154 Killed                  sudo pkill -9 -f "nr-uesoftmodem" 2> /dev/null
/home/kmanojp/oranslice_rig/experiments/scripts/restart_ran_stack.sh: line 24: 213158 Killed                  sudo pkill -9 -f "nr-softmodem" 2> /dev/null
[restart] confirmed clean: no RAN processes running
[restart] launching gNB
[restart] gNB up, E2 agent alive
[restart] launching UE1 (embb, default netns)
[restart] UE1 attached
[restart] launching UE2 (mmtc, ue2ns)
[restart] UE2 attached
[restart] launching UE3 (urllc, ue3ns)
[restart] UE3 attached
[restart] verifying connectivity all 3 UEs
[restart] SUCCESS: all 3 UEs attached and reachable
[orchestrator] $ bash /home/kmanojp/oranslice_rig/experiments/scripts/health_check.sh
[health] OK: all 3 UEs reachable, 16 RAN processes alive, no recent segfault
[orchestrator] $ python3 /home/kmanojp/oranslice_rig/framework/qoe_oran_framework/xapp/saclb_xapp.py --config /home/kmanojp/oranslice_rig/experiments/configs/saclb_campaign_v2.yaml --algorithm dqn --checkpoint /home/kmanojp/oranslice_rig/experiments/results/offline_v2/qoe/seed256/dqn/offline_closed_loop/rep_0/checkpoint.pt --gnb-id gnb-0 --episodes 1 --seed 961002 --run-id dqn_qoe_qoe_seed961_batch2 --omega-jsonl /home/kmanojp/oranslice_rig/experiments/results/live_campaign_v2/dqn_qoe/qoe/rep_seed961/omega_log.jsonl --reward-mode qoe
[dqn_qoe_qoe_seed961_batch2] talking to gNB E2 agent (listen=6600, gNB=6655)...

Omega log: /home/kmanojp/oranslice_rig/experiments/results/live_campaign_v2/dqn_qoe/qoe/rep_seed961/omega_log.jsonl
{
  "run_id": "dqn_qoe_qoe_seed961_batch2",
  "algorithm": "dqn",
  "mode": "live_testbed",
  "seed": 961002,
  "n_episodes": 1,
  "mean_reward_per_step": 0.5897305349641379,
  "mean_blocks_per_episode": 113.0,
  "mean_urllc_blocks_per_episode": 33.0,
  "blocks_per_episode": [
    113
  ],
  "blocks_per_episode_by_slice": [
    {
      "mmtc": 45,
      "embb": 35,
      "urllc": 33
    }
  ],
  "mean_rho": null,
  "omega_path": "/home/kmanojp/oranslice_rig/experiments/results/live_campaign_v2/dqn_qoe/qoe/rep_seed961/omega_log.jsonl",
  "checkpoint_path": "",
  "drift_flag": true,
  "drift_reason": "mean URLLC block rate 33.00/episode exceeds 2x the 1.0/episode acceptance bar",
  "sla_compliance_by_slice": {
    "embb": 1.0,
    "urllc": 1.0,
    "mmtc": 1.0
  },
  "sla_compliance_all_slices": 1.0,
  "sla_compliance_by_slice_per_episode": [
    {
      "embb": 1.0,
      "urllc": 1.0,
      "mmtc": 1.0
    }
  ],
  "sla_margin_by_slice": {
    "embb": 0.7749999941132664,
    "urllc": 0.7394263941422109,
    "mmtc": 0.7099986137370194
  },
  "sla_margin_by_slice_per_episode": [
    {
      "embb": 0.7749999941132664,
      "urllc": 0.7394263941422109,
      "mmtc": 0.7099986137370194
    }
  ],
  "mean_mos_by_slice": {
    "embb": 2.1711005767186484,
    "urllc": 3.200908696651459,
    "mmtc": 4.758757146199544
  },
  "mean_cost": 0.022500000000000003,
  "mean_sla_viol": 0.0
}
[orchestrator] DONE: 5/5 episodes completed for dqn_qoe rep_seed961. omega log: /home/kmanojp/oranslice_rig/experiments/results/live_campaign_v2/dqn_qoe/qoe/rep_seed961/omega_log.jsonl
=== 21:45:59 DONE arm=dqn_qoe seed=961 (1760s, 1 attempt(s)) ===
=== 21:45:59 DRAIN before arm=static_at_cap seed=961 ===
     rnti=12596: mean=5.00 PRB  max=5.00  n=10
     rnti=22537: mean=5.00 PRB  max=5.00  n=10
     rnti=56842: mean=5.00 PRB  max=5.00  n=10

Done. NEVER send SUBSCRIPTION-type messages: still assert(0!=0) in handle_subscription() on this OAI base (verified 2026-07-14).
=== 21:46:34 RUN arm=static_at_cap seed=961 algo=baseline_static mode=sla episodes=5 ===
[orchestrator] === static_at_cap rep_seed961 batch 0 (2 episodes, batch_seed=961000, 0/5 done so far) ===
[orchestrator] $ bash /home/kmanojp/oranslice_rig/experiments/scripts/health_check.sh
[health] OK: all 3 UEs reachable, 16 RAN processes alive, no recent segfault
[orchestrator] $ python3 /home/kmanojp/oranslice_rig/experiments/scripts/run_baseline_static.py --config /home/kmanojp/oranslice_rig/experiments/configs/saclb_campaign_static_at_cap_v2.yaml --gnb-id gnb-0 --episodes 2 --seed 961000 --run-id static_at_cap_sla_seed961_batch0 --omega-jsonl /home/kmanojp/oranslice_rig/experiments/results/live_campaign_v2/static_at_cap/sla/rep_seed961/omega_log.jsonl --reward-mode sla
[static_at_cap_sla_seed961_batch0] baseline_static: talking to gNB E2 agent (listen=6600, gNB=6655)...

Omega log: /home/kmanojp/oranslice_rig/experiments/results/live_campaign_v2/static_at_cap/sla/rep_seed961/omega_log.jsonl
{
  "run_id": "static_at_cap_sla_seed961_batch0",
  "algorithm": "baseline_static",
  "mode": "live_testbed",
  "seed": 961000,
  "n_episodes": 2,
  "mean_reward_per_step": 5.319583333333334,
  "mean_blocks_per_episode": 0.0,
  "mean_urllc_blocks_per_episode": 0.0,
  "blocks_per_episode": [
    0,
    0
  ],
  "blocks_per_episode_by_slice": [
    {},
    {}
  ],
  "mean_rho": null,
  "omega_path": "/home/kmanojp/oranslice_rig/experiments/results/live_campaign_v2/static_at_cap/sla/rep_seed961/omega_log.jsonl",
  "checkpoint_path": "",
  "drift_flag": false,
  "drift_reason": "",
  "sla_compliance_by_slice": {
    "embb": 1.0,
    "urllc": 1.0,
    "mmtc": 1.0
  },
  "sla_compliance_all_slices": 1.0,
  "sla_compliance_by_slice_per_episode": [
    {
      "embb": 1.0,
      "urllc": 1.0,
      "mmtc": 1.0
    },
    {
      "embb": 1.0,
      "urllc": 1.0,
      "mmtc": 1.0
    }
  ],
  "sla_margin_by_slice": {
    "embb": 0.9999999999943114,
    "urllc": 0.8074752395381323,
    "mmtc": 0.7324999070900116
  },
  "sla_margin_by_slice_per_episode": [
    {
      "embb": 0.9999999999886228,
      "urllc": 0.9149504790762641,
      "mmtc": 0.7649998141800228
    },
    {
      "embb": 1.0,
      "urllc": 0.7000000000000004,
      "mmtc": 0.7000000000000004
    }
  ],
  "mean_mos_by_slice": {
    "embb": 2.171316146850586,
    "urllc": 4.350688970088958,
    "mmtc": 4.773073597749074
  },
  "mean_cost": 0.3025,
  "mean_sla_viol": 0.0
}
[orchestrator] === static_at_cap rep_seed961 batch 1 (2 episodes, batch_seed=961001, 2/5 done so far) ===
[orchestrator] $ bash /home/kmanojp/oranslice_rig/experiments/scripts/health_check.sh
[health] FAIL: UE2 (mmtc) unreachable
[health] FAIL: UE3 (urllc) unreachable
[orchestrator] health check failed, restarting stack (attempt 1)
[orchestrator] $ bash /home/kmanojp/oranslice_rig/experiments/scripts/restart_ran_stack.sh
[restart] stopping all RAN processes and tmux sessions
/home/kmanojp/oranslice_rig/experiments/scripts/restart_ran_stack.sh: line 23: 221155 Killed                  sudo pkill -9 -f "nr-uesoftmodem" 2> /dev/null
/home/kmanojp/oranslice_rig/experiments/scripts/restart_ran_stack.sh: line 24: 221157 Killed                  sudo pkill -9 -f "nr-softmodem" 2> /dev/null
[restart] confirmed clean: no RAN processes running
[restart] launching gNB
[restart] gNB up, E2 agent alive
[restart] launching UE1 (embb, default netns)
[restart] UE1 attached
[restart] launching UE2 (mmtc, ue2ns)
[restart] UE2 attached
[restart] launching UE3 (urllc, ue3ns)
[restart] UE3 attached
[restart] verifying connectivity all 3 UEs
[restart] SUCCESS: all 3 UEs attached and reachable
[orchestrator] $ bash /home/kmanojp/oranslice_rig/experiments/scripts/health_check.sh
[health] OK: all 3 UEs reachable, 16 RAN processes alive, no recent segfault
[orchestrator] $ python3 /home/kmanojp/oranslice_rig/experiments/scripts/run_baseline_static.py --config /home/kmanojp/oranslice_rig/experiments/configs/saclb_campaign_static_at_cap_v2.yaml --gnb-id gnb-0 --episodes 2 --seed 961001 --run-id static_at_cap_sla_seed961_batch1 --omega-jsonl /home/kmanojp/oranslice_rig/experiments/results/live_campaign_v2/static_at_cap/sla/rep_seed961/omega_log.jsonl --reward-mode sla
[static_at_cap_sla_seed961_batch1] baseline_static: talking to gNB E2 agent (listen=6600, gNB=6655)...

Omega log: /home/kmanojp/oranslice_rig/experiments/results/live_campaign_v2/static_at_cap/sla/rep_seed961/omega_log.jsonl
{
  "run_id": "static_at_cap_sla_seed961_batch1",
  "algorithm": "baseline_static",
  "mode": "live_testbed",
  "seed": 961001,
  "n_episodes": 2,
  "mean_reward_per_step": 5.318750000000001,
  "mean_blocks_per_episode": 0.0,
  "mean_urllc_blocks_per_episode": 0.0,
  "blocks_per_episode": [
    0,
    0
  ],
  "blocks_per_episode_by_slice": [
    {},
    {}
  ],
  "mean_rho": null,
  "omega_path": "/home/kmanojp/oranslice_rig/experiments/results/live_campaign_v2/static_at_cap/sla/rep_seed961/omega_log.jsonl",
  "checkpoint_path": "",
  "drift_flag": false,
  "drift_reason": "",
  "sla_compliance_by_slice": {
    "embb": 1.0,
    "urllc": 1.0,
    "mmtc": 1.0
  },
  "sla_compliance_all_slices": 1.0,
  "sla_compliance_by_slice_per_episode": [
    {
      "embb": 1.0,
      "urllc": 1.0,
      "mmtc": 1.0
    },
    {
      "embb": 1.0,
      "urllc": 1.0,
      "mmtc": 1.0
    }
  ],
  "sla_margin_by_slice": {
    "embb": 0.9999999985947176,
    "urllc": 0.7221883574407552,
    "mmtc": 0.7074988832881393
  },
  "sla_margin_by_slice_per_episode": [
    {
      "embb": 0.9999999971894351,
      "urllc": 0.7394443000139053,
      "mmtc": 0.7149977665762781
    },
    {
      "embb": 1.0,
      "urllc": 0.704932414867605,
      "mmtc": 0.7000000000000004
    }
  ],
  "mean_mos_by_slice": {
    "embb": 2.171316146850586,
    "urllc": 3.1834725042184195,
    "mmtc": 4.75741016070048
  },
  "mean_cost": 0.3025,
  "mean_sla_viol": 0.0
}
[orchestrator] === static_at_cap rep_seed961 batch 2 (1 episodes, batch_seed=961002, 4/5 done so far) ===
[orchestrator] $ bash /home/kmanojp/oranslice_rig/experiments/scripts/health_check.sh
[health] FAIL: UE2 (mmtc) unreachable
[health] FAIL: UE3 (urllc) unreachable
[orchestrator] health check failed, restarting stack (attempt 1)
[orchestrator] $ bash /home/kmanojp/oranslice_rig/experiments/scripts/restart_ran_stack.sh
[restart] stopping all RAN processes and tmux sessions
/home/kmanojp/oranslice_rig/experiments/scripts/restart_ran_stack.sh: line 23: 226572 Killed                  sudo pkill -9 -f "nr-uesoftmodem" 2> /dev/null
/home/kmanojp/oranslice_rig/experiments/scripts/restart_ran_stack.sh: line 24: 226574 Killed                  sudo pkill -9 -f "nr-softmodem" 2> /dev/null
[restart] confirmed clean: no RAN processes running
[restart] launching gNB
[restart] gNB up, E2 agent alive
[restart] launching UE1 (embb, default netns)
[restart] UE1 attached
[restart] launching UE2 (mmtc, ue2ns)
[restart] UE2 attached
[restart] launching UE3 (urllc, ue3ns)
[restart] UE3 attached
[restart] verifying connectivity all 3 UEs
[restart] SUCCESS: all 3 UEs attached and reachable
[orchestrator] $ bash /home/kmanojp/oranslice_rig/experiments/scripts/health_check.sh
[health] OK: all 3 UEs reachable, 16 RAN processes alive, no recent segfault
[orchestrator] $ python3 /home/kmanojp/oranslice_rig/experiments/scripts/run_baseline_static.py --config /home/kmanojp/oranslice_rig/experiments/configs/saclb_campaign_static_at_cap_v2.yaml --gnb-id gnb-0 --episodes 1 --seed 961002 --run-id static_at_cap_sla_seed961_batch2 --omega-jsonl /home/kmanojp/oranslice_rig/experiments/results/live_campaign_v2/static_at_cap/sla/rep_seed961/omega_log.jsonl --reward-mode sla
[static_at_cap_sla_seed961_batch2] baseline_static: talking to gNB E2 agent (listen=6600, gNB=6655)...

Omega log: /home/kmanojp/oranslice_rig/experiments/results/live_campaign_v2/static_at_cap/sla/rep_seed961/omega_log.jsonl
{
  "run_id": "static_at_cap_sla_seed961_batch2",
  "algorithm": "baseline_static",
  "mode": "live_testbed",
  "seed": 961002,
  "n_episodes": 1,
  "mean_reward_per_step": 5.1025,
  "mean_blocks_per_episode": 0.0,
  "mean_urllc_blocks_per_episode": 0.0,
  "blocks_per_episode": [
    0
  ],
  "blocks_per_episode_by_slice": [
    {}
  ],
  "mean_rho": null,
  "omega_path": "/home/kmanojp/oranslice_rig/experiments/results/live_campaign_v2/static_at_cap/sla/rep_seed961/omega_log.jsonl",
  "checkpoint_path": "",
  "drift_flag": false,
  "drift_reason": "",
  "sla_compliance_by_slice": {
    "embb": 1.0,
    "urllc": 1.0,
    "mmtc": 1.0
  },
  "sla_compliance_all_slices": 1.0,
  "sla_compliance_by_slice_per_episode": [
    {
      "embb": 1.0,
      "urllc": 1.0,
      "mmtc": 1.0
    }
  ],
  "sla_margin_by_slice": {
    "embb": 0.9999999965460621,
    "urllc": 0.7345118851463005,
    "mmtc": 0.7249959781257318
  },
  "sla_margin_by_slice_per_episode": [
    {
      "embb": 0.9999999965460621,
      "urllc": 0.7345118851463005,
      "mmtc": 0.7249959781257318
    }
  ],
  "mean_mos_by_slice": {
    "embb": 2.171316146850586,
    "urllc": 3.2242040236790976,
    "mmtc": 4.768343989054362
  },
  "mean_cost": 0.3050000000000001,
  "mean_sla_viol": 0.0
}
[orchestrator] DONE: 5/5 episodes completed for static_at_cap rep_seed961. omega log: /home/kmanojp/oranslice_rig/experiments/results/live_campaign_v2/static_at_cap/sla/rep_seed961/omega_log.jsonl
=== 22:15:05 DONE arm=static_at_cap seed=961 (1746s, 1 attempt(s)) ===
=== seed=962 episodes=5 arm_order=dqn_sla dqn_qoe static_at_cap baseline ===
=== 22:15:05 DRAIN before arm=dqn_sla seed=962 ===
     rnti=20835: mean=5.00 PRB  max=5.00  n=10
     rnti=52988: mean=5.00 PRB  max=5.00  n=10
     rnti=53468: mean=5.00 PRB  max=5.00  n=10

Done. NEVER send SUBSCRIPTION-type messages: still assert(0!=0) in handle_subscription() on this OAI base (verified 2026-07-14).
=== 22:15:40 RUN arm=dqn_sla seed=962 algo=dqn mode=sla episodes=5 ===
[orchestrator] === dqn_sla rep_seed962 batch 0 (2 episodes, batch_seed=962000, 0/5 done so far) ===
[orchestrator] $ bash /home/kmanojp/oranslice_rig/experiments/scripts/health_check.sh
[health] OK: all 3 UEs reachable, 16 RAN processes alive, no recent segfault
[orchestrator] $ python3 /home/kmanojp/oranslice_rig/framework/qoe_oran_framework/xapp/saclb_xapp.py --config /home/kmanojp/oranslice_rig/experiments/configs/saclb_campaign_v2.yaml --algorithm dqn --checkpoint /home/kmanojp/oranslice_rig/experiments/results/offline_v2/sla/seed256/dqn/offline_closed_loop/rep_0/checkpoint.pt --gnb-id gnb-0 --episodes 2 --seed 962000 --run-id dqn_sla_sla_seed962_batch0 --omega-jsonl /home/kmanojp/oranslice_rig/experiments/results/live_campaign_v2/dqn_sla/sla/rep_seed962/omega_log.jsonl --reward-mode sla
[dqn_sla_sla_seed962_batch0] talking to gNB E2 agent (listen=6600, gNB=6655)...

Omega log: /home/kmanojp/oranslice_rig/experiments/results/live_campaign_v2/dqn_sla/sla/rep_seed962/omega_log.jsonl
{
  "run_id": "dqn_sla_sla_seed962_batch0",
  "algorithm": "dqn",
  "mode": "live_testbed",
  "seed": 962000,
  "n_episodes": 2,
  "mean_reward_per_step": 0.0,
  "mean_blocks_per_episode": 121.0,
  "mean_urllc_blocks_per_episode": 49.5,
  "blocks_per_episode": [
    122,
    120
  ],
  "blocks_per_episode_by_slice": [
    {
      "mmtc": 34,
      "urllc": 52,
      "embb": 36
    },
    {
      "urllc": 47,
      "mmtc": 41,
      "embb": 32
    }
  ],
  "mean_rho": null,
  "omega_path": "/home/kmanojp/oranslice_rig/experiments/results/live_campaign_v2/dqn_sla/sla/rep_seed962/omega_log.jsonl",
  "checkpoint_path": "",
  "drift_flag": true,
  "drift_reason": "mean URLLC block rate 49.50/episode exceeds 2x the 1.0/episode acceptance bar",
  "sla_compliance_by_slice": {
    "embb": 1.0,
    "urllc": 1.0,
    "mmtc": 1.0
  },
  "sla_compliance_all_slices": 1.0,
  "sla_compliance_by_slice_per_episode": [
    {
      "embb": 1.0,
      "urllc": 1.0,
      "mmtc": 1.0
    },
    {
      "embb": 1.0,
      "urllc": 1.0,
      "mmtc": 1.0
    }
  ],
  "sla_margin_by_slice": {
    "embb": 0.7275000000000005,
    "urllc": 0.7499898993351362,
    "mmtc": 0.7999997710666933
  },
  "sla_margin_by_slice_per_episode": [
    {
      "embb": 0.7550000000000006,
      "urllc": 0.799979798670272,
      "mmtc": 0.8999995421333862
    },
    {
      "embb": 0.7000000000000004,
      "urllc": 0.7000000000000004,
      "mmtc": 0.7000000000000004
    }
  ],
  "mean_mos_by_slice": {
    "embb": 2.171141348282496,
    "urllc": 4.206477475166321,
    "mmtc": 4.815986061096192
  },
  "mean_cost": 0.0,
  "mean_sla_viol": 0.0
}
[orchestrator] === dqn_sla rep_seed962 batch 1 (2 episodes, batch_seed=962001, 2/5 done so far) ===
[orchestrator] $ bash /home/kmanojp/oranslice_rig/experiments/scripts/health_check.sh
[health] FAIL: UE1 (embb) unreachable
[health] FAIL: UE2 (mmtc) unreachable
[health] FAIL: UE3 (urllc) unreachable
[orchestrator] health check failed, restarting stack (attempt 1)
[orchestrator] $ bash /home/kmanojp/oranslice_rig/experiments/scripts/restart_ran_stack.sh
[restart] stopping all RAN processes and tmux sessions
/home/kmanojp/oranslice_rig/experiments/scripts/restart_ran_stack.sh: line 23: 234646 Killed                  sudo pkill -9 -f "nr-uesoftmodem" 2> /dev/null
/home/kmanojp/oranslice_rig/experiments/scripts/restart_ran_stack.sh: line 24: 234648 Killed                  sudo pkill -9 -f "nr-softmodem" 2> /dev/null
[restart] confirmed clean: no RAN processes running
[restart] launching gNB
[restart] gNB up, E2 agent alive
[restart] launching UE1 (embb, default netns)
[restart] UE1 attached
[restart] launching UE2 (mmtc, ue2ns)
[restart] UE2 attached
[restart] launching UE3 (urllc, ue3ns)
[restart] UE3 attached
[restart] verifying connectivity all 3 UEs
[restart] SUCCESS: all 3 UEs attached and reachable
[orchestrator] $ bash /home/kmanojp/oranslice_rig/experiments/scripts/health_check.sh
[health] FAIL: UE1 (embb) unreachable
[orchestrator] health check failed, restarting stack (attempt 2)
[orchestrator] $ bash /home/kmanojp/oranslice_rig/experiments/scripts/restart_ran_stack.sh
[restart] stopping all RAN processes and tmux sessions
/home/kmanojp/oranslice_rig/experiments/scripts/restart_ran_stack.sh: line 23: 235562 Killed                  sudo pkill -9 -f "nr-uesoftmodem" 2> /dev/null
/home/kmanojp/oranslice_rig/experiments/scripts/restart_ran_stack.sh: line 24: 235564 Killed                  sudo pkill -9 -f "nr-softmodem" 2> /dev/null
[restart] confirmed clean: no RAN processes running
[restart] launching gNB
[restart] gNB up, E2 agent alive
[restart] launching UE1 (embb, default netns)
[restart] UE1 attached
[restart] launching UE2 (mmtc, ue2ns)
[restart] UE2 attached
[restart] launching UE3 (urllc, ue3ns)
[restart] UE3 attached
[restart] verifying connectivity all 3 UEs
[restart] SUCCESS: all 3 UEs attached and reachable
[orchestrator] $ bash /home/kmanojp/oranslice_rig/experiments/scripts/health_check.sh
[health] OK: all 3 UEs reachable, 16 RAN processes alive, no recent segfault
[orchestrator] $ python3 /home/kmanojp/oranslice_rig/framework/qoe_oran_framework/xapp/saclb_xapp.py --config /home/kmanojp/oranslice_rig/experiments/configs/saclb_campaign_v2.yaml --algorithm dqn --checkpoint /home/kmanojp/oranslice_rig/experiments/results/offline_v2/sla/seed256/dqn/offline_closed_loop/rep_0/checkpoint.pt --gnb-id gnb-0 --episodes 2 --seed 962001 --run-id dqn_sla_sla_seed962_batch1 --omega-jsonl /home/kmanojp/oranslice_rig/experiments/results/live_campaign_v2/dqn_sla/sla/rep_seed962/omega_log.jsonl --reward-mode sla
[dqn_sla_sla_seed962_batch1] talking to gNB E2 agent (listen=6600, gNB=6655)...

Omega log: /home/kmanojp/oranslice_rig/experiments/results/live_campaign_v2/dqn_sla/sla/rep_seed962/omega_log.jsonl
{
  "run_id": "dqn_sla_sla_seed962_batch1",
  "algorithm": "dqn",
  "mode": "live_testbed",
  "seed": 962001,
  "n_episodes": 2,
  "mean_reward_per_step": 0.0,
  "mean_blocks_per_episode": 121.0,
  "mean_urllc_blocks_per_episode": 31.5,
  "blocks_per_episode": [
    122,
    120
  ],
  "blocks_per_episode_by_slice": [
    {
      "mmtc": 49,
      "urllc": 25,
      "embb": 48
    },
    {
      "embb": 42,
      "urllc": 38,
      "mmtc": 40
    }
  ],
  "mean_rho": null,
  "omega_path": "/home/kmanojp/oranslice_rig/experiments/results/live_campaign_v2/dqn_sla/sla/rep_seed962/omega_log.jsonl",
  "checkpoint_path": "",
  "drift_flag": true,
  "drift_reason": "mean URLLC block rate 31.50/episode exceeds 2x the 1.0/episode acceptance bar",
  "sla_compliance_by_slice": {
    "embb": 1.0,
    "urllc": 1.0,
    "mmtc": 1.0
  },
  "sla_compliance_all_slices": 1.0,
  "sla_compliance_by_slice_per_episode": [
    {
      "embb": 1.0,
      "urllc": 1.0,
      "mmtc": 1.0
    },
    {
      "embb": 1.0,
      "urllc": 1.0,
      "mmtc": 1.0
    }
  ],
  "sla_margin_by_slice": {
    "embb": 0.7324999937967718,
    "urllc": 0.7172559425731504,
    "mmtc": 0.709998374135924
  },
  "sla_margin_by_slice_per_episode": [
    {
      "embb": 0.7649999875935433,
      "urllc": 0.7345118851463005,
      "mmtc": 0.7199967482718477
    },
    {
      "embb": 0.7000000000000004,
      "urllc": 0.7000000000000004,
      "mmtc": 0.7000000000000004
    }
  ],
  "mean_mos_by_slice": {
    "embb": 2.17114440202713,
    "urllc": 3.1671854058901467,
    "mmtc": 4.759025597572327
  },
  "mean_cost": 0.0,
  "mean_sla_viol": 0.0
}
[orchestrator] === dqn_sla rep_seed962 batch 2 (1 episodes, batch_seed=962002, 4/5 done so far) ===
[orchestrator] $ bash /home/kmanojp/oranslice_rig/experiments/scripts/health_check.sh
[health] FAIL: UE1 (embb) unreachable
[health] FAIL: UE2 (mmtc) unreachable
[health] FAIL: UE3 (urllc) unreachable
[orchestrator] health check failed, restarting stack (attempt 1)
[orchestrator] $ bash /home/kmanojp/oranslice_rig/experiments/scripts/restart_ran_stack.sh
[restart] stopping all RAN processes and tmux sessions
/home/kmanojp/oranslice_rig/experiments/scripts/restart_ran_stack.sh: line 23: 240991 Killed                  sudo pkill -9 -f "nr-uesoftmodem" 2> /dev/null
/home/kmanojp/oranslice_rig/experiments/scripts/restart_ran_stack.sh: line 24: 240993 Killed                  sudo pkill -9 -f "nr-softmodem" 2> /dev/null
[restart] confirmed clean: no RAN processes running
[restart] launching gNB
[restart] gNB up, E2 agent alive
[restart] launching UE1 (embb, default netns)
[restart] UE1 attached
[restart] launching UE2 (mmtc, ue2ns)
[restart] UE2 attached
[restart] launching UE3 (urllc, ue3ns)
[restart] UE3 attached
[restart] verifying connectivity all 3 UEs
[restart] SUCCESS: all 3 UEs attached and reachable
[orchestrator] $ bash /home/kmanojp/oranslice_rig/experiments/scripts/health_check.sh
[health] OK: all 3 UEs reachable, 16 RAN processes alive, no recent segfault
[orchestrator] $ python3 /home/kmanojp/oranslice_rig/framework/qoe_oran_framework/xapp/saclb_xapp.py --config /home/kmanojp/oranslice_rig/experiments/configs/saclb_campaign_v2.yaml --algorithm dqn --checkpoint /home/kmanojp/oranslice_rig/experiments/results/offline_v2/sla/seed256/dqn/offline_closed_loop/rep_0/checkpoint.pt --gnb-id gnb-0 --episodes 1 --seed 962002 --run-id dqn_sla_sla_seed962_batch2 --omega-jsonl /home/kmanojp/oranslice_rig/experiments/results/live_campaign_v2/dqn_sla/sla/rep_seed962/omega_log.jsonl --reward-mode sla
[dqn_sla_sla_seed962_batch2] talking to gNB E2 agent (listen=6600, gNB=6655)...

Omega log: /home/kmanojp/oranslice_rig/experiments/results/live_campaign_v2/dqn_sla/sla/rep_seed962/omega_log.jsonl
{
  "run_id": "dqn_sla_sla_seed962_batch2",
  "algorithm": "dqn",
  "mode": "live_testbed",
  "seed": 962002,
  "n_episodes": 1,
  "mean_reward_per_step": 0.0,
  "mean_blocks_per_episode": 122.0,
  "mean_urllc_blocks_per_episode": 47.0,
  "blocks_per_episode": [
    122
  ],
  "blocks_per_episode_by_slice": [
    {
      "mmtc": 34,
      "urllc": 47,
      "embb": 41
    }
  ],
  "mean_rho": null,
  "omega_path": "/home/kmanojp/oranslice_rig/experiments/results/live_campaign_v2/dqn_sla/sla/rep_seed962/omega_log.jsonl",
  "checkpoint_path": "",
  "drift_flag": true,
  "drift_reason": "mean URLLC block rate 47.00/episode exceeds 2x the 1.0/episode acceptance bar",
  "sla_compliance_by_slice": {
    "embb": 1.0,
    "urllc": 1.0,
    "mmtc": 1.0
  },
  "sla_compliance_all_slices": 1.0,
  "sla_compliance_by_slice_per_episode": [
    {
      "embb": 1.0,
      "urllc": 1.0,
      "mmtc": 1.0
    }
  ],
  "sla_margin_by_slice": {
    "embb": 0.7599999924757463,
    "urllc": 0.7444390434119855,
    "mmtc": 0.7199973661004336
  },
  "sla_margin_by_slice_per_episode": [
    {
      "embb": 0.7599999924757463,
      "urllc": 0.7444390434119855,
      "mmtc": 0.7199973661004336
    }
  ],
  "mean_mos_by_slice": {
    "embb": 2.171094290415446,
    "urllc": 3.4036723176638284,
    "mmtc": 4.765115237236023
  },
  "mean_cost": 0.0,
  "mean_sla_viol": 0.0
}
[orchestrator] DONE: 5/5 episodes completed for dqn_sla rep_seed962. omega log: /home/kmanojp/oranslice_rig/experiments/results/live_campaign_v2/dqn_sla/sla/rep_seed962/omega_log.jsonl
=== 22:45:56 DONE arm=dqn_sla seed=962 (1851s, 1 attempt(s)) ===
=== 22:45:56 DRAIN before arm=dqn_qoe seed=962 ===
     rnti=4744: mean=5.00 PRB  max=5.00  n=10
     rnti=13761: mean=5.00 PRB  max=5.00  n=10
     rnti=49636: mean=5.00 PRB  max=5.00  n=10

Done. NEVER send SUBSCRIPTION-type messages: still assert(0!=0) in handle_subscription() on this OAI base (verified 2026-07-14).
=== 22:46:31 RUN arm=dqn_qoe seed=962 algo=dqn mode=qoe episodes=5 ===
[orchestrator] === dqn_qoe rep_seed962 batch 0 (2 episodes, batch_seed=962000, 0/5 done so far) ===
[orchestrator] $ bash /home/kmanojp/oranslice_rig/experiments/scripts/health_check.sh
[health] OK: all 3 UEs reachable, 16 RAN processes alive, no recent segfault
[orchestrator] $ python3 /home/kmanojp/oranslice_rig/framework/qoe_oran_framework/xapp/saclb_xapp.py --config /home/kmanojp/oranslice_rig/experiments/configs/saclb_campaign_v2.yaml --algorithm dqn --checkpoint /home/kmanojp/oranslice_rig/experiments/results/offline_v2/qoe/seed256/dqn/offline_closed_loop/rep_0/checkpoint.pt --gnb-id gnb-0 --episodes 2 --seed 962000 --run-id dqn_qoe_qoe_seed962_batch0 --omega-jsonl /home/kmanojp/oranslice_rig/experiments/results/live_campaign_v2/dqn_qoe/qoe/rep_seed962/omega_log.jsonl --reward-mode qoe
[dqn_qoe_qoe_seed962_batch0] talking to gNB E2 agent (listen=6600, gNB=6655)...

Omega log: /home/kmanojp/oranslice_rig/experiments/results/live_campaign_v2/dqn_qoe/qoe/rep_seed962/omega_log.jsonl
{
  "run_id": "dqn_qoe_qoe_seed962_batch0",
  "algorithm": "dqn",
  "mode": "live_testbed",
  "seed": 962000,
  "n_episodes": 2,
  "mean_reward_per_step": 0.6776669912338256,
  "mean_blocks_per_episode": 82.0,
  "mean_urllc_blocks_per_episode": 27.0,
  "blocks_per_episode": [
    44,
    120
  ],
  "blocks_per_episode_by_slice": [
    {
      "embb": 16,
      "mmtc": 21,
      "urllc": 7
    },
    {
      "urllc": 47,
      "mmtc": 41,
      "embb": 32
    }
  ],
  "mean_rho": null,
  "omega_path": "/home/kmanojp/oranslice_rig/experiments/results/live_campaign_v2/dqn_qoe/qoe/rep_seed962/omega_log.jsonl",
  "checkpoint_path": "",
  "drift_flag": true,
  "drift_reason": "mean URLLC block rate 27.00/episode exceeds 2x the 1.0/episode acceptance bar",
  "sla_compliance_by_slice": {
    "embb": 1.0,
    "urllc": 1.0,
    "mmtc": 1.0
  },
  "sla_compliance_all_slices": 1.0,
  "sla_compliance_by_slice_per_episode": [
    {
      "embb": 1.0,
      "urllc": 1.0,
      "mmtc": 1.0
    },
    {
      "embb": 1.0,
      "urllc": 1.0,
      "mmtc": 1.0
    }
  ],
  "sla_margin_by_slice": {
    "embb": 0.9999999999851039,
    "urllc": 0.8249774233499318,
    "mmtc": 0.7749998451854423
  },
  "sla_margin_by_slice_per_episode": [
    {
      "embb": 0.9999999999702079,
      "urllc": 0.9499548466998633,
      "mmtc": 0.8499996903708842
    },
    {
      "embb": 1.0,
      "urllc": 0.7000000000000004,
      "mmtc": 0.7000000000000004
    }
  ],
  "mean_mos_by_slice": {
    "embb": 2.171316146850586,
    "urllc": 4.3945963422457375,
    "mmtc": 4.800091405709584
  },
  "mean_cost": 0.0975,
  "mean_sla_viol": 0.0
}
[orchestrator] === dqn_qoe rep_seed962 batch 1 (2 episodes, batch_seed=962001, 2/5 done so far) ===
[orchestrator] $ bash /home/kmanojp/oranslice_rig/experiments/scripts/health_check.sh
[health] FAIL: UE1 (embb) unreachable
[health] FAIL: UE2 (mmtc) unreachable
[health] FAIL: UE3 (urllc) unreachable
[orchestrator] health check failed, restarting stack (attempt 1)
[orchestrator] $ bash /home/kmanojp/oranslice_rig/experiments/scripts/restart_ran_stack.sh
[restart] stopping all RAN processes and tmux sessions
/home/kmanojp/oranslice_rig/experiments/scripts/restart_ran_stack.sh: line 23: 249030 Killed                  sudo pkill -9 -f "nr-uesoftmodem" 2> /dev/null
/home/kmanojp/oranslice_rig/experiments/scripts/restart_ran_stack.sh: line 24: 249032 Killed                  sudo pkill -9 -f "nr-softmodem" 2> /dev/null
[restart] confirmed clean: no RAN processes running
[restart] launching gNB
[restart] gNB up, E2 agent alive
[restart] launching UE1 (embb, default netns)
[restart] UE1 attached
[restart] launching UE2 (mmtc, ue2ns)
[restart] UE2 attached
[restart] launching UE3 (urllc, ue3ns)
[restart] UE3 attached
[restart] verifying connectivity all 3 UEs
[restart] SUCCESS: all 3 UEs attached and reachable
[orchestrator] $ bash /home/kmanojp/oranslice_rig/experiments/scripts/health_check.sh
[health] OK: all 3 UEs reachable, 16 RAN processes alive, no recent segfault
[orchestrator] $ python3 /home/kmanojp/oranslice_rig/framework/qoe_oran_framework/xapp/saclb_xapp.py --config /home/kmanojp/oranslice_rig/experiments/configs/saclb_campaign_v2.yaml --algorithm dqn --checkpoint /home/kmanojp/oranslice_rig/experiments/results/offline_v2/qoe/seed256/dqn/offline_closed_loop/rep_0/checkpoint.pt --gnb-id gnb-0 --episodes 2 --seed 962001 --run-id dqn_qoe_qoe_seed962_batch1 --omega-jsonl /home/kmanojp/oranslice_rig/experiments/results/live_campaign_v2/dqn_qoe/qoe/rep_seed962/omega_log.jsonl --reward-mode qoe
[dqn_qoe_qoe_seed962_batch1] talking to gNB E2 agent (listen=6600, gNB=6655)...

Omega log: /home/kmanojp/oranslice_rig/experiments/results/live_campaign_v2/dqn_qoe/qoe/rep_seed962/omega_log.jsonl
{
  "run_id": "dqn_qoe_qoe_seed962_batch1",
  "algorithm": "dqn",
  "mode": "live_testbed",
  "seed": 962001,
  "n_episodes": 2,
  "mean_reward_per_step": 0.6078725747730994,
  "mean_blocks_per_episode": 117.0,
  "mean_urllc_blocks_per_episode": 30.0,
  "blocks_per_episode": [
    114,
    120
  ],
  "blocks_per_episode_by_slice": [
    {
      "mmtc": 47,
      "embb": 45,
      "urllc": 22
    },
    {
      "embb": 42,
      "urllc": 38,
      "mmtc": 40
    }
  ],
  "mean_rho": null,
  "omega_path": "/home/kmanojp/oranslice_rig/experiments/results/live_campaign_v2/dqn_qoe/qoe/rep_seed962/omega_log.jsonl",
  "checkpoint_path": "",
  "drift_flag": true,
  "drift_reason": "mean URLLC block rate 30.00/episode exceeds 2x the 1.0/episode acceptance bar",
  "sla_compliance_by_slice": {
    "embb": 1.0,
    "urllc": 1.0,
    "mmtc": 1.0
  },
  "sla_compliance_all_slices": 1.0,
  "sla_compliance_by_slice_per_episode": [
    {
      "embb": 1.0,
      "urllc": 1.0,
      "mmtc": 1.0
    },
    {
      "embb": 1.0,
      "urllc": 1.0,
      "mmtc": 1.0
    }
  ],
  "sla_margin_by_slice": {
    "embb": 0.7324999967421697,
    "urllc": 0.7173023134927891,
    "mmtc": 0.7049991442820399
  },
  "sla_margin_by_slice_per_episode": [
    {
      "embb": 0.7649999934843389,
      "urllc": 0.7346046269855777,
      "mmtc": 0.7099982885640794
    },
    {
      "embb": 0.7000000000000004,
      "urllc": 0.7000000000000004,
      "mmtc": 0.7000000000000004
    }
  ],
  "mean_mos_by_slice": {
    "embb": 2.171143448352814,
    "urllc": 3.391480960448583,
    "mmtc": 4.755846488475799
  },
  "mean_cost": 0.010000000000000002,
  "mean_sla_viol": 0.0
}
[orchestrator] === dqn_qoe rep_seed962 batch 2 (1 episodes, batch_seed=962002, 4/5 done so far) ===
[orchestrator] $ bash /home/kmanojp/oranslice_rig/experiments/scripts/health_check.sh
[health] FAIL: UE1 (embb) unreachable
[health] FAIL: UE2 (mmtc) unreachable
[health] FAIL: UE3 (urllc) unreachable
[orchestrator] health check failed, restarting stack (attempt 1)
[orchestrator] $ bash /home/kmanojp/oranslice_rig/experiments/scripts/restart_ran_stack.sh
[restart] stopping all RAN processes and tmux sessions
/home/kmanojp/oranslice_rig/experiments/scripts/restart_ran_stack.sh: line 23: 254599 Killed                  sudo pkill -9 -f "nr-uesoftmodem" 2> /dev/null
/home/kmanojp/oranslice_rig/experiments/scripts/restart_ran_stack.sh: line 24: 254601 Killed                  sudo pkill -9 -f "nr-softmodem" 2> /dev/null
[restart] confirmed clean: no RAN processes running
[restart] launching gNB
[restart] gNB up, E2 agent alive
[restart] launching UE1 (embb, default netns)
[restart] UE1 attached
[restart] launching UE2 (mmtc, ue2ns)
[restart] UE2 attached
[restart] launching UE3 (urllc, ue3ns)
[restart] UE3 attached
[restart] verifying connectivity all 3 UEs
[restart] SUCCESS: all 3 UEs attached and reachable
[orchestrator] $ bash /home/kmanojp/oranslice_rig/experiments/scripts/health_check.sh
[health] OK: all 3 UEs reachable, 16 RAN processes alive, no recent segfault
[orchestrator] $ python3 /home/kmanojp/oranslice_rig/framework/qoe_oran_framework/xapp/saclb_xapp.py --config /home/kmanojp/oranslice_rig/experiments/configs/saclb_campaign_v2.yaml --algorithm dqn --checkpoint /home/kmanojp/oranslice_rig/experiments/results/offline_v2/qoe/seed256/dqn/offline_closed_loop/rep_0/checkpoint.pt --gnb-id gnb-0 --episodes 1 --seed 962002 --run-id dqn_qoe_qoe_seed962_batch2 --omega-jsonl /home/kmanojp/oranslice_rig/experiments/results/live_campaign_v2/dqn_qoe/qoe/rep_seed962/omega_log.jsonl --reward-mode qoe
[dqn_qoe_qoe_seed962_batch2] talking to gNB E2 agent (listen=6600, gNB=6655)...

Omega log: /home/kmanojp/oranslice_rig/experiments/results/live_campaign_v2/dqn_qoe/qoe/rep_seed962/omega_log.jsonl
{
  "run_id": "dqn_qoe_qoe_seed962_batch2",
  "algorithm": "dqn",
  "mode": "live_testbed",
  "seed": 962002,
  "n_episodes": 1,
  "mean_reward_per_step": 0.5897075397570928,
  "mean_blocks_per_episode": 108.0,
  "mean_urllc_blocks_per_episode": 39.0,
  "blocks_per_episode": [
    108
  ],
  "blocks_per_episode_by_slice": [
    {
      "mmtc": 32,
      "embb": 37,
      "urllc": 39
    }
  ],
  "mean_rho": null,
  "omega_path": "/home/kmanojp/oranslice_rig/experiments/results/live_campaign_v2/dqn_qoe/qoe/rep_seed962/omega_log.jsonl",
  "checkpoint_path": "",
  "drift_flag": true,
  "drift_reason": "mean URLLC block rate 39.00/episode exceeds 2x the 1.0/episode acceptance bar",
  "sla_compliance_by_slice": {
    "embb": 1.0,
    "urllc": 1.0,
    "mmtc": 1.0
  },
  "sla_compliance_all_slices": 1.0,
  "sla_compliance_by_slice_per_episode": [
    {
      "embb": 1.0,
      "urllc": 1.0,
      "mmtc": 1.0
    }
  ],
  "sla_margin_by_slice": {
    "embb": 0.7549999887391364,
    "urllc": 0.7345118851463005,
    "mmtc": 0.719996386968581
  },
  "sla_margin_by_slice_per_episode": [
    {
      "embb": 0.7549999887391364,
      "urllc": 0.7345118851463005,
      "mmtc": 0.719996386968581
    }
  ],
  "mean_mos_by_slice": {
    "embb": 2.171092204252879,
    "urllc": 3.2242040236790976,
    "mmtc": 4.765194249153137
  },
  "mean_cost": 0.03500000000000001,
  "mean_sla_viol": 0.0
}
[orchestrator] DONE: 5/5 episodes completed for dqn_qoe rep_seed962. omega log: /home/kmanojp/oranslice_rig/experiments/results/live_campaign_v2/dqn_qoe/qoe/rep_seed962/omega_log.jsonl
=== 23:15:16 DONE arm=dqn_qoe seed=962 (1760s, 1 attempt(s)) ===
=== 23:15:16 DRAIN before arm=static_at_cap seed=962 ===
     rnti=25395: mean=5.00 PRB  max=5.00  n=10
     rnti=33257: mean=5.00 PRB  max=5.00  n=10
     rnti=57898: mean=5.00 PRB  max=5.00  n=10

Done. NEVER send SUBSCRIPTION-type messages: still assert(0!=0) in handle_subscription() on this OAI base (verified 2026-07-14).
=== 23:15:51 RUN arm=static_at_cap seed=962 algo=baseline_static mode=sla episodes=5 ===
[orchestrator] === static_at_cap rep_seed962 batch 0 (2 episodes, batch_seed=962000, 0/5 done so far) ===
[orchestrator] $ bash /home/kmanojp/oranslice_rig/experiments/scripts/health_check.sh
[health] OK: all 3 UEs reachable, 16 RAN processes alive, no recent segfault
[orchestrator] $ python3 /home/kmanojp/oranslice_rig/experiments/scripts/run_baseline_static.py --config /home/kmanojp/oranslice_rig/experiments/configs/saclb_campaign_static_at_cap_v2.yaml --gnb-id gnb-0 --episodes 2 --seed 962000 --run-id static_at_cap_sla_seed962_batch0 --omega-jsonl /home/kmanojp/oranslice_rig/experiments/results/live_campaign_v2/static_at_cap/sla/rep_seed962/omega_log.jsonl --reward-mode sla
[static_at_cap_sla_seed962_batch0] baseline_static: talking to gNB E2 agent (listen=6600, gNB=6655)...

Omega log: /home/kmanojp/oranslice_rig/experiments/results/live_campaign_v2/static_at_cap/sla/rep_seed962/omega_log.jsonl
{
  "run_id": "static_at_cap_sla_seed962_batch0",
  "algorithm": "baseline_static",
  "mode": "live_testbed",
  "seed": 962000,
  "n_episodes": 2,
  "mean_reward_per_step": 5.842083333333333,
  "mean_blocks_per_episode": 0.0,
  "mean_urllc_blocks_per_episode": 0.0,
  "blocks_per_episode": [
    0,
    0
  ],
  "blocks_per_episode_by_slice": [
    {},
    {}
  ],
  "mean_rho": null,
  "omega_path": "/home/kmanojp/oranslice_rig/experiments/results/live_campaign_v2/static_at_cap/sla/rep_seed962/omega_log.jsonl",
  "checkpoint_path": "",
  "drift_flag": false,
  "drift_reason": "",
  "sla_compliance_by_slice": {
    "embb": 1.0,
    "urllc": 1.0,
    "mmtc": 1.0
  },
  "sla_compliance_all_slices": 1.0,
  "sla_compliance_by_slice_per_episode": [
    {
      "embb": 1.0,
      "urllc": 1.0,
      "mmtc": 1.0
    },
    {
      "embb": 1.0,
      "urllc": 1.0,
      "mmtc": 1.0
    }
  ],
  "sla_margin_by_slice": {
    "embb": 0.9999999999948368,
    "urllc": 0.7599834038402097,
    "mmtc": 0.7824996797721439
  },
  "sla_margin_by_slice_per_episode": [
    {
      "embb": 0.9999999999896735,
      "urllc": 0.819966807680419,
      "mmtc": 0.8649993595442873
    },
    {
      "embb": 1.0,
      "urllc": 0.7000000000000004,
      "mmtc": 0.7000000000000004
    }
  ],
  "mean_mos_by_slice": {
    "embb": 2.171316146850586,
    "urllc": 4.231544530391693,
    "mmtc": 4.804862900575002
  },
  "mean_cost": 0.3025,
  "mean_sla_viol": 0.0
}
[orchestrator] === static_at_cap rep_seed962 batch 1 (2 episodes, batch_seed=962001, 2/5 done so far) ===
[orchestrator] $ bash /home/kmanojp/oranslice_rig/experiments/scripts/health_check.sh
[health] FAIL: UE2 (mmtc) unreachable
[health] FAIL: UE3 (urllc) unreachable
[orchestrator] health check failed, restarting stack (attempt 1)
[orchestrator] $ bash /home/kmanojp/oranslice_rig/experiments/scripts/restart_ran_stack.sh
[restart] stopping all RAN processes and tmux sessions
/home/kmanojp/oranslice_rig/experiments/scripts/restart_ran_stack.sh: line 23: 262607 Killed                  sudo pkill -9 -f "nr-uesoftmodem" 2> /dev/null
/home/kmanojp/oranslice_rig/experiments/scripts/restart_ran_stack.sh: line 24: 262609 Killed                  sudo pkill -9 -f "nr-softmodem" 2> /dev/null
[restart] confirmed clean: no RAN processes running
[restart] launching gNB
[restart] gNB up, E2 agent alive
[restart] launching UE1 (embb, default netns)
[restart] UE1 attached
[restart] launching UE2 (mmtc, ue2ns)
[restart] UE2 attached
[restart] launching UE3 (urllc, ue3ns)
[restart] UE3 attached
[restart] verifying connectivity all 3 UEs
[restart] SUCCESS: all 3 UEs attached and reachable
[orchestrator] $ bash /home/kmanojp/oranslice_rig/experiments/scripts/health_check.sh
[health] OK: all 3 UEs reachable, 16 RAN processes alive, no recent segfault
[orchestrator] $ python3 /home/kmanojp/oranslice_rig/experiments/scripts/run_baseline_static.py --config /home/kmanojp/oranslice_rig/experiments/configs/saclb_campaign_static_at_cap_v2.yaml --gnb-id gnb-0 --episodes 2 --seed 962001 --run-id static_at_cap_sla_seed962_batch1 --omega-jsonl /home/kmanojp/oranslice_rig/experiments/results/live_campaign_v2/static_at_cap/sla/rep_seed962/omega_log.jsonl --reward-mode sla
[static_at_cap_sla_seed962_batch1] baseline_static: talking to gNB E2 agent (listen=6600, gNB=6655)...

Omega log: /home/kmanojp/oranslice_rig/experiments/results/live_campaign_v2/static_at_cap/sla/rep_seed962/omega_log.jsonl
{
  "run_id": "static_at_cap_sla_seed962_batch1",
  "algorithm": "baseline_static",
  "mode": "live_testbed",
  "seed": 962001,
  "n_episodes": 2,
  "mean_reward_per_step": 5.018750000000001,
  "mean_blocks_per_episode": 0.0,
  "mean_urllc_blocks_per_episode": 0.0,
  "blocks_per_episode": [
    0,
    0
  ],
  "blocks_per_episode_by_slice": [
    {},
    {}
  ],
  "mean_rho": null,
  "omega_path": "/home/kmanojp/oranslice_rig/experiments/results/live_campaign_v2/static_at_cap/sla/rep_seed962/omega_log.jsonl",
  "checkpoint_path": "",
  "drift_flag": false,
  "drift_reason": "",
  "sla_compliance_by_slice": {
    "embb": 1.0,
    "urllc": 1.0,
    "mmtc": 1.0
  },
  "sla_compliance_all_slices": 1.0,
  "sla_compliance_by_slice_per_episode": [
    {
      "embb": 1.0,
      "urllc": 1.0,
      "mmtc": 1.0
    },
    {
      "embb": 1.0,
      "urllc": 1.0,
      "mmtc": 1.0
    }
  ],
  "sla_margin_by_slice": {
    "embb": 0.9999999964209655,
    "urllc": 0.7048855439635618,
    "mmtc": 0.714995942335227
  },
  "sla_margin_by_slice_per_episode": [
    {
      "embb": 0.999999992841931,
      "urllc": 0.7097710879271233,
      "mmtc": 0.7299918846704536
    },
    {
      "embb": 1.0,
      "urllc": 0.7000000000000004,
      "mmtc": 0.7000000000000004
    }
  ],
  "mean_mos_by_slice": {
    "embb": 2.171316146850586,
    "urllc": 2.5950923760732016,
    "mmtc": 4.762386520703633
  },
  "mean_cost": 0.3025,
  "mean_sla_viol": 0.0
}
[orchestrator] === static_at_cap rep_seed962 batch 2 (1 episodes, batch_seed=962002, 4/5 done so far) ===
[orchestrator] $ bash /home/kmanojp/oranslice_rig/experiments/scripts/health_check.sh
[health] FAIL: UE2 (mmtc) unreachable
[health] FAIL: UE3 (urllc) unreachable
[orchestrator] health check failed, restarting stack (attempt 1)
[orchestrator] $ bash /home/kmanojp/oranslice_rig/experiments/scripts/restart_ran_stack.sh
[restart] stopping all RAN processes and tmux sessions
/home/kmanojp/oranslice_rig/experiments/scripts/restart_ran_stack.sh: line 23: 268005 Killed                  sudo pkill -9 -f "nr-uesoftmodem" 2> /dev/null
/home/kmanojp/oranslice_rig/experiments/scripts/restart_ran_stack.sh: line 24: 268007 Killed                  sudo pkill -9 -f "nr-softmodem" 2> /dev/null
[restart] confirmed clean: no RAN processes running
[restart] launching gNB
[restart] gNB up, E2 agent alive
[restart] launching UE1 (embb, default netns)
[restart] UE1 attached
[restart] launching UE2 (mmtc, ue2ns)
[restart] UE2 attached
[restart] launching UE3 (urllc, ue3ns)
[restart] UE3 attached
[restart] verifying connectivity all 3 UEs
[restart] SUCCESS: all 3 UEs attached and reachable
[orchestrator] $ bash /home/kmanojp/oranslice_rig/experiments/scripts/health_check.sh
[health] OK: all 3 UEs reachable, 16 RAN processes alive, no recent segfault
[orchestrator] $ python3 /home/kmanojp/oranslice_rig/experiments/scripts/run_baseline_static.py --config /home/kmanojp/oranslice_rig/experiments/configs/saclb_campaign_static_at_cap_v2.yaml --gnb-id gnb-0 --episodes 1 --seed 962002 --run-id static_at_cap_sla_seed962_batch2 --omega-jsonl /home/kmanojp/oranslice_rig/experiments/results/live_campaign_v2/static_at_cap/sla/rep_seed962/omega_log.jsonl --reward-mode sla
[static_at_cap_sla_seed962_batch2] baseline_static: talking to gNB E2 agent (listen=6600, gNB=6655)...

Omega log: /home/kmanojp/oranslice_rig/experiments/results/live_campaign_v2/static_at_cap/sla/rep_seed962/omega_log.jsonl
{
  "run_id": "static_at_cap_sla_seed962_batch2",
  "algorithm": "baseline_static",
  "mode": "live_testbed",
  "seed": 962002,
  "n_episodes": 1,
  "mean_reward_per_step": 6.020833333333334,
  "mean_blocks_per_episode": 0.0,
  "mean_urllc_blocks_per_episode": 0.0,
  "blocks_per_episode": [
    0
  ],
  "blocks_per_episode_by_slice": [
    {}
  ],
  "mean_rho": null,
  "omega_path": "/home/kmanojp/oranslice_rig/experiments/results/live_campaign_v2/static_at_cap/sla/rep_seed962/omega_log.jsonl",
  "checkpoint_path": "",
  "drift_flag": false,
  "drift_reason": "",
  "sla_compliance_by_slice": {
    "embb": 1.0,
    "urllc": 1.0,
    "mmtc": 1.0
  },
  "sla_compliance_all_slices": 1.0,
  "sla_compliance_by_slice_per_episode": [
    {
      "embb": 1.0,
      "urllc": 1.0,
      "mmtc": 1.0
    }
  ],
  "sla_margin_by_slice": {
    "embb": 0.999999986972341,
    "urllc": 0.7097710879271233,
    "mmtc": 0.714995330464888
  },
  "sla_margin_by_slice_per_episode": [
    {
      "embb": 0.999999986972341,
      "urllc": 0.7097710879271233,
      "mmtc": 0.714995330464888
    }
  ],
  "mean_mos_by_slice": {
    "embb": 2.171316154797872,
    "urllc": 2.6036199728647866,
    "mmtc": 4.762217656771342
  },
  "mean_cost": 0.3050000000000001,
  "mean_sla_viol": 0.0
}
[orchestrator] DONE: 5/5 episodes completed for static_at_cap rep_seed962. omega log: /home/kmanojp/oranslice_rig/experiments/results/live_campaign_v2/static_at_cap/sla/rep_seed962/omega_log.jsonl
=== 23:44:22 DONE arm=static_at_cap seed=962 (1746s, 1 attempt(s)) ===
=== 23:44:22 DRAIN before arm=baseline seed=962 ===
     rnti=21160: mean=5.00 PRB  max=5.00  n=10
     rnti=30351: mean=5.00 PRB  max=5.00  n=10
     rnti=41190: mean=5.00 PRB  max=5.00  n=10

Done. NEVER send SUBSCRIPTION-type messages: still assert(0!=0) in handle_subscription() on this OAI base (verified 2026-07-14).
=== 23:44:57 RUN arm=baseline seed=962 algo=baseline_static mode=sla episodes=5 ===
[orchestrator] === baseline rep_seed962 batch 0 (2 episodes, batch_seed=962000, 0/5 done so far) ===
[orchestrator] $ bash /home/kmanojp/oranslice_rig/experiments/scripts/health_check.sh
[health] OK: all 3 UEs reachable, 16 RAN processes alive, no recent segfault
[orchestrator] $ python3 /home/kmanojp/oranslice_rig/experiments/scripts/run_baseline_static.py --config /home/kmanojp/oranslice_rig/experiments/configs/saclb_campaign_baseline_v2.yaml --gnb-id gnb-0 --episodes 2 --seed 962000 --run-id baseline_sla_seed962_batch0 --omega-jsonl /home/kmanojp/oranslice_rig/experiments/results/live_campaign_v2/baseline/sla/rep_seed962/omega_log.jsonl --reward-mode sla
[baseline_sla_seed962_batch0] baseline_static: talking to gNB E2 agent (listen=6600, gNB=6655)...

Omega log: /home/kmanojp/oranslice_rig/experiments/results/live_campaign_v2/baseline/sla/rep_seed962/omega_log.jsonl
{
  "run_id": "baseline_sla_seed962_batch0",
  "algorithm": "baseline_static",
  "mode": "live_testbed",
  "seed": 962000,
  "n_episodes": 2,
  "mean_reward_per_step": 5.842083333333333,
  "mean_blocks_per_episode": 0.0,
  "mean_urllc_blocks_per_episode": 0.0,
  "blocks_per_episode": [
    0,
    0
  ],
  "blocks_per_episode_by_slice": [
    {},
    {}
  ],
  "mean_rho": null,
  "omega_path": "/home/kmanojp/oranslice_rig/experiments/results/live_campaign_v2/baseline/sla/rep_seed962/omega_log.jsonl",
  "checkpoint_path": "",
  "drift_flag": false,
  "drift_reason": "",
  "sla_compliance_by_slice": {
    "embb": 1.0,
    "urllc": 1.0,
    "mmtc": 1.0
  },
  "sla_compliance_all_slices": 1.0,
  "sla_compliance_by_slice_per_episode": [
    {
      "embb": 1.0,
      "urllc": 1.0,
      "mmtc": 1.0
    },
    {
      "embb": 1.0,
      "urllc": 1.0,
      "mmtc": 1.0
    }
  ],
  "sla_margin_by_slice": {
    "embb": 0.7950000000000007,
    "urllc": 0.8274518579559667,
    "mmtc": 0.7524996128445334
  },
  "sla_margin_by_slice_per_episode": [
    {
      "embb": 0.890000000000001,
      "urllc": 0.9549037159119329,
      "mmtc": 0.8049992256890662
    },
    {
      "embb": 0.7000000000000004,
      "urllc": 0.7000000000000004,
      "mmtc": 0.7000000000000004
    }
  ],
  "mean_mos_by_slice": {
    "embb": 2.171169618765513,
    "urllc": 4.400803593794505,
    "mmtc": 4.78579641977946
  },
  "mean_cost": 0.3025,
  "mean_sla_viol": 0.0
}
[orchestrator] === baseline rep_seed962 batch 1 (2 episodes, batch_seed=962001, 2/5 done so far) ===
[orchestrator] $ bash /home/kmanojp/oranslice_rig/experiments/scripts/health_check.sh
[health] FAIL: UE1 (embb) unreachable
[health] FAIL: UE2 (mmtc) unreachable
[health] FAIL: UE3 (urllc) unreachable
[orchestrator] health check failed, restarting stack (attempt 1)
[orchestrator] $ bash /home/kmanojp/oranslice_rig/experiments/scripts/restart_ran_stack.sh
[restart] stopping all RAN processes and tmux sessions
/home/kmanojp/oranslice_rig/experiments/scripts/restart_ran_stack.sh: line 23: 276671 Killed                  sudo pkill -9 -f "nr-uesoftmodem" 2> /dev/null
/home/kmanojp/oranslice_rig/experiments/scripts/restart_ran_stack.sh: line 24: 276673 Killed                  sudo pkill -9 -f "nr-softmodem" 2> /dev/null
[restart] confirmed clean: no RAN processes running
[restart] launching gNB
[restart] gNB up, E2 agent alive
[restart] launching UE1 (embb, default netns)
[restart] UE1 attached
[restart] launching UE2 (mmtc, ue2ns)
[restart] UE2 attached
[restart] launching UE3 (urllc, ue3ns)
[restart] UE3 attached
[restart] verifying connectivity all 3 UEs
[restart] SUCCESS: all 3 UEs attached and reachable
[orchestrator] $ bash /home/kmanojp/oranslice_rig/experiments/scripts/health_check.sh
[health] OK: all 3 UEs reachable, 16 RAN processes alive, no recent segfault
[orchestrator] $ python3 /home/kmanojp/oranslice_rig/experiments/scripts/run_baseline_static.py --config /home/kmanojp/oranslice_rig/experiments/configs/saclb_campaign_baseline_v2.yaml --gnb-id gnb-0 --episodes 2 --seed 962001 --run-id baseline_sla_seed962_batch1 --omega-jsonl /home/kmanojp/oranslice_rig/experiments/results/live_campaign_v2/baseline/sla/rep_seed962/omega_log.jsonl --reward-mode sla
[baseline_sla_seed962_batch1] baseline_static: talking to gNB E2 agent (listen=6600, gNB=6655)...

Omega log: /home/kmanojp/oranslice_rig/experiments/results/live_campaign_v2/baseline/sla/rep_seed962/omega_log.jsonl
{
  "run_id": "baseline_sla_seed962_batch1",
  "algorithm": "baseline_static",
  "mode": "live_testbed",
  "seed": 962001,
  "n_episodes": 2,
  "mean_reward_per_step": 5.018750000000001,
  "mean_blocks_per_episode": 0.0,
  "mean_urllc_blocks_per_episode": 0.0,
  "blocks_per_episode": [
    0,
    0
  ],
  "blocks_per_episode_by_slice": [
    {},
    {}
  ],
  "mean_rho": null,
  "omega_path": "/home/kmanojp/oranslice_rig/experiments/results/live_campaign_v2/baseline/sla/rep_seed962/omega_log.jsonl",
  "checkpoint_path": "",
  "drift_flag": false,
  "drift_reason": "",
  "sla_compliance_by_slice": {
    "embb": 1.0,
    "urllc": 1.0,
    "mmtc": 1.0
  },
  "sla_compliance_all_slices": 1.0,
  "sla_compliance_by_slice_per_episode": [
    {
      "embb": 1.0,
      "urllc": 1.0,
      "mmtc": 1.0
    },
    {
      "embb": 1.0,
      "urllc": 1.0,
      "mmtc": 1.0
    }
  ],
  "sla_margin_by_slice": {
    "embb": 0.7349999908472138,
    "urllc": 0.7172288250713614,
    "mmtc": 0.707498108838433
  },
  "sla_margin_by_slice_per_episode": [
    {
      "embb": 0.7699999816944272,
      "urllc": 0.7344576501427224,
      "mmtc": 0.7149962176768656
    },
    {
      "embb": 0.7000000000000004,
      "urllc": 0.7000000000000004,
      "mmtc": 0.7000000000000004
    }
  ],
  "mean_mos_by_slice": {
    "embb": 2.171144515275955,
    "urllc": 3.044106686115265,
    "mmtc": 4.757573032379151
  },
  "mean_cost": 0.3025,
  "mean_sla_viol": 0.0
}
[orchestrator] === baseline rep_seed962 batch 2 (1 episodes, batch_seed=962002, 4/5 done so far) ===
[orchestrator] $ bash /home/kmanojp/oranslice_rig/experiments/scripts/health_check.sh
[health] FAIL: UE1 (embb) unreachable
[health] FAIL: UE2 (mmtc) unreachable
[health] FAIL: UE3 (urllc) unreachable
[orchestrator] health check failed, restarting stack (attempt 1)
[orchestrator] $ bash /home/kmanojp/oranslice_rig/experiments/scripts/restart_ran_stack.sh
[restart] stopping all RAN processes and tmux sessions
/home/kmanojp/oranslice_rig/experiments/scripts/restart_ran_stack.sh: line 23: 282277 Killed                  sudo pkill -9 -f "nr-uesoftmodem" 2> /dev/null
/home/kmanojp/oranslice_rig/experiments/scripts/restart_ran_stack.sh: line 24: 282279 Killed                  sudo pkill -9 -f "nr-softmodem" 2> /dev/null
[restart] confirmed clean: no RAN processes running
[restart] launching gNB
[restart] gNB up, E2 agent alive
[restart] launching UE1 (embb, default netns)
[restart] UE1 attached
[restart] launching UE2 (mmtc, ue2ns)
[restart] UE2 attached
[restart] launching UE3 (urllc, ue3ns)
[restart] UE3 attached
[restart] verifying connectivity all 3 UEs
[restart] SUCCESS: all 3 UEs attached and reachable
[orchestrator] $ bash /home/kmanojp/oranslice_rig/experiments/scripts/health_check.sh
[health] OK: all 3 UEs reachable, 16 RAN processes alive, no recent segfault
[orchestrator] $ python3 /home/kmanojp/oranslice_rig/experiments/scripts/run_baseline_static.py --config /home/kmanojp/oranslice_rig/experiments/configs/saclb_campaign_baseline_v2.yaml --gnb-id gnb-0 --episodes 1 --seed 962002 --run-id baseline_sla_seed962_batch2 --omega-jsonl /home/kmanojp/oranslice_rig/experiments/results/live_campaign_v2/baseline/sla/rep_seed962/omega_log.jsonl --reward-mode sla
[baseline_sla_seed962_batch2] baseline_static: talking to gNB E2 agent (listen=6600, gNB=6655)...

Omega log: /home/kmanojp/oranslice_rig/experiments/results/live_campaign_v2/baseline/sla/rep_seed962/omega_log.jsonl
{
  "run_id": "baseline_sla_seed962_batch2",
  "algorithm": "baseline_static",
  "mode": "live_testbed",
  "seed": 962002,
  "n_episodes": 1,
  "mean_reward_per_step": 6.020833333333334,
  "mean_blocks_per_episode": 0.0,
  "mean_urllc_blocks_per_episode": 0.0,
  "blocks_per_episode": [
    0
  ],
  "blocks_per_episode_by_slice": [
    {}
  ],
  "mean_rho": null,
  "omega_path": "/home/kmanojp/oranslice_rig/experiments/results/live_campaign_v2/baseline/sla/rep_seed962/omega_log.jsonl",
  "checkpoint_path": "",
  "drift_flag": false,
  "drift_reason": "",
  "sla_compliance_by_slice": {
    "embb": 1.0,
    "urllc": 1.0,
    "mmtc": 1.0
  },
  "sla_compliance_all_slices": 1.0,
  "sla_compliance_by_slice_per_episode": [
    {
      "embb": 1.0,
      "urllc": 1.0,
      "mmtc": 1.0
    }
  ],
  "sla_margin_by_slice": {
    "embb": 0.7549999801862236,
    "urllc": 0.7292878290979817,
    "mmtc": 0.7149962176768656
  },
  "sla_margin_by_slice_per_episode": [
    {
      "embb": 0.7549999801862236,
      "urllc": 0.7292878290979817,
      "mmtc": 0.7149962176768656
    }
  ],
  "mean_mos_by_slice": {
    "embb": 2.1710941116015117,
    "urllc": 2.484297823905945,
    "mmtc": 4.762123394012451
  },
  "mean_cost": 0.3050000000000001,
  "mean_sla_viol": 0.0
}
[orchestrator] DONE: 5/5 episodes completed for baseline rep_seed962. omega log: /home/kmanojp/oranslice_rig/experiments/results/live_campaign_v2/baseline/sla/rep_seed962/omega_log.jsonl
=== 00:13:33 DONE arm=baseline seed=962 (1751s, 1 attempt(s)) ===
=== seed=963 episodes=5 arm_order=dqn_qoe static_at_cap baseline dqn_sla ===
=== 00:13:33 DRAIN before arm=dqn_qoe seed=963 ===
     rnti=27445: mean=5.00 PRB  max=5.00  n=10
     rnti=41332: mean=5.00 PRB  max=5.00  n=10
     rnti=59263: mean=5.00 PRB  max=5.00  n=10

Done. NEVER send SUBSCRIPTION-type messages: still assert(0!=0) in handle_subscription() on this OAI base (verified 2026-07-14).
=== 00:14:08 RUN arm=dqn_qoe seed=963 algo=dqn mode=qoe episodes=5 ===
[orchestrator] === dqn_qoe rep_seed963 batch 0 (2 episodes, batch_seed=963000, 0/5 done so far) ===
[orchestrator] $ bash /home/kmanojp/oranslice_rig/experiments/scripts/health_check.sh
[health] OK: all 3 UEs reachable, 16 RAN processes alive, no recent segfault
[orchestrator] $ python3 /home/kmanojp/oranslice_rig/framework/qoe_oran_framework/xapp/saclb_xapp.py --config /home/kmanojp/oranslice_rig/experiments/configs/saclb_campaign_v2.yaml --algorithm dqn --checkpoint /home/kmanojp/oranslice_rig/experiments/results/offline_v2/qoe/seed256/dqn/offline_closed_loop/rep_0/checkpoint.pt --gnb-id gnb-0 --episodes 2 --seed 963000 --run-id dqn_qoe_qoe_seed963_batch0 --omega-jsonl /home/kmanojp/oranslice_rig/experiments/results/live_campaign_v2/dqn_qoe/qoe/rep_seed963/omega_log.jsonl --reward-mode qoe
[dqn_qoe_qoe_seed963_batch0] talking to gNB E2 agent (listen=6600, gNB=6655)...

Omega log: /home/kmanojp/oranslice_rig/experiments/results/live_campaign_v2/dqn_qoe/qoe/rep_seed963/omega_log.jsonl
{
  "run_id": "dqn_qoe_qoe_seed963_batch0",
  "algorithm": "dqn",
  "mode": "live_testbed",
  "seed": 963000,
  "n_episodes": 2,
  "mean_reward_per_step": 0.6696573644081751,
  "mean_blocks_per_episode": 100.0,
  "mean_urllc_blocks_per_episode": 27.0,
  "blocks_per_episode": [
    80,
    120
  ],
  "blocks_per_episode_by_slice": [
    {
      "urllc": 19,
      "embb": 32,
      "mmtc": 29
    },
    {
      "mmtc": 40,
      "embb": 45,
      "urllc": 35
    }
  ],
  "mean_rho": null,
  "omega_path": "/home/kmanojp/oranslice_rig/experiments/results/live_campaign_v2/dqn_qoe/qoe/rep_seed963/omega_log.jsonl",
  "checkpoint_path": "",
  "drift_flag": true,
  "drift_reason": "mean URLLC block rate 27.00/episode exceeds 2x the 1.0/episode acceptance bar",
  "sla_compliance_by_slice": {
    "embb": 1.0,
    "urllc": 1.0,
    "mmtc": 1.0
  },
  "sla_compliance_all_slices": 1.0,
  "sla_compliance_by_slice_per_episode": [
    {
      "embb": 1.0,
      "urllc": 1.0,
      "mmtc": 1.0
    },
    {
      "embb": 1.0,
      "urllc": 1.0,
      "mmtc": 1.0
    }
  ],
  "sla_margin_by_slice": {
    "embb": 0.9649999999255576,
    "urllc": 0.74998099381337,
    "mmtc": 0.7499997834207757
  },
  "sla_margin_by_slice_per_episode": [
    {
      "embb": 0.999999999851115,
      "urllc": 0.7999619876267396,
      "mmtc": 0.7999995668415509
    },
    {
      "embb": 0.9300000000000002,
      "urllc": 0.7000000000000004,
      "mmtc": 0.7000000000000004
    }
  ],
  "mean_mos_by_slice": {
    "embb": 2.171240818500519,
    "urllc": 4.206445809205373,
    "mmtc": 4.78420174519221
  },
  "mean_cost": 0.052500000000000005,
  "mean_sla_viol": 0.0
}
[orchestrator] === dqn_qoe rep_seed963 batch 1 (2 episodes, batch_seed=963001, 2/5 done so far) ===
[orchestrator] $ bash /home/kmanojp/oranslice_rig/experiments/scripts/health_check.sh
[health] FAIL: UE1 (embb) unreachable
[health] FAIL: UE2 (mmtc) unreachable
[health] FAIL: UE3 (urllc) unreachable
[orchestrator] health check failed, restarting stack (attempt 1)
[orchestrator] $ bash /home/kmanojp/oranslice_rig/experiments/scripts/restart_ran_stack.sh
[restart] stopping all RAN processes and tmux sessions
/home/kmanojp/oranslice_rig/experiments/scripts/restart_ran_stack.sh: line 23: 290319 Killed                  sudo pkill -9 -f "nr-uesoftmodem" 2> /dev/null
/home/kmanojp/oranslice_rig/experiments/scripts/restart_ran_stack.sh: line 24: 290321 Killed                  sudo pkill -9 -f "nr-softmodem" 2> /dev/null
[restart] confirmed clean: no RAN processes running
[restart] launching gNB
[restart] gNB up, E2 agent alive
[restart] launching UE1 (embb, default netns)
[restart] UE1 attached
[restart] launching UE2 (mmtc, ue2ns)
[restart] UE2 attached
[restart] launching UE3 (urllc, ue3ns)
[restart] UE3 attached
[restart] verifying connectivity all 3 UEs
[restart] SUCCESS: all 3 UEs attached and reachable
[orchestrator] $ bash /home/kmanojp/oranslice_rig/experiments/scripts/health_check.sh
[health] OK: all 3 UEs reachable, 16 RAN processes alive, no recent segfault
[orchestrator] $ python3 /home/kmanojp/oranslice_rig/framework/qoe_oran_framework/xapp/saclb_xapp.py --config /home/kmanojp/oranslice_rig/experiments/configs/saclb_campaign_v2.yaml --algorithm dqn --checkpoint /home/kmanojp/oranslice_rig/experiments/results/offline_v2/qoe/seed256/dqn/offline_closed_loop/rep_0/checkpoint.pt --gnb-id gnb-0 --episodes 2 --seed 963001 --run-id dqn_qoe_qoe_seed963_batch1 --omega-jsonl /home/kmanojp/oranslice_rig/experiments/results/live_campaign_v2/dqn_qoe/qoe/rep_seed963/omega_log.jsonl --reward-mode qoe
[dqn_qoe_qoe_seed963_batch1] talking to gNB E2 agent (listen=6600, gNB=6655)...

Omega log: /home/kmanojp/oranslice_rig/experiments/results/live_campaign_v2/dqn_qoe/qoe/rep_seed963/omega_log.jsonl
{
  "run_id": "dqn_qoe_qoe_seed963_batch1",
  "algorithm": "dqn",
  "mode": "live_testbed",
  "seed": 963001,
  "n_episodes": 2,
  "mean_reward_per_step": 0.5889420109126303,
  "mean_blocks_per_episode": 114.5,
  "mean_urllc_blocks_per_episode": 33.5,
  "blocks_per_episode": [
    109,
    120
  ],
  "blocks_per_episode_by_slice": [
    {
      "mmtc": 37,
      "embb": 36,
      "urllc": 36
    },
    {
      "embb": 52,
      "urllc": 31,
      "mmtc": 37
    }
  ],
  "mean_rho": null,
  "omega_path": "/home/kmanojp/oranslice_rig/experiments/results/live_campaign_v2/dqn_qoe/qoe/rep_seed963/omega_log.jsonl",
  "checkpoint_path": "",
  "drift_flag": true,
  "drift_reason": "mean URLLC block rate 33.50/episode exceeds 2x the 1.0/episode acceptance bar",
  "sla_compliance_by_slice": {
    "embb": 1.0,
    "urllc": 1.0,
    "mmtc": 1.0
  },
  "sla_compliance_all_slices": 1.0,
  "sla_compliance_by_slice_per_episode": [
    {
      "embb": 1.0,
      "urllc": 1.0,
      "mmtc": 1.0
    },
    {
      "embb": 1.0,
      "urllc": 1.0,
      "mmtc": 1.0
    }
  ],
  "sla_margin_by_slice": {
    "embb": 0.7299999960190124,
    "urllc": 0.7197221500069528,
    "mmtc": 0.7099981934842907
  },
  "sla_margin_by_slice_per_episode": [
    {
      "embb": 0.7599999920380246,
      "urllc": 0.7394443000139053,
      "mmtc": 0.719996386968581
    },
    {
      "embb": 0.7000000000000004,
      "urllc": 0.7000000000000004,
      "mmtc": 0.7000000000000004
    }
  ],
  "mean_mos_by_slice": {
    "embb": 2.171142403284709,
    "urllc": 3.1761069118976595,
    "mmtc": 4.759054815769195
  },
  "mean_cost": 0.01625,
  "mean_sla_viol": 0.0
}
[orchestrator] === dqn_qoe rep_seed963 batch 2 (1 episodes, batch_seed=963002, 4/5 done so far) ===
[orchestrator] $ bash /home/kmanojp/oranslice_rig/experiments/scripts/health_check.sh
[health] FAIL: UE1 (embb) unreachable
[health] FAIL: UE2 (mmtc) unreachable
[health] FAIL: UE3 (urllc) unreachable
[orchestrator] health check failed, restarting stack (attempt 1)
[orchestrator] $ bash /home/kmanojp/oranslice_rig/experiments/scripts/restart_ran_stack.sh
[restart] stopping all RAN processes and tmux sessions
/home/kmanojp/oranslice_rig/experiments/scripts/restart_ran_stack.sh: line 23: 295757 Killed                  sudo pkill -9 -f "nr-uesoftmodem" 2> /dev/null
/home/kmanojp/oranslice_rig/experiments/scripts/restart_ran_stack.sh: line 24: 295759 Killed                  sudo pkill -9 -f "nr-softmodem" 2> /dev/null
[restart] confirmed clean: no RAN processes running
[restart] launching gNB
[restart] gNB up, E2 agent alive
[restart] launching UE1 (embb, default netns)
[restart] UE1 attached
[restart] launching UE2 (mmtc, ue2ns)
[restart] UE2 attached
[restart] launching UE3 (urllc, ue3ns)
[restart] UE3 attached
[restart] verifying connectivity all 3 UEs
[restart] SUCCESS: all 3 UEs attached and reachable
[orchestrator] $ bash /home/kmanojp/oranslice_rig/experiments/scripts/health_check.sh
[health] OK: all 3 UEs reachable, 16 RAN processes alive, no recent segfault
[orchestrator] $ python3 /home/kmanojp/oranslice_rig/framework/qoe_oran_framework/xapp/saclb_xapp.py --config /home/kmanojp/oranslice_rig/experiments/configs/saclb_campaign_v2.yaml --algorithm dqn --checkpoint /home/kmanojp/oranslice_rig/experiments/results/offline_v2/qoe/seed256/dqn/offline_closed_loop/rep_0/checkpoint.pt --gnb-id gnb-0 --episodes 1 --seed 963002 --run-id dqn_qoe_qoe_seed963_batch2 --omega-jsonl /home/kmanojp/oranslice_rig/experiments/results/live_campaign_v2/dqn_qoe/qoe/rep_seed963/omega_log.jsonl --reward-mode qoe
[dqn_qoe_qoe_seed963_batch2] talking to gNB E2 agent (listen=6600, gNB=6655)...

Omega log: /home/kmanojp/oranslice_rig/experiments/results/live_campaign_v2/dqn_qoe/qoe/rep_seed963/omega_log.jsonl
{
  "run_id": "dqn_qoe_qoe_seed963_batch2",
  "algorithm": "dqn",
  "mode": "live_testbed",
  "seed": 963002,
  "n_episodes": 1,
  "mean_reward_per_step": 0.5683890719281303,
  "mean_blocks_per_episode": 110.0,
  "mean_urllc_blocks_per_episode": 28.0,
  "blocks_per_episode": [
    110
  ],
  "blocks_per_episode_by_slice": [
    {
      "mmtc": 46,
      "embb": 36,
      "urllc": 28
    }
  ],
  "mean_rho": null,
  "omega_path": "/home/kmanojp/oranslice_rig/experiments/results/live_campaign_v2/dqn_qoe/qoe/rep_seed963/omega_log.jsonl",
  "checkpoint_path": "",
  "drift_flag": true,
  "drift_reason": "mean URLLC block rate 28.00/episode exceeds 2x the 1.0/episode acceptance bar",
  "sla_compliance_by_slice": {
    "embb": 1.0,
    "urllc": 1.0,
    "mmtc": 1.0
  },
  "sla_compliance_all_slices": 1.0,
  "sla_compliance_by_slice_per_episode": [
    {
      "embb": 1.0,
      "urllc": 1.0,
      "mmtc": 1.0
    }
  ],
  "sla_margin_by_slice": {
    "embb": 0.7449999907011067,
    "urllc": 0.7343973890397082,
    "mmtc": 0.7199959855205993
  },
  "sla_margin_by_slice_per_episode": [
    {
      "embb": 0.7449999907011067,
      "urllc": 0.7343973890397082,
      "mmtc": 0.7199959855205993
    }
  ],
  "mean_mos_by_slice": {
    "embb": 2.1710880080858868,
    "urllc": 2.9563539107640584,
    "mmtc": 4.765226944287618
  },
  "mean_cost": 0.030000000000000006,
  "mean_sla_viol": 0.0
}
[orchestrator] DONE: 5/5 episodes completed for dqn_qoe rep_seed963. omega log: /home/kmanojp/oranslice_rig/experiments/results/live_campaign_v2/dqn_qoe/qoe/rep_seed963/omega_log.jsonl
=== 00:42:52 DONE arm=dqn_qoe seed=963 (1759s, 1 attempt(s)) ===
=== 00:42:52 DRAIN before arm=static_at_cap seed=963 ===
     rnti=2186: mean=5.00 PRB  max=5.00  n=10
     rnti=14618: mean=5.00 PRB  max=5.00  n=10
     rnti=53986: mean=5.00 PRB  max=5.00  n=10

Done. NEVER send SUBSCRIPTION-type messages: still assert(0!=0) in handle_subscription() on this OAI base (verified 2026-07-14).
=== 00:43:27 RUN arm=static_at_cap seed=963 algo=baseline_static mode=sla episodes=5 ===
[orchestrator] === static_at_cap rep_seed963 batch 0 (2 episodes, batch_seed=963000, 0/5 done so far) ===
[orchestrator] $ bash /home/kmanojp/oranslice_rig/experiments/scripts/health_check.sh
[health] OK: all 3 UEs reachable, 16 RAN processes alive, no recent segfault
[orchestrator] $ python3 /home/kmanojp/oranslice_rig/experiments/scripts/run_baseline_static.py --config /home/kmanojp/oranslice_rig/experiments/configs/saclb_campaign_static_at_cap_v2.yaml --gnb-id gnb-0 --episodes 2 --seed 963000 --run-id static_at_cap_sla_seed963_batch0 --omega-jsonl /home/kmanojp/oranslice_rig/experiments/results/live_campaign_v2/static_at_cap/sla/rep_seed963/omega_log.jsonl --reward-mode sla
[static_at_cap_sla_seed963_batch0] baseline_static: talking to gNB E2 agent (listen=6600, gNB=6655)...

Omega log: /home/kmanojp/oranslice_rig/experiments/results/live_campaign_v2/static_at_cap/sla/rep_seed963/omega_log.jsonl
{
  "run_id": "static_at_cap_sla_seed963_batch0",
  "algorithm": "baseline_static",
  "mode": "live_testbed",
  "seed": 963000,
  "n_episodes": 2,
  "mean_reward_per_step": 5.228750000000001,
  "mean_blocks_per_episode": 0.0,
  "mean_urllc_blocks_per_episode": 0.0,
  "blocks_per_episode": [
    0,
    0
  ],
  "blocks_per_episode_by_slice": [
    {},
    {}
  ],
  "mean_rho": null,
  "omega_path": "/home/kmanojp/oranslice_rig/experiments/results/live_campaign_v2/static_at_cap/sla/rep_seed963/omega_log.jsonl",
  "checkpoint_path": "",
  "drift_flag": false,
  "drift_reason": "",
  "sla_compliance_by_slice": {
    "embb": 1.0,
    "urllc": 1.0,
    "mmtc": 1.0
  },
  "sla_compliance_all_slices": 1.0,
  "sla_compliance_by_slice_per_episode": [
    {
      "embb": 1.0,
      "urllc": 1.0,
      "mmtc": 1.0
    },
    {
      "embb": 1.0,
      "urllc": 1.0,
      "mmtc": 1.0
    }
  ],
  "sla_margin_by_slice": {
    "embb": 0.999999999979559,
    "urllc": 0.7924716630292225,
    "mmtc": 0.7924996013514274
  },
  "sla_margin_by_slice_per_episode": [
    {
      "embb": 0.9999999999591181,
      "urllc": 0.8849433260584445,
      "mmtc": 0.8849992027028545
    },
    {
      "embb": 1.0,
      "urllc": 0.7000000000000004,
      "mmtc": 0.7000000000000004
    }
  ],
  "mean_mos_by_slice": {
    "embb": 2.171316146850586,
    "urllc": 4.313047850131989,
    "mmtc": 4.8112213015556335
  },
  "mean_cost": 0.3025,
  "mean_sla_viol": 0.0
}
[orchestrator] === static_at_cap rep_seed963 batch 1 (2 episodes, batch_seed=963001, 2/5 done so far) ===
[orchestrator] $ bash /home/kmanojp/oranslice_rig/experiments/scripts/health_check.sh
[health] FAIL: UE2 (mmtc) unreachable
[health] FAIL: UE3 (urllc) unreachable
[orchestrator] health check failed, restarting stack (attempt 1)
[orchestrator] $ bash /home/kmanojp/oranslice_rig/experiments/scripts/restart_ran_stack.sh
[restart] stopping all RAN processes and tmux sessions
/home/kmanojp/oranslice_rig/experiments/scripts/restart_ran_stack.sh: line 23: 303760 Killed                  sudo pkill -9 -f "nr-uesoftmodem" 2> /dev/null
/home/kmanojp/oranslice_rig/experiments/scripts/restart_ran_stack.sh: line 24: 303762 Killed                  sudo pkill -9 -f "nr-softmodem" 2> /dev/null
[restart] confirmed clean: no RAN processes running
[restart] launching gNB
[restart] gNB up, E2 agent alive
[restart] launching UE1 (embb, default netns)
[restart] UE1 attached
[restart] launching UE2 (mmtc, ue2ns)
[restart] UE2 attached
[restart] launching UE3 (urllc, ue3ns)
[restart] UE3 attached
[restart] verifying connectivity all 3 UEs
[restart] SUCCESS: all 3 UEs attached and reachable
[orchestrator] $ bash /home/kmanojp/oranslice_rig/experiments/scripts/health_check.sh
[health] OK: all 3 UEs reachable, 16 RAN processes alive, no recent segfault
[orchestrator] $ python3 /home/kmanojp/oranslice_rig/experiments/scripts/run_baseline_static.py --config /home/kmanojp/oranslice_rig/experiments/configs/saclb_campaign_static_at_cap_v2.yaml --gnb-id gnb-0 --episodes 2 --seed 963001 --run-id static_at_cap_sla_seed963_batch1 --omega-jsonl /home/kmanojp/oranslice_rig/experiments/results/live_campaign_v2/static_at_cap/sla/rep_seed963/omega_log.jsonl --reward-mode sla
[static_at_cap_sla_seed963_batch1] baseline_static: talking to gNB E2 agent (listen=6600, gNB=6655)...

Omega log: /home/kmanojp/oranslice_rig/experiments/results/live_campaign_v2/static_at_cap/sla/rep_seed963/omega_log.jsonl
{
  "run_id": "static_at_cap_sla_seed963_batch1",
  "algorithm": "baseline_static",
  "mode": "live_testbed",
  "seed": 963001,
  "n_episodes": 2,
  "mean_reward_per_step": 5.4229166666666675,
  "mean_blocks_per_episode": 0.0,
  "mean_urllc_blocks_per_episode": 0.0,
  "blocks_per_episode": [
    0,
    0
  ],
  "blocks_per_episode_by_slice": [
    {},
    {}
  ],
  "mean_rho": null,
  "omega_path": "/home/kmanojp/oranslice_rig/experiments/results/live_campaign_v2/static_at_cap/sla/rep_seed963/omega_log.jsonl",
  "checkpoint_path": "",
  "drift_flag": false,
  "drift_reason": "",
  "sla_compliance_by_slice": {
    "embb": 1.0,
    "urllc": 1.0,
    "mmtc": 1.0
  },
  "sla_compliance_all_slices": 1.0,
  "sla_compliance_by_slice_per_episode": [
    {
      "embb": 1.0,
      "urllc": 1.0,
      "mmtc": 1.0
    },
    {
      "embb": 1.0,
      "urllc": 1.0,
      "mmtc": 1.0
    }
  ],
  "sla_margin_by_slice": {
    "embb": 0.9999999975559763,
    "urllc": 0.7195294585125525,
    "mmtc": 0.7049983379324913
  },
  "sla_margin_by_slice_per_episode": [
    {
      "embb": 0.9999999951119526,
      "urllc": 0.7390589170251046,
      "mmtc": 0.7099966758649822
    },
    {
      "embb": 1.0,
      "urllc": 0.7000000000000004,
      "mmtc": 0.7000000000000004
    }
  ],
  "mean_mos_by_slice": {
    "embb": 2.1713161528110505,
    "urllc": 2.4649969736735025,
    "mmtc": 4.75609301328659
  },
  "mean_cost": 0.3025,
  "mean_sla_viol": 0.0
}
[orchestrator] === static_at_cap rep_seed963 batch 2 (1 episodes, batch_seed=963002, 4/5 done so far) ===
[orchestrator] $ bash /home/kmanojp/oranslice_rig/experiments/scripts/health_check.sh
[health] FAIL: UE2 (mmtc) unreachable
[health] FAIL: UE3 (urllc) unreachable
[orchestrator] health check failed, restarting stack (attempt 1)
[orchestrator] $ bash /home/kmanojp/oranslice_rig/experiments/scripts/restart_ran_stack.sh
[restart] stopping all RAN processes and tmux sessions
/home/kmanojp/oranslice_rig/experiments/scripts/restart_ran_stack.sh: line 23: 309163 Killed                  sudo pkill -9 -f "nr-uesoftmodem" 2> /dev/null
/home/kmanojp/oranslice_rig/experiments/scripts/restart_ran_stack.sh: line 24: 309165 Killed                  sudo pkill -9 -f "nr-softmodem" 2> /dev/null
[restart] confirmed clean: no RAN processes running
[restart] launching gNB
[restart] gNB up, E2 agent alive
[restart] launching UE1 (embb, default netns)
[restart] UE1 attached
[restart] launching UE2 (mmtc, ue2ns)
[restart] UE2 attached
[restart] launching UE3 (urllc, ue3ns)
[restart] UE3 attached
[restart] verifying connectivity all 3 UEs
[restart] SUCCESS: all 3 UEs attached and reachable
[orchestrator] $ bash /home/kmanojp/oranslice_rig/experiments/scripts/health_check.sh
[health] OK: all 3 UEs reachable, 16 RAN processes alive, no recent segfault
[orchestrator] $ python3 /home/kmanojp/oranslice_rig/experiments/scripts/run_baseline_static.py --config /home/kmanojp/oranslice_rig/experiments/configs/saclb_campaign_static_at_cap_v2.yaml --gnb-id gnb-0 --episodes 1 --seed 963002 --run-id static_at_cap_sla_seed963_batch2 --omega-jsonl /home/kmanojp/oranslice_rig/experiments/results/live_campaign_v2/static_at_cap/sla/rep_seed963/omega_log.jsonl --reward-mode sla
[static_at_cap_sla_seed963_batch2] baseline_static: talking to gNB E2 agent (listen=6600, gNB=6655)...

Omega log: /home/kmanojp/oranslice_rig/experiments/results/live_campaign_v2/static_at_cap/sla/rep_seed963/omega_log.jsonl
{
  "run_id": "static_at_cap_sla_seed963_batch2",
  "algorithm": "baseline_static",
  "mode": "live_testbed",
  "seed": 963002,
  "n_episodes": 1,
  "mean_reward_per_step": 4.764166666666668,
  "mean_blocks_per_episode": 0.0,
  "mean_urllc_blocks_per_episode": 0.0,
  "blocks_per_episode": [
    0
  ],
  "blocks_per_episode_by_slice": [
    {}
  ],
  "mean_rho": null,
  "omega_path": "/home/kmanojp/oranslice_rig/experiments/results/live_campaign_v2/static_at_cap/sla/rep_seed963/omega_log.jsonl",
  "checkpoint_path": "",
  "drift_flag": false,
  "drift_reason": "",
  "sla_compliance_by_slice": {
    "embb": 1.0,
    "urllc": 1.0,
    "mmtc": 1.0
  },
  "sla_compliance_all_slices": 1.0,
  "sla_compliance_by_slice_per_episode": [
    {
      "embb": 1.0,
      "urllc": 1.0,
      "mmtc": 1.0
    }
  ],
  "sla_margin_by_slice": {
    "embb": 0.9999999925512845,
    "urllc": 0.734256035770911,
    "mmtc": 0.7199959855205993
  },
  "sla_margin_by_slice_per_episode": [
    {
      "embb": 0.9999999925512845,
      "urllc": 0.734256035770911,
      "mmtc": 0.7199959855205993
    }
  ],
  "mean_mos_by_slice": {
    "embb": 2.171316146850586,
    "urllc": 2.661434765656789,
    "mmtc": 4.765226944287618
  },
  "mean_cost": 0.3050000000000001,
  "mean_sla_viol": 0.0
}
[orchestrator] DONE: 5/5 episodes completed for static_at_cap rep_seed963. omega log: /home/kmanojp/oranslice_rig/experiments/results/live_campaign_v2/static_at_cap/sla/rep_seed963/omega_log.jsonl
=== 01:11:58 DONE arm=static_at_cap seed=963 (1746s, 1 attempt(s)) ===
=== 01:11:58 DRAIN before arm=baseline seed=963 ===
     rnti=11074: mean=5.00 PRB  max=5.00  n=10
     rnti=18596: mean=5.00 PRB  max=5.00  n=10
     rnti=23751: mean=5.00 PRB  max=5.00  n=10

Done. NEVER send SUBSCRIPTION-type messages: still assert(0!=0) in handle_subscription() on this OAI base (verified 2026-07-14).
=== 01:12:33 RUN arm=baseline seed=963 algo=baseline_static mode=sla episodes=5 ===
[orchestrator] === baseline rep_seed963 batch 0 (2 episodes, batch_seed=963000, 0/5 done so far) ===
[orchestrator] $ bash /home/kmanojp/oranslice_rig/experiments/scripts/health_check.sh
[health] OK: all 3 UEs reachable, 16 RAN processes alive, no recent segfault
[orchestrator] $ python3 /home/kmanojp/oranslice_rig/experiments/scripts/run_baseline_static.py --config /home/kmanojp/oranslice_rig/experiments/configs/saclb_campaign_baseline_v2.yaml --gnb-id gnb-0 --episodes 2 --seed 963000 --run-id baseline_sla_seed963_batch0 --omega-jsonl /home/kmanojp/oranslice_rig/experiments/results/live_campaign_v2/baseline/sla/rep_seed963/omega_log.jsonl --reward-mode sla
[baseline_sla_seed963_batch0] baseline_static: talking to gNB E2 agent (listen=6600, gNB=6655)...

Omega log: /home/kmanojp/oranslice_rig/experiments/results/live_campaign_v2/baseline/sla/rep_seed963/omega_log.jsonl
{
  "run_id": "baseline_sla_seed963_batch0",
  "algorithm": "baseline_static",
  "mode": "live_testbed",
  "seed": 963000,
  "n_episodes": 2,
  "mean_reward_per_step": 5.228750000000001,
  "mean_blocks_per_episode": 0.0,
  "mean_urllc_blocks_per_episode": 0.0,
  "blocks_per_episode": [
    0,
    0
  ],
  "blocks_per_episode_by_slice": [
    {},
    {}
  ],
  "mean_rho": null,
  "omega_path": "/home/kmanojp/oranslice_rig/experiments/results/live_campaign_v2/baseline/sla/rep_seed963/omega_log.jsonl",
  "checkpoint_path": "",
  "drift_flag": false,
  "drift_reason": "",
  "sla_compliance_by_slice": {
    "embb": 1.0,
    "urllc": 1.0,
    "mmtc": 1.0
  },
  "sla_compliance_all_slices": 1.0,
  "sla_compliance_by_slice_per_episode": [
    {
      "embb": 1.0,
      "urllc": 1.0,
      "mmtc": 1.0
    },
    {
      "embb": 1.0,
      "urllc": 1.0,
      "mmtc": 1.0
    }
  ],
  "sla_margin_by_slice": {
    "embb": 0.7575000000000007,
    "urllc": 0.7574781742142667,
    "mmtc": 0.7699996641567541
  },
  "sla_margin_by_slice_per_episode": [
    {
      "embb": 0.8150000000000011,
      "urllc": 0.8149563484285328,
      "mmtc": 0.839999328313508
    },
    {
      "embb": 0.7000000000000004,
      "urllc": 0.7000000000000004,
      "mmtc": 0.7000000000000004
    }
  ],
  "mean_mos_by_slice": {
    "embb": 2.1711539129416146,
    "urllc": 4.225254627068837,
    "mmtc": 4.796917839845022
  },
  "mean_cost": 0.3025,
  "mean_sla_viol": 0.0
}
[orchestrator] === baseline rep_seed963 batch 1 (2 episodes, batch_seed=963001, 2/5 done so far) ===
[orchestrator] $ bash /home/kmanojp/oranslice_rig/experiments/scripts/health_check.sh
[health] FAIL: UE1 (embb) unreachable
[health] FAIL: UE2 (mmtc) unreachable
[health] FAIL: UE3 (urllc) unreachable
[orchestrator] health check failed, restarting stack (attempt 1)
[orchestrator] $ bash /home/kmanojp/oranslice_rig/experiments/scripts/restart_ran_stack.sh
[restart] stopping all RAN processes and tmux sessions
/home/kmanojp/oranslice_rig/experiments/scripts/restart_ran_stack.sh: line 23: 317161 Killed                  sudo pkill -9 -f "nr-uesoftmodem" 2> /dev/null
/home/kmanojp/oranslice_rig/experiments/scripts/restart_ran_stack.sh: line 24: 317163 Killed                  sudo pkill -9 -f "nr-softmodem" 2> /dev/null
[restart] confirmed clean: no RAN processes running
[restart] launching gNB
[restart] gNB up, E2 agent alive
[restart] launching UE1 (embb, default netns)
[restart] UE1 attached
[restart] launching UE2 (mmtc, ue2ns)
[restart] UE2 attached
[restart] launching UE3 (urllc, ue3ns)
[restart] UE3 attached
[restart] verifying connectivity all 3 UEs
[restart] SUCCESS: all 3 UEs attached and reachable
[orchestrator] $ bash /home/kmanojp/oranslice_rig/experiments/scripts/health_check.sh
[health] OK: all 3 UEs reachable, 16 RAN processes alive, no recent segfault
[orchestrator] $ python3 /home/kmanojp/oranslice_rig/experiments/scripts/run_baseline_static.py --config /home/kmanojp/oranslice_rig/experiments/configs/saclb_campaign_baseline_v2.yaml --gnb-id gnb-0 --episodes 2 --seed 963001 --run-id baseline_sla_seed963_batch1 --omega-jsonl /home/kmanojp/oranslice_rig/experiments/results/live_campaign_v2/baseline/sla/rep_seed963/omega_log.jsonl --reward-mode sla
[baseline_sla_seed963_batch1] baseline_static: talking to gNB E2 agent (listen=6600, gNB=6655)...

Omega log: /home/kmanojp/oranslice_rig/experiments/results/live_campaign_v2/baseline/sla/rep_seed963/omega_log.jsonl
{
  "run_id": "baseline_sla_seed963_batch1",
  "algorithm": "baseline_static",
  "mode": "live_testbed",
  "seed": 963001,
  "n_episodes": 2,
  "mean_reward_per_step": 5.4229166666666675,
  "mean_blocks_per_episode": 0.0,
  "mean_urllc_blocks_per_episode": 0.0,
  "blocks_per_episode": [
    0,
    0
  ],
  "blocks_per_episode_by_slice": [
    {},
    {}
  ],
  "mean_rho": null,
  "omega_path": "/home/kmanojp/oranslice_rig/experiments/results/live_campaign_v2/baseline/sla/rep_seed963/omega_log.jsonl",
  "checkpoint_path": "",
  "drift_flag": false,
  "drift_reason": "",
  "sla_compliance_by_slice": {
    "embb": 1.0,
    "urllc": 1.0,
    "mmtc": 1.0
  },
  "sla_compliance_all_slices": 1.0,
  "sla_compliance_by_slice_per_episode": [
    {
      "embb": 1.0,
      "urllc": 1.0,
      "mmtc": 1.0
    },
    {
      "embb": 1.0,
      "urllc": 1.0,
      "mmtc": 1.0
    }
  ],
  "sla_margin_by_slice": {
    "embb": 0.7374999952710333,
    "urllc": 0.7171889858196183,
    "mmtc": 0.7149973377663302
  },
  "sla_margin_by_slice_per_episode": [
    {
      "embb": 0.769999991040719,
      "urllc": 0.7343779716392363,
      "mmtc": 0.7299946755326601
    },
    {
      "embb": 0.7049999995013475,
      "urllc": 0.7000000000000004,
      "mmtc": 0.7000000000000004
    }
  ],
  "mean_mos_by_slice": {
    "embb": 2.171146502097448,
    "urllc": 2.8735562562942505,
    "mmtc": 4.762233940760295
  },
  "mean_cost": 0.3025,
  "mean_sla_viol": 0.0
}
[orchestrator] === baseline rep_seed963 batch 2 (1 episodes, batch_seed=963002, 4/5 done so far) ===
[orchestrator] $ bash /home/kmanojp/oranslice_rig/experiments/scripts/health_check.sh
[health] FAIL: UE1 (embb) unreachable
[health] FAIL: UE2 (mmtc) unreachable
[health] FAIL: UE3 (urllc) unreachable
[orchestrator] health check failed, restarting stack (attempt 1)
[orchestrator] $ bash /home/kmanojp/oranslice_rig/experiments/scripts/restart_ran_stack.sh
[restart] stopping all RAN processes and tmux sessions
/home/kmanojp/oranslice_rig/experiments/scripts/restart_ran_stack.sh: line 23: 322592 Killed                  sudo pkill -9 -f "nr-uesoftmodem" 2> /dev/null
/home/kmanojp/oranslice_rig/experiments/scripts/restart_ran_stack.sh: line 24: 322594 Killed                  sudo pkill -9 -f "nr-softmodem" 2> /dev/null
[restart] confirmed clean: no RAN processes running
[restart] launching gNB
[restart] gNB up, E2 agent alive
[restart] launching UE1 (embb, default netns)
[restart] UE1 attached
[restart] launching UE2 (mmtc, ue2ns)
[restart] UE2 attached
[restart] launching UE3 (urllc, ue3ns)
[restart] UE3 attached
[restart] verifying connectivity all 3 UEs
[restart] SUCCESS: all 3 UEs attached and reachable
[orchestrator] $ bash /home/kmanojp/oranslice_rig/experiments/scripts/health_check.sh
[health] OK: all 3 UEs reachable, 16 RAN processes alive, no recent segfault
[orchestrator] $ python3 /home/kmanojp/oranslice_rig/experiments/scripts/run_baseline_static.py --config /home/kmanojp/oranslice_rig/experiments/configs/saclb_campaign_baseline_v2.yaml --gnb-id gnb-0 --episodes 1 --seed 963002 --run-id baseline_sla_seed963_batch2 --omega-jsonl /home/kmanojp/oranslice_rig/experiments/results/live_campaign_v2/baseline/sla/rep_seed963/omega_log.jsonl --reward-mode sla
[baseline_sla_seed963_batch2] baseline_static: talking to gNB E2 agent (listen=6600, gNB=6655)...

Omega log: /home/kmanojp/oranslice_rig/experiments/results/live_campaign_v2/baseline/sla/rep_seed963/omega_log.jsonl
{
  "run_id": "baseline_sla_seed963_batch2",
  "algorithm": "baseline_static",
  "mode": "live_testbed",
  "seed": 963002,
  "n_episodes": 1,
  "mean_reward_per_step": 4.764166666666668,
  "mean_blocks_per_episode": 0.0,
  "mean_urllc_blocks_per_episode": 0.0,
  "blocks_per_episode": [
    0
  ],
  "blocks_per_episode_by_slice": [
    {}
  ],
  "mean_rho": null,
  "omega_path": "/home/kmanojp/oranslice_rig/experiments/results/live_campaign_v2/baseline/sla/rep_seed963/omega_log.jsonl",
  "checkpoint_path": "",
  "drift_flag": false,
  "drift_reason": "",
  "sla_compliance_by_slice": {
    "embb": 1.0,
    "urllc": 1.0,
    "mmtc": 1.0
  },
  "sla_compliance_all_slices": 1.0,
  "sla_compliance_by_slice_per_episode": [
    {
      "embb": 1.0,
      "urllc": 1.0,
      "mmtc": 1.0
    }
  ],
  "sla_margin_by_slice": {
    "embb": 0.7699999889391589,
    "urllc": 0.7345118851463005,
    "mmtc": 0.7249950347228501
  },
  "sla_margin_by_slice_per_episode": [
    {
      "embb": 0.7699999889391589,
      "urllc": 0.7345118851463005,
      "mmtc": 0.7249950347228501
    }
  ],
  "mean_mos_by_slice": {
    "embb": 2.171098478635152,
    "urllc": 3.2242040236790976,
    "mmtc": 4.76840611298879
  },
  "mean_cost": 0.3050000000000001,
  "mean_sla_viol": 0.0
}
[orchestrator] DONE: 5/5 episodes completed for baseline rep_seed963. omega log: /home/kmanojp/oranslice_rig/experiments/results/live_campaign_v2/baseline/sla/rep_seed963/omega_log.jsonl
=== 01:41:11 DONE arm=baseline seed=963 (1753s, 1 attempt(s)) ===
=== 01:41:11 DRAIN before arm=dqn_sla seed=963 ===
     rnti=6074: mean=5.00 PRB  max=5.00  n=10
     rnti=50445: mean=5.00 PRB  max=5.00  n=10
     rnti=59835: mean=5.00 PRB  max=5.00  n=10

Done. NEVER send SUBSCRIPTION-type messages: still assert(0!=0) in handle_subscription() on this OAI base (verified 2026-07-14).
=== 01:41:46 RUN arm=dqn_sla seed=963 algo=dqn mode=sla episodes=5 ===
[orchestrator] === dqn_sla rep_seed963 batch 0 (2 episodes, batch_seed=963000, 0/5 done so far) ===
[orchestrator] $ bash /home/kmanojp/oranslice_rig/experiments/scripts/health_check.sh
[health] OK: all 3 UEs reachable, 16 RAN processes alive, no recent segfault
[orchestrator] $ python3 /home/kmanojp/oranslice_rig/framework/qoe_oran_framework/xapp/saclb_xapp.py --config /home/kmanojp/oranslice_rig/experiments/configs/saclb_campaign_v2.yaml --algorithm dqn --checkpoint /home/kmanojp/oranslice_rig/experiments/results/offline_v2/sla/seed256/dqn/offline_closed_loop/rep_0/checkpoint.pt --gnb-id gnb-0 --episodes 2 --seed 963000 --run-id dqn_sla_sla_seed963_batch0 --omega-jsonl /home/kmanojp/oranslice_rig/experiments/results/live_campaign_v2/dqn_sla/sla/rep_seed963/omega_log.jsonl --reward-mode sla
[dqn_sla_sla_seed963_batch0] talking to gNB E2 agent (listen=6600, gNB=6655)...

Omega log: /home/kmanojp/oranslice_rig/experiments/results/live_campaign_v2/dqn_sla/sla/rep_seed963/omega_log.jsonl
{
  "run_id": "dqn_sla_sla_seed963_batch0",
  "algorithm": "dqn",
  "mode": "live_testbed",
  "seed": 963000,
  "n_episodes": 2,
  "mean_reward_per_step": 0.0,
  "mean_blocks_per_episode": 121.0,
  "mean_urllc_blocks_per_episode": 33.5,
  "blocks_per_episode": [
    122,
    120
  ],
  "blocks_per_episode_by_slice": [
    {
      "mmtc": 43,
      "urllc": 32,
      "embb": 47
    },
    {
      "mmtc": 40,
      "embb": 45,
      "urllc": 35
    }
  ],
  "mean_rho": null,
  "omega_path": "/home/kmanojp/oranslice_rig/experiments/results/live_campaign_v2/dqn_sla/sla/rep_seed963/omega_log.jsonl",
  "checkpoint_path": "",
  "drift_flag": true,
  "drift_reason": "mean URLLC block rate 33.50/episode exceeds 2x the 1.0/episode acceptance bar",
  "sla_compliance_by_slice": {
    "embb": 1.0,
    "urllc": 1.0,
    "mmtc": 1.0
  },
  "sla_compliance_all_slices": 1.0,
  "sla_compliance_by_slice_per_episode": [
    {
      "embb": 1.0,
      "urllc": 1.0,
      "mmtc": 1.0
    },
    {
      "embb": 1.0,
      "urllc": 1.0,
      "mmtc": 1.0
    }
  ],
  "sla_margin_by_slice": {
    "embb": 0.7774999999029921,
    "urllc": 0.7599865571120615,
    "mmtc": 0.7774997291450673
  },
  "sla_margin_by_slice_per_episode": [
    {
      "embb": 0.8549999998059837,
      "urllc": 0.8199731142241227,
      "mmtc": 0.8549994582901341
    },
    {
      "embb": 0.7000000000000004,
      "urllc": 0.7000000000000004,
      "mmtc": 0.7000000000000004
    }
  ],
  "mean_mos_by_slice": {
    "embb": 2.1711622893810274,
    "urllc": 4.231554770469666,
    "mmtc": 4.801683644453685
  },
  "mean_cost": 0.0,
  "mean_sla_viol": 0.0
}
[orchestrator] === dqn_sla rep_seed963 batch 1 (2 episodes, batch_seed=963001, 2/5 done so far) ===
[orchestrator] $ bash /home/kmanojp/oranslice_rig/experiments/scripts/health_check.sh
[health] FAIL: UE1 (embb) unreachable
[health] FAIL: UE2 (mmtc) unreachable
[health] FAIL: UE3 (urllc) unreachable
[orchestrator] health check failed, restarting stack (attempt 1)
[orchestrator] $ bash /home/kmanojp/oranslice_rig/experiments/scripts/restart_ran_stack.sh
[restart] stopping all RAN processes and tmux sessions
/home/kmanojp/oranslice_rig/experiments/scripts/restart_ran_stack.sh: line 23: 330668 Killed                  sudo pkill -9 -f "nr-uesoftmodem" 2> /dev/null
/home/kmanojp/oranslice_rig/experiments/scripts/restart_ran_stack.sh: line 24: 330670 Killed                  sudo pkill -9 -f "nr-softmodem" 2> /dev/null
[restart] confirmed clean: no RAN processes running
[restart] launching gNB
[restart] gNB up, E2 agent alive
[restart] launching UE1 (embb, default netns)
[restart] UE1 attached
[restart] launching UE2 (mmtc, ue2ns)
[restart] UE2 attached
[restart] launching UE3 (urllc, ue3ns)
[restart] UE3 attached
[restart] verifying connectivity all 3 UEs
[restart] SUCCESS: all 3 UEs attached and reachable
[orchestrator] $ bash /home/kmanojp/oranslice_rig/experiments/scripts/health_check.sh
[health] OK: all 3 UEs reachable, 16 RAN processes alive, no recent segfault
[orchestrator] $ python3 /home/kmanojp/oranslice_rig/framework/qoe_oran_framework/xapp/saclb_xapp.py --config /home/kmanojp/oranslice_rig/experiments/configs/saclb_campaign_v2.yaml --algorithm dqn --checkpoint /home/kmanojp/oranslice_rig/experiments/results/offline_v2/sla/seed256/dqn/offline_closed_loop/rep_0/checkpoint.pt --gnb-id gnb-0 --episodes 2 --seed 963001 --run-id dqn_sla_sla_seed963_batch1 --omega-jsonl /home/kmanojp/oranslice_rig/experiments/results/live_campaign_v2/dqn_sla/sla/rep_seed963/omega_log.jsonl --reward-mode sla
[dqn_sla_sla_seed963_batch1] talking to gNB E2 agent (listen=6600, gNB=6655)...

Omega log: /home/kmanojp/oranslice_rig/experiments/results/live_campaign_v2/dqn_sla/sla/rep_seed963/omega_log.jsonl
{
  "run_id": "dqn_sla_sla_seed963_batch1",
  "algorithm": "dqn",
  "mode": "live_testbed",
  "seed": 963001,
  "n_episodes": 2,
  "mean_reward_per_step": 0.0,
  "mean_blocks_per_episode": 121.0,
  "mean_urllc_blocks_per_episode": 37.0,
  "blocks_per_episode": [
    122,
    120
  ],
  "blocks_per_episode_by_slice": [
    {
      "mmtc": 42,
      "urllc": 43,
      "embb": 37
    },
    {
      "embb": 52,
      "urllc": 31,
      "mmtc": 37
    }
  ],
  "mean_rho": null,
  "omega_path": "/home/kmanojp/oranslice_rig/experiments/results/live_campaign_v2/dqn_sla/sla/rep_seed963/omega_log.jsonl",
  "checkpoint_path": "",
  "drift_flag": true,
  "drift_reason": "mean URLLC block rate 37.00/episode exceeds 2x the 1.0/episode acceptance bar",
  "sla_compliance_by_slice": {
    "embb": 1.0,
    "urllc": 1.0,
    "mmtc": 1.0
  },
  "sla_compliance_all_slices": 1.0,
  "sla_compliance_by_slice_per_episode": [
    {
      "embb": 1.0,
      "urllc": 1.0,
      "mmtc": 1.0
    },
    {
      "embb": 1.0,
      "urllc": 1.0,
      "mmtc": 1.0
    }
  ],
  "sla_margin_by_slice": {
    "embb": 0.7299999964171116,
    "urllc": 0.7148467169236397,
    "mmtc": 0.7074988832881393
  },
  "sla_margin_by_slice_per_episode": [
    {
      "embb": 0.7599999928342226,
      "urllc": 0.7296934338472788,
      "mmtc": 0.7149977665762781
    },
    {
      "embb": 0.7000000000000004,
      "urllc": 0.7000000000000004,
      "mmtc": 0.7000000000000004
    }
  ],
  "mean_mos_by_slice": {
    "embb": 2.1711433549722035,
    "urllc": 3.4648075381914776,
    "mmtc": 4.75741016070048
  },
  "mean_cost": 0.0,
  "mean_sla_viol": 0.0
}
[orchestrator] === dqn_sla rep_seed963 batch 2 (1 episodes, batch_seed=963002, 4/5 done so far) ===
[orchestrator] $ bash /home/kmanojp/oranslice_rig/experiments/scripts/health_check.sh
[health] FAIL: UE1 (embb) unreachable
[health] FAIL: UE2 (mmtc) unreachable
[health] FAIL: UE3 (urllc) unreachable
[orchestrator] health check failed, restarting stack (attempt 1)
[orchestrator] $ bash /home/kmanojp/oranslice_rig/experiments/scripts/restart_ran_stack.sh
[restart] stopping all RAN processes and tmux sessions
/home/kmanojp/oranslice_rig/experiments/scripts/restart_ran_stack.sh: line 23: 336121 Killed                  sudo pkill -9 -f "nr-uesoftmodem" 2> /dev/null
/home/kmanojp/oranslice_rig/experiments/scripts/restart_ran_stack.sh: line 24: 336123 Killed                  sudo pkill -9 -f "nr-softmodem" 2> /dev/null
[restart] confirmed clean: no RAN processes running
[restart] launching gNB
[restart] gNB up, E2 agent alive
[restart] launching UE1 (embb, default netns)
[restart] UE1 attached
[restart] launching UE2 (mmtc, ue2ns)
[restart] UE2 attached
[restart] launching UE3 (urllc, ue3ns)
[restart] UE3 attached
[restart] verifying connectivity all 3 UEs
[restart] SUCCESS: all 3 UEs attached and reachable
[orchestrator] $ bash /home/kmanojp/oranslice_rig/experiments/scripts/health_check.sh
[health] OK: all 3 UEs reachable, 16 RAN processes alive, no recent segfault
[orchestrator] $ python3 /home/kmanojp/oranslice_rig/framework/qoe_oran_framework/xapp/saclb_xapp.py --config /home/kmanojp/oranslice_rig/experiments/configs/saclb_campaign_v2.yaml --algorithm dqn --checkpoint /home/kmanojp/oranslice_rig/experiments/results/offline_v2/sla/seed256/dqn/offline_closed_loop/rep_0/checkpoint.pt --gnb-id gnb-0 --episodes 1 --seed 963002 --run-id dqn_sla_sla_seed963_batch2 --omega-jsonl /home/kmanojp/oranslice_rig/experiments/results/live_campaign_v2/dqn_sla/sla/rep_seed963/omega_log.jsonl --reward-mode sla
[dqn_sla_sla_seed963_batch2] talking to gNB E2 agent (listen=6600, gNB=6655)...

Omega log: /home/kmanojp/oranslice_rig/experiments/results/live_campaign_v2/dqn_sla/sla/rep_seed963/omega_log.jsonl
{
  "run_id": "dqn_sla_sla_seed963_batch2",
  "algorithm": "dqn",
  "mode": "live_testbed",
  "seed": 963002,
  "n_episodes": 1,
  "mean_reward_per_step": 0.0,
  "mean_blocks_per_episode": 122.0,
  "mean_urllc_blocks_per_episode": 33.0,
  "blocks_per_episode": [
    122
  ],
  "blocks_per_episode_by_slice": [
    {
      "mmtc": 51,
      "urllc": 33,
      "embb": 38
    }
  ],
  "mean_rho": null,
  "omega_path": "/home/kmanojp/oranslice_rig/experiments/results/live_campaign_v2/dqn_sla/sla/rep_seed963/omega_log.jsonl",
  "checkpoint_path": "",
  "drift_flag": true,
  "drift_reason": "mean URLLC block rate 33.00/episode exceeds 2x the 1.0/episode acceptance bar",
  "sla_compliance_by_slice": {
    "embb": 1.0,
    "urllc": 1.0,
    "mmtc": 1.0
  },
  "sla_compliance_all_slices": 1.0,
  "sla_compliance_by_slice_per_episode": [
    {
      "embb": 1.0,
      "urllc": 1.0,
      "mmtc": 1.0
    }
  ],
  "sla_margin_by_slice": {
    "embb": 0.749999993389928,
    "urllc": 0.7442057176306849,
    "mmtc": 0.7249959781257318
  },
  "sla_margin_by_slice_per_episode": [
    {
      "embb": 0.749999993389928,
      "urllc": 0.7442057176306849,
      "mmtc": 0.7249959781257318
    }
  ],
  "mean_mos_by_slice": {
    "embb": 2.1710901180903117,
    "urllc": 2.9396339893341064,
    "mmtc": 4.768343989054362
  },
  "mean_cost": 0.0,
  "mean_sla_viol": 0.0
}
[orchestrator] DONE: 5/5 episodes completed for dqn_sla rep_seed963. omega log: /home/kmanojp/oranslice_rig/experiments/results/live_campaign_v2/dqn_sla/sla/rep_seed963/omega_log.jsonl
=== 02:10:32 DONE arm=dqn_sla seed=963 (1761s, 1 attempt(s)) ===
=== seed=964 episodes=5 arm_order=static_at_cap baseline dqn_sla dqn_qoe ===
=== 02:10:32 DRAIN before arm=static_at_cap seed=964 ===
     rnti=2523: mean=5.00 PRB  max=5.00  n=10
     rnti=28577: mean=5.00 PRB  max=5.00  n=10
     rnti=63359: mean=5.00 PRB  max=5.00  n=10

Done. NEVER send SUBSCRIPTION-type messages: still assert(0!=0) in handle_subscription() on this OAI base (verified 2026-07-14).
=== 02:11:07 RUN arm=static_at_cap seed=964 algo=baseline_static mode=sla episodes=5 ===
[orchestrator] === static_at_cap rep_seed964 batch 0 (2 episodes, batch_seed=964000, 0/5 done so far) ===
[orchestrator] $ bash /home/kmanojp/oranslice_rig/experiments/scripts/health_check.sh
[health] OK: all 3 UEs reachable, 16 RAN processes alive, no recent segfault
[orchestrator] $ python3 /home/kmanojp/oranslice_rig/experiments/scripts/run_baseline_static.py --config /home/kmanojp/oranslice_rig/experiments/configs/saclb_campaign_static_at_cap_v2.yaml --gnb-id gnb-0 --episodes 2 --seed 964000 --run-id static_at_cap_sla_seed964_batch0 --omega-jsonl /home/kmanojp/oranslice_rig/experiments/results/live_campaign_v2/static_at_cap/sla/rep_seed964/omega_log.jsonl --reward-mode sla
[static_at_cap_sla_seed964_batch0] baseline_static: talking to gNB E2 agent (listen=6600, gNB=6655)...

Omega log: /home/kmanojp/oranslice_rig/experiments/results/live_campaign_v2/static_at_cap/sla/rep_seed964/omega_log.jsonl
{
  "run_id": "static_at_cap_sla_seed964_batch0",
  "algorithm": "baseline_static",
  "mode": "live_testbed",
  "seed": 964000,
  "n_episodes": 2,
  "mean_reward_per_step": 5.389583333333335,
  "mean_blocks_per_episode": 0.0,
  "mean_urllc_blocks_per_episode": 0.0,
  "blocks_per_episode": [
    0,
    0
  ],
  "blocks_per_episode_by_slice": [
    {},
    {}
  ],
  "mean_rho": null,
  "omega_path": "/home/kmanojp/oranslice_rig/experiments/results/live_campaign_v2/static_at_cap/sla/rep_seed964/omega_log.jsonl",
  "checkpoint_path": "",
  "drift_flag": false,
  "drift_reason": "",
  "sla_compliance_by_slice": {
    "embb": 1.0,
    "urllc": 1.0,
    "mmtc": 1.0
  },
  "sla_compliance_all_slices": 1.0,
  "sla_compliance_by_slice_per_episode": [
    {
      "embb": 1.0,
      "urllc": 1.0,
      "mmtc": 1.0
    },
    {
      "embb": 1.0,
      "urllc": 1.0,
      "mmtc": 1.0
    }
  ],
  "sla_margin_by_slice": {
    "embb": 0.9999999999813698,
    "urllc": 0.817458768599997,
    "mmtc": 0.7999996510694458
  },
  "sla_margin_by_slice_per_episode": [
    {
      "embb": 0.9999999999627397,
      "urllc": 0.9349175371999936,
      "mmtc": 0.8999993021388913
    },
    {
      "embb": 1.0,
      "urllc": 0.7000000000000004,
      "mmtc": 0.7000000000000004
    }
  ],
  "mean_mos_by_slice": {
    "embb": 2.171316146850586,
    "urllc": 4.375733546415964,
    "mmtc": 4.815988151232402
  },
  "mean_cost": 0.3025,
  "mean_sla_viol": 0.0
}
[orchestrator] === static_at_cap rep_seed964 batch 1 (2 episodes, batch_seed=964001, 2/5 done so far) ===
[orchestrator] $ bash /home/kmanojp/oranslice_rig/experiments/scripts/health_check.sh
[health] FAIL: UE2 (mmtc) unreachable
[health] FAIL: UE3 (urllc) unreachable
[orchestrator] health check failed, restarting stack (attempt 1)
[orchestrator] $ bash /home/kmanojp/oranslice_rig/experiments/scripts/restart_ran_stack.sh
[restart] stopping all RAN processes and tmux sessions
/home/kmanojp/oranslice_rig/experiments/scripts/restart_ran_stack.sh: line 23: 344138 Killed                  sudo pkill -9 -f "nr-uesoftmodem" 2> /dev/null
/home/kmanojp/oranslice_rig/experiments/scripts/restart_ran_stack.sh: line 24: 344140 Killed                  sudo pkill -9 -f "nr-softmodem" 2> /dev/null
[restart] confirmed clean: no RAN processes running
[restart] launching gNB
[restart] gNB up, E2 agent alive
[restart] launching UE1 (embb, default netns)
[restart] UE1 attached
[restart] launching UE2 (mmtc, ue2ns)
[restart] UE2 attached
[restart] launching UE3 (urllc, ue3ns)
[restart] UE3 attached
[restart] verifying connectivity all 3 UEs
[restart] SUCCESS: all 3 UEs attached and reachable
[orchestrator] $ bash /home/kmanojp/oranslice_rig/experiments/scripts/health_check.sh
[health] OK: all 3 UEs reachable, 16 RAN processes alive, no recent segfault
[orchestrator] $ python3 /home/kmanojp/oranslice_rig/experiments/scripts/run_baseline_static.py --config /home/kmanojp/oranslice_rig/experiments/configs/saclb_campaign_static_at_cap_v2.yaml --gnb-id gnb-0 --episodes 2 --seed 964001 --run-id static_at_cap_sla_seed964_batch1 --omega-jsonl /home/kmanojp/oranslice_rig/experiments/results/live_campaign_v2/static_at_cap/sla/rep_seed964/omega_log.jsonl --reward-mode sla
[static_at_cap_sla_seed964_batch1] baseline_static: talking to gNB E2 agent (listen=6600, gNB=6655)...

Omega log: /home/kmanojp/oranslice_rig/experiments/results/live_campaign_v2/static_at_cap/sla/rep_seed964/omega_log.jsonl
{
  "run_id": "static_at_cap_sla_seed964_batch1",
  "algorithm": "baseline_static",
  "mode": "live_testbed",
  "seed": 964001,
  "n_episodes": 2,
  "mean_reward_per_step": 5.280416666666667,
  "mean_blocks_per_episode": 0.0,
  "mean_urllc_blocks_per_episode": 0.0,
  "blocks_per_episode": [
    0,
    0
  ],
  "blocks_per_episode_by_slice": [
    {},
    {}
  ],
  "mean_rho": null,
  "omega_path": "/home/kmanojp/oranslice_rig/experiments/results/live_campaign_v2/static_at_cap/sla/rep_seed964/omega_log.jsonl",
  "checkpoint_path": "",
  "drift_flag": false,
  "drift_reason": "",
  "sla_compliance_by_slice": {
    "embb": 1.0,
    "urllc": 1.0,
    "mmtc": 1.0
  },
  "sla_compliance_all_slices": 1.0,
  "sla_compliance_by_slice_per_episode": [
    {
      "embb": 1.0,
      "urllc": 1.0,
      "mmtc": 1.0
    },
    {
      "embb": 1.0,
      "urllc": 1.0,
      "mmtc": 1.0
    }
  ],
  "sla_margin_by_slice": {
    "embb": 0.9999999950712846,
    "urllc": 0.7048855439635618,
    "mmtc": 0.7124969350140118
  },
  "sla_margin_by_slice_per_episode": [
    {
      "embb": 0.9999999901425692,
      "urllc": 0.7097710879271233,
      "mmtc": 0.7199950438524445
    },
    {
      "embb": 1.0,
      "urllc": 0.7000000000000004,
      "mmtc": 0.7049988261755792
    }
  ],
  "mean_mos_by_slice": {
    "embb": 2.171316146850586,
    "urllc": 2.5950923760732016,
    "mmtc": 4.760799010594686
  },
  "mean_cost": 0.3025,
  "mean_sla_viol": 0.0
}
[orchestrator] === static_at_cap rep_seed964 batch 2 (1 episodes, batch_seed=964002, 4/5 done so far) ===
[orchestrator] $ bash /home/kmanojp/oranslice_rig/experiments/scripts/health_check.sh
[health] FAIL: UE2 (mmtc) unreachable
[health] FAIL: UE3 (urllc) unreachable
[orchestrator] health check failed, restarting stack (attempt 1)
[orchestrator] $ bash /home/kmanojp/oranslice_rig/experiments/scripts/restart_ran_stack.sh
[restart] stopping all RAN processes and tmux sessions
/home/kmanojp/oranslice_rig/experiments/scripts/restart_ran_stack.sh: line 23: 349527 Killed                  sudo pkill -9 -f "nr-uesoftmodem" 2> /dev/null
/home/kmanojp/oranslice_rig/experiments/scripts/restart_ran_stack.sh: line 24: 349529 Killed                  sudo pkill -9 -f "nr-softmodem" 2> /dev/null
[restart] confirmed clean: no RAN processes running
[restart] launching gNB
[restart] gNB up, E2 agent alive
[restart] launching UE1 (embb, default netns)
[restart] UE1 attached
[restart] launching UE2 (mmtc, ue2ns)
[restart] UE2 attached
[restart] launching UE3 (urllc, ue3ns)
[restart] UE3 attached
[restart] verifying connectivity all 3 UEs
[restart] SUCCESS: all 3 UEs attached and reachable
[orchestrator] $ bash /home/kmanojp/oranslice_rig/experiments/scripts/health_check.sh
[health] OK: all 3 UEs reachable, 16 RAN processes alive, no recent segfault
[orchestrator] $ python3 /home/kmanojp/oranslice_rig/experiments/scripts/run_baseline_static.py --config /home/kmanojp/oranslice_rig/experiments/configs/saclb_campaign_static_at_cap_v2.yaml --gnb-id gnb-0 --episodes 1 --seed 964002 --run-id static_at_cap_sla_seed964_batch2 --omega-jsonl /home/kmanojp/oranslice_rig/experiments/results/live_campaign_v2/static_at_cap/sla/rep_seed964/omega_log.jsonl --reward-mode sla
[static_at_cap_sla_seed964_batch2] baseline_static: talking to gNB E2 agent (listen=6600, gNB=6655)...

Omega log: /home/kmanojp/oranslice_rig/experiments/results/live_campaign_v2/static_at_cap/sla/rep_seed964/omega_log.jsonl
{
  "run_id": "static_at_cap_sla_seed964_batch2",
  "algorithm": "baseline_static",
  "mode": "live_testbed",
  "seed": 964002,
  "n_episodes": 1,
  "mean_reward_per_step": 5.867500000000001,
  "mean_blocks_per_episode": 0.0,
  "mean_urllc_blocks_per_episode": 0.0,
  "blocks_per_episode": [
    0
  ],
  "blocks_per_episode_by_slice": [
    {}
  ],
  "mean_rho": null,
  "omega_path": "/home/kmanojp/oranslice_rig/experiments/results/live_campaign_v2/static_at_cap/sla/rep_seed964/omega_log.jsonl",
  "checkpoint_path": "",
  "drift_flag": false,
  "drift_reason": "",
  "sla_compliance_by_slice": {
    "embb": 1.0,
    "urllc": 1.0,
    "mmtc": 1.0
  },
  "sla_compliance_all_slices": 1.0,
  "sla_compliance_by_slice_per_episode": [
    {
      "embb": 1.0,
      "urllc": 1.0,
      "mmtc": 1.0
    }
  ],
  "sla_margin_by_slice": {
    "embb": 0.9999999939759616,
    "urllc": 0.7393139506007239,
    "mmtc": 0.719996386968581
  },
  "sla_margin_by_slice_per_episode": [
    {
      "embb": 0.9999999939759616,
      "urllc": 0.7393139506007239,
      "mmtc": 0.719996386968581
    }
  ],
  "mean_mos_by_slice": {
    "embb": 2.171316146850586,
    "urllc": 2.9692537943522135,
    "mmtc": 4.765194249153137
  },
  "mean_cost": 0.3050000000000001,
  "mean_sla_viol": 0.0
}
[orchestrator] DONE: 5/5 episodes completed for static_at_cap rep_seed964. omega log: /home/kmanojp/oranslice_rig/experiments/results/live_campaign_v2/static_at_cap/sla/rep_seed964/omega_log.jsonl
=== 02:39:38 DONE arm=static_at_cap seed=964 (1746s, 1 attempt(s)) ===
=== 02:39:38 DRAIN before arm=baseline seed=964 ===
     rnti=2332: mean=5.00 PRB  max=5.00  n=10
     rnti=5288: mean=5.00 PRB  max=5.00  n=10
     rnti=20249: mean=5.00 PRB  max=5.00  n=10

Done. NEVER send SUBSCRIPTION-type messages: still assert(0!=0) in handle_subscription() on this OAI base (verified 2026-07-14).
=== 02:40:13 RUN arm=baseline seed=964 algo=baseline_static mode=sla episodes=5 ===
[orchestrator] === baseline rep_seed964 batch 0 (2 episodes, batch_seed=964000, 0/5 done so far) ===
[orchestrator] $ bash /home/kmanojp/oranslice_rig/experiments/scripts/health_check.sh
[health] OK: all 3 UEs reachable, 16 RAN processes alive, no recent segfault
[orchestrator] $ python3 /home/kmanojp/oranslice_rig/experiments/scripts/run_baseline_static.py --config /home/kmanojp/oranslice_rig/experiments/configs/saclb_campaign_baseline_v2.yaml --gnb-id gnb-0 --episodes 2 --seed 964000 --run-id baseline_sla_seed964_batch0 --omega-jsonl /home/kmanojp/oranslice_rig/experiments/results/live_campaign_v2/baseline/sla/rep_seed964/omega_log.jsonl --reward-mode sla
[baseline_sla_seed964_batch0] baseline_static: talking to gNB E2 agent (listen=6600, gNB=6655)...

Omega log: /home/kmanojp/oranslice_rig/experiments/results/live_campaign_v2/baseline/sla/rep_seed964/omega_log.jsonl
{
  "run_id": "baseline_sla_seed964_batch0",
  "algorithm": "baseline_static",
  "mode": "live_testbed",
  "seed": 964000,
  "n_episodes": 2,
  "mean_reward_per_step": 5.389583333333335,
  "mean_blocks_per_episode": 0.0,
  "mean_urllc_blocks_per_episode": 0.0,
  "blocks_per_episode": [
    0,
    0
  ],
  "blocks_per_episode_by_slice": [
    {},
    {}
  ],
  "mean_rho": null,
  "omega_path": "/home/kmanojp/oranslice_rig/experiments/results/live_campaign_v2/baseline/sla/rep_seed964/omega_log.jsonl",
  "checkpoint_path": "",
  "drift_flag": false,
  "drift_reason": "",
  "sla_compliance_by_slice": {
    "embb": 1.0,
    "urllc": 1.0,
    "mmtc": 1.0
  },
  "sla_compliance_all_slices": 1.0,
  "sla_compliance_by_slice_per_episode": [
    {
      "embb": 1.0,
      "urllc": 1.0,
      "mmtc": 1.0
    },
    {
      "embb": 1.0,
      "urllc": 1.0,
      "mmtc": 1.0
    }
  ],
  "sla_margin_by_slice": {
    "embb": 0.7350000000000005,
    "urllc": 0.779975469487982,
    "mmtc": 0.7674997376059374
  },
  "sla_margin_by_slice_per_episode": [
    {
      "embb": 0.7700000000000007,
      "urllc": 0.8599509389759636,
      "mmtc": 0.8349994752118743
    },
    {
      "embb": 0.7000000000000004,
      "urllc": 0.7000000000000004,
      "mmtc": 0.7000000000000004
    }
  ],
  "mean_mos_by_slice": {
    "embb": 2.171144489447276,
    "urllc": 4.281698151429494,
    "mmtc": 4.795326562722524
  },
  "mean_cost": 0.3025,
  "mean_sla_viol": 0.0
}
[orchestrator] === baseline rep_seed964 batch 1 (2 episodes, batch_seed=964001, 2/5 done so far) ===
[orchestrator] $ bash /home/kmanojp/oranslice_rig/experiments/scripts/health_check.sh
[health] FAIL: UE1 (embb) unreachable
[health] FAIL: UE2 (mmtc) unreachable
[health] FAIL: UE3 (urllc) unreachable
[orchestrator] health check failed, restarting stack (attempt 1)
[orchestrator] $ bash /home/kmanojp/oranslice_rig/experiments/scripts/restart_ran_stack.sh
[restart] stopping all RAN processes and tmux sessions
/home/kmanojp/oranslice_rig/experiments/scripts/restart_ran_stack.sh: line 23: 357537 Killed                  sudo pkill -9 -f "nr-uesoftmodem" 2> /dev/null
/home/kmanojp/oranslice_rig/experiments/scripts/restart_ran_stack.sh: line 24: 357539 Killed                  sudo pkill -9 -f "nr-softmodem" 2> /dev/null
[restart] confirmed clean: no RAN processes running
[restart] launching gNB
[restart] gNB up, E2 agent alive
[restart] launching UE1 (embb, default netns)
[restart] UE1 attached
[restart] launching UE2 (mmtc, ue2ns)
[restart] UE2 attached
[restart] launching UE3 (urllc, ue3ns)
[restart] UE3 attached
[restart] verifying connectivity all 3 UEs
[restart] SUCCESS: all 3 UEs attached and reachable
[orchestrator] $ bash /home/kmanojp/oranslice_rig/experiments/scripts/health_check.sh
[health] OK: all 3 UEs reachable, 16 RAN processes alive, no recent segfault
[orchestrator] $ python3 /home/kmanojp/oranslice_rig/experiments/scripts/run_baseline_static.py --config /home/kmanojp/oranslice_rig/experiments/configs/saclb_campaign_baseline_v2.yaml --gnb-id gnb-0 --episodes 2 --seed 964001 --run-id baseline_sla_seed964_batch1 --omega-jsonl /home/kmanojp/oranslice_rig/experiments/results/live_campaign_v2/baseline/sla/rep_seed964/omega_log.jsonl --reward-mode sla
[baseline_sla_seed964_batch1] baseline_static: talking to gNB E2 agent (listen=6600, gNB=6655)...

Omega log: /home/kmanojp/oranslice_rig/experiments/results/live_campaign_v2/baseline/sla/rep_seed964/omega_log.jsonl
{
  "run_id": "baseline_sla_seed964_batch1",
  "algorithm": "baseline_static",
  "mode": "live_testbed",
  "seed": 964001,
  "n_episodes": 2,
  "mean_reward_per_step": 5.280416666666667,
  "mean_blocks_per_episode": 0.0,
  "mean_urllc_blocks_per_episode": 0.0,
  "blocks_per_episode": [
    0,
    0
  ],
  "blocks_per_episode_by_slice": [
    {},
    {}
  ],
  "mean_rho": null,
  "omega_path": "/home/kmanojp/oranslice_rig/experiments/results/live_campaign_v2/baseline/sla/rep_seed964/omega_log.jsonl",
  "checkpoint_path": "",
  "drift_flag": false,
  "drift_reason": "",
  "sla_compliance_by_slice": {
    "embb": 1.0,
    "urllc": 1.0,
    "mmtc": 1.0
  },
  "sla_compliance_all_slices": 1.0,
  "sla_compliance_by_slice_per_episode": [
    {
      "embb": 1.0,
      "urllc": 1.0,
      "mmtc": 1.0
    },
    {
      "embb": 1.0,
      "urllc": 1.0,
      "mmtc": 1.0
    }
  ],
  "sla_margin_by_slice": {
    "embb": 0.7399999895601033,
    "urllc": 0.7048969895687579,
    "mmtc": 0.7074984681591745
  },
  "sla_margin_by_slice_per_episode": [
    {
      "embb": 0.779999979120206,
      "urllc": 0.7097939791375154,
      "mmtc": 0.7149969363183485
    },
    {
      "embb": 0.7000000000000004,
      "urllc": 0.7000000000000004,
      "mmtc": 0.7000000000000004
    }
  ],
  "mean_mos_by_slice": {
    "embb": 2.1711466133594515,
    "urllc": 2.745007985830307,
    "mmtc": 4.757497795422872
  },
  "mean_cost": 0.3025,
  "mean_sla_viol": 0.0
}
[orchestrator] === baseline rep_seed964 batch 2 (1 episodes, batch_seed=964002, 4/5 done so far) ===
[orchestrator] $ bash /home/kmanojp/oranslice_rig/experiments/scripts/health_check.sh
[health] FAIL: UE1 (embb) unreachable
[health] FAIL: UE2 (mmtc) unreachable
[health] FAIL: UE3 (urllc) unreachable
[orchestrator] health check failed, restarting stack (attempt 1)
[orchestrator] $ bash /home/kmanojp/oranslice_rig/experiments/scripts/restart_ran_stack.sh
[restart] stopping all RAN processes and tmux sessions
/home/kmanojp/oranslice_rig/experiments/scripts/restart_ran_stack.sh: line 23: 362949 Killed                  sudo pkill -9 -f "nr-uesoftmodem" 2> /dev/null
/home/kmanojp/oranslice_rig/experiments/scripts/restart_ran_stack.sh: line 24: 362951 Killed                  sudo pkill -9 -f "nr-softmodem" 2> /dev/null
[restart] confirmed clean: no RAN processes running
[restart] launching gNB
[restart] gNB up, E2 agent alive
[restart] launching UE1 (embb, default netns)
[restart] UE1 attached
[restart] launching UE2 (mmtc, ue2ns)
[restart] UE2 attached
[restart] launching UE3 (urllc, ue3ns)
[restart] UE3 attached
[restart] verifying connectivity all 3 UEs
[restart] SUCCESS: all 3 UEs attached and reachable
[orchestrator] $ bash /home/kmanojp/oranslice_rig/experiments/scripts/health_check.sh
[health] OK: all 3 UEs reachable, 16 RAN processes alive, no recent segfault
[orchestrator] $ python3 /home/kmanojp/oranslice_rig/experiments/scripts/run_baseline_static.py --config /home/kmanojp/oranslice_rig/experiments/configs/saclb_campaign_baseline_v2.yaml --gnb-id gnb-0 --episodes 1 --seed 964002 --run-id baseline_sla_seed964_batch2 --omega-jsonl /home/kmanojp/oranslice_rig/experiments/results/live_campaign_v2/baseline/sla/rep_seed964/omega_log.jsonl --reward-mode sla
[baseline_sla_seed964_batch2] baseline_static: talking to gNB E2 agent (listen=6600, gNB=6655)...

Omega log: /home/kmanojp/oranslice_rig/experiments/results/live_campaign_v2/baseline/sla/rep_seed964/omega_log.jsonl
{
  "run_id": "baseline_sla_seed964_batch2",
  "algorithm": "baseline_static",
  "mode": "live_testbed",
  "seed": 964002,
  "n_episodes": 1,
  "mean_reward_per_step": 5.867500000000001,
  "mean_blocks_per_episode": 0.0,
  "mean_urllc_blocks_per_episode": 0.0,
  "blocks_per_episode": [
    0
  ],
  "blocks_per_episode_by_slice": [
    {}
  ],
  "mean_rho": null,
  "omega_path": "/home/kmanojp/oranslice_rig/experiments/results/live_campaign_v2/baseline/sla/rep_seed964/omega_log.jsonl",
  "checkpoint_path": "",
  "drift_flag": false,
  "drift_reason": "",
  "sla_compliance_by_slice": {
    "embb": 1.0,
    "urllc": 1.0,
    "mmtc": 1.0
  },
  "sla_compliance_all_slices": 1.0,
  "sla_compliance_by_slice_per_episode": [
    {
      "embb": 1.0,
      "urllc": 1.0,
      "mmtc": 1.0
    }
  ],
  "sla_margin_by_slice": {
    "embb": 0.7549999755385454,
    "urllc": 0.7294231416067734,
    "mmtc": 0.7149965959092068
  },
  "sla_margin_by_slice_per_episode": [
    {
      "embb": 0.7549999755385454,
      "urllc": 0.7294231416067734,
      "mmtc": 0.7149965959092068
    }
  ],
  "mean_mos_by_slice": {
    "embb": 2.171092216173808,
    "urllc": 2.802194368839264,
    "mmtc": 4.762083888053894
  },
  "mean_cost": 0.3050000000000001,
  "mean_sla_viol": 0.0
}
[orchestrator] DONE: 5/5 episodes completed for baseline rep_seed964. omega log: /home/kmanojp/oranslice_rig/experiments/results/live_campaign_v2/baseline/sla/rep_seed964/omega_log.jsonl
=== 03:08:48 DONE arm=baseline seed=964 (1750s, 1 attempt(s)) ===
=== 03:08:48 DRAIN before arm=dqn_sla seed=964 ===
     rnti=9053: mean=5.00 PRB  max=5.00  n=10
     rnti=28894: mean=5.00 PRB  max=5.00  n=10
     rnti=32953: mean=5.00 PRB  max=5.00  n=10

Done. NEVER send SUBSCRIPTION-type messages: still assert(0!=0) in handle_subscription() on this OAI base (verified 2026-07-14).
=== 03:09:23 RUN arm=dqn_sla seed=964 algo=dqn mode=sla episodes=5 ===
[orchestrator] === dqn_sla rep_seed964 batch 0 (2 episodes, batch_seed=964000, 0/5 done so far) ===
[orchestrator] $ bash /home/kmanojp/oranslice_rig/experiments/scripts/health_check.sh
[health] OK: all 3 UEs reachable, 16 RAN processes alive, no recent segfault
[orchestrator] $ python3 /home/kmanojp/oranslice_rig/framework/qoe_oran_framework/xapp/saclb_xapp.py --config /home/kmanojp/oranslice_rig/experiments/configs/saclb_campaign_v2.yaml --algorithm dqn --checkpoint /home/kmanojp/oranslice_rig/experiments/results/offline_v2/sla/seed256/dqn/offline_closed_loop/rep_0/checkpoint.pt --gnb-id gnb-0 --episodes 2 --seed 964000 --run-id dqn_sla_sla_seed964_batch0 --omega-jsonl /home/kmanojp/oranslice_rig/experiments/results/live_campaign_v2/dqn_sla/sla/rep_seed964/omega_log.jsonl --reward-mode sla
[dqn_sla_sla_seed964_batch0] talking to gNB E2 agent (listen=6600, gNB=6655)...

Omega log: /home/kmanojp/oranslice_rig/experiments/results/live_campaign_v2/dqn_sla/sla/rep_seed964/omega_log.jsonl
{
  "run_id": "dqn_sla_sla_seed964_batch0",
  "algorithm": "dqn",
  "mode": "live_testbed",
  "seed": 964000,
  "n_episodes": 2,
  "mean_reward_per_step": 0.0,
  "mean_blocks_per_episode": 121.0,
  "mean_urllc_blocks_per_episode": 41.0,
  "blocks_per_episode": [
    122,
    120
  ],
  "blocks_per_episode_by_slice": [
    {
      "mmtc": 42,
      "urllc": 40,
      "embb": 40
    },
    {
      "urllc": 42,
      "embb": 36,
      "mmtc": 42
    }
  ],
  "mean_rho": null,
  "omega_path": "/home/kmanojp/oranslice_rig/experiments/results/live_campaign_v2/dqn_sla/sla/rep_seed964/omega_log.jsonl",
  "checkpoint_path": "",
  "drift_flag": true,
  "drift_reason": "mean URLLC block rate 41.00/episode exceeds 2x the 1.0/episode acceptance bar",
  "sla_compliance_by_slice": {
    "embb": 1.0,
    "urllc": 1.0,
    "mmtc": 1.0
  },
  "sla_compliance_all_slices": 1.0,
  "sla_compliance_by_slice_per_episode": [
    {
      "embb": 1.0,
      "urllc": 1.0,
      "mmtc": 1.0
    },
    {
      "embb": 1.0,
      "urllc": 1.0,
      "mmtc": 1.0
    }
  ],
  "sla_margin_by_slice": {
    "embb": 0.7299999998227996,
    "urllc": 0.722492979198275,
    "mmtc": 0.7699996641567541
  },
  "sla_margin_by_slice_per_episode": [
    {
      "embb": 0.7599999996455988,
      "urllc": 0.7449859583965498,
      "mmtc": 0.839999328313508
    },
    {
      "embb": 0.7000000000000004,
      "urllc": 0.7000000000000004,
      "mmtc": 0.7000000000000004
    }
  ],
  "mean_mos_by_slice": {
    "embb": 2.1711423953374225,
    "urllc": 4.137489537398021,
    "mmtc": 4.796917839845022
  },
  "mean_cost": 0.0,
  "mean_sla_viol": 0.0
}
[orchestrator] === dqn_sla rep_seed964 batch 1 (2 episodes, batch_seed=964001, 2/5 done so far) ===
[orchestrator] $ bash /home/kmanojp/oranslice_rig/experiments/scripts/health_check.sh
[health] FAIL: UE1 (embb) unreachable
[health] FAIL: UE2 (mmtc) unreachable
[health] FAIL: UE3 (urllc) unreachable
[orchestrator] health check failed, restarting stack (attempt 1)
[orchestrator] $ bash /home/kmanojp/oranslice_rig/experiments/scripts/restart_ran_stack.sh
[restart] stopping all RAN processes and tmux sessions
/home/kmanojp/oranslice_rig/experiments/scripts/restart_ran_stack.sh: line 23: 370983 Killed                  sudo pkill -9 -f "nr-uesoftmodem" 2> /dev/null
/home/kmanojp/oranslice_rig/experiments/scripts/restart_ran_stack.sh: line 24: 370985 Killed                  sudo pkill -9 -f "nr-softmodem" 2> /dev/null
[restart] confirmed clean: no RAN processes running
[restart] launching gNB
[restart] gNB up, E2 agent alive
[restart] launching UE1 (embb, default netns)
[restart] UE1 attached
[restart] launching UE2 (mmtc, ue2ns)
[restart] UE2 attached
[restart] launching UE3 (urllc, ue3ns)
[restart] UE3 attached
[restart] verifying connectivity all 3 UEs
[restart] SUCCESS: all 3 UEs attached and reachable
[orchestrator] $ bash /home/kmanojp/oranslice_rig/experiments/scripts/health_check.sh
[health] OK: all 3 UEs reachable, 16 RAN processes alive, no recent segfault
[orchestrator] $ python3 /home/kmanojp/oranslice_rig/framework/qoe_oran_framework/xapp/saclb_xapp.py --config /home/kmanojp/oranslice_rig/experiments/configs/saclb_campaign_v2.yaml --algorithm dqn --checkpoint /home/kmanojp/oranslice_rig/experiments/results/offline_v2/sla/seed256/dqn/offline_closed_loop/rep_0/checkpoint.pt --gnb-id gnb-0 --episodes 2 --seed 964001 --run-id dqn_sla_sla_seed964_batch1 --omega-jsonl /home/kmanojp/oranslice_rig/experiments/results/live_campaign_v2/dqn_sla/sla/rep_seed964/omega_log.jsonl --reward-mode sla
[dqn_sla_sla_seed964_batch1] talking to gNB E2 agent (listen=6600, gNB=6655)...

Omega log: /home/kmanojp/oranslice_rig/experiments/results/live_campaign_v2/dqn_sla/sla/rep_seed964/omega_log.jsonl
{
  "run_id": "dqn_sla_sla_seed964_batch1",
  "algorithm": "dqn",
  "mode": "live_testbed",
  "seed": 964001,
  "n_episodes": 2,
  "mean_reward_per_step": 0.0,
  "mean_blocks_per_episode": 121.0,
  "mean_urllc_blocks_per_episode": 34.5,
  "blocks_per_episode": [
    122,
    120
  ],
  "blocks_per_episode_by_slice": [
    {
      "mmtc": 38,
      "urllc": 28,
      "embb": 56
    },
    {
      "urllc": 41,
      "embb": 35,
      "mmtc": 44
    }
  ],
  "mean_rho": null,
  "omega_path": "/home/kmanojp/oranslice_rig/experiments/results/live_campaign_v2/dqn_sla/sla/rep_seed964/omega_log.jsonl",
  "checkpoint_path": "",
  "drift_flag": true,
  "drift_reason": "mean URLLC block rate 34.50/episode exceeds 2x the 1.0/episode acceptance bar",
  "sla_compliance_by_slice": {
    "embb": 1.0,
    "urllc": 1.0,
    "mmtc": 1.0
  },
  "sla_compliance_all_slices": 1.0,
  "sla_compliance_by_slice_per_episode": [
    {
      "embb": 1.0,
      "urllc": 1.0,
      "mmtc": 1.0
    },
    {
      "embb": 1.0,
      "urllc": 1.0,
      "mmtc": 1.0
    }
  ],
  "sla_margin_by_slice": {
    "embb": 0.7399999923893168,
    "urllc": 0.7197221500069528,
    "mmtc": 0.7049991442820399
  },
  "sla_margin_by_slice_per_episode": [
    {
      "embb": 0.7799999847786332,
      "urllc": 0.7394443000139053,
      "mmtc": 0.7099982885640794
    },
    {
      "embb": 0.7000000000000004,
      "urllc": 0.7000000000000004,
      "mmtc": 0.7000000000000004
    }
  ],
  "mean_mos_by_slice": {
    "embb": 2.1711465855439505,
    "urllc": 3.1761069118976595,
    "mmtc": 4.755846488475799
  },
  "mean_cost": 0.0,
  "mean_sla_viol": 0.0
}
[orchestrator] === dqn_sla rep_seed964 batch 2 (1 episodes, batch_seed=964002, 4/5 done so far) ===
[orchestrator] $ bash /home/kmanojp/oranslice_rig/experiments/scripts/health_check.sh
[health] FAIL: UE1 (embb) unreachable
[health] FAIL: UE2 (mmtc) unreachable
[health] FAIL: UE3 (urllc) unreachable
[orchestrator] health check failed, restarting stack (attempt 1)
[orchestrator] $ bash /home/kmanojp/oranslice_rig/experiments/scripts/restart_ran_stack.sh
[restart] stopping all RAN processes and tmux sessions
/home/kmanojp/oranslice_rig/experiments/scripts/restart_ran_stack.sh: line 23: 376425 Killed                  sudo pkill -9 -f "nr-uesoftmodem" 2> /dev/null
/home/kmanojp/oranslice_rig/experiments/scripts/restart_ran_stack.sh: line 24: 376427 Killed                  sudo pkill -9 -f "nr-softmodem" 2> /dev/null
[restart] confirmed clean: no RAN processes running
[restart] launching gNB
[restart] gNB up, E2 agent alive
[restart] launching UE1 (embb, default netns)
[restart] UE1 attached
[restart] launching UE2 (mmtc, ue2ns)
[restart] UE2 attached
[restart] launching UE3 (urllc, ue3ns)
[restart] UE3 attached
[restart] verifying connectivity all 3 UEs
[restart] SUCCESS: all 3 UEs attached and reachable
[orchestrator] $ bash /home/kmanojp/oranslice_rig/experiments/scripts/health_check.sh
[health] OK: all 3 UEs reachable, 16 RAN processes alive, no recent segfault
[orchestrator] $ python3 /home/kmanojp/oranslice_rig/framework/qoe_oran_framework/xapp/saclb_xapp.py --config /home/kmanojp/oranslice_rig/experiments/configs/saclb_campaign_v2.yaml --algorithm dqn --checkpoint /home/kmanojp/oranslice_rig/experiments/results/offline_v2/sla/seed256/dqn/offline_closed_loop/rep_0/checkpoint.pt --gnb-id gnb-0 --episodes 1 --seed 964002 --run-id dqn_sla_sla_seed964_batch2 --omega-jsonl /home/kmanojp/oranslice_rig/experiments/results/live_campaign_v2/dqn_sla/sla/rep_seed964/omega_log.jsonl --reward-mode sla
[dqn_sla_sla_seed964_batch2] talking to gNB E2 agent (listen=6600, gNB=6655)...

Omega log: /home/kmanojp/oranslice_rig/experiments/results/live_campaign_v2/dqn_sla/sla/rep_seed964/omega_log.jsonl
{
  "run_id": "dqn_sla_sla_seed964_batch2",
  "algorithm": "dqn",
  "mode": "live_testbed",
  "seed": 964002,
  "n_episodes": 1,
  "mean_reward_per_step": 0.0,
  "mean_blocks_per_episode": 122.0,
  "mean_urllc_blocks_per_episode": 43.0,
  "blocks_per_episode": [
    122
  ],
  "blocks_per_episode_by_slice": [
    {
      "mmtc": 35,
      "urllc": 43,
      "embb": 44
    }
  ],
  "mean_rho": null,
  "omega_path": "/home/kmanojp/oranslice_rig/experiments/results/live_campaign_v2/dqn_sla/sla/rep_seed964/omega_log.jsonl",
  "checkpoint_path": "",
  "drift_flag": true,
  "drift_reason": "mean URLLC block rate 43.00/episode exceeds 2x the 1.0/episode acceptance bar",
  "sla_compliance_by_slice": {
    "embb": 1.0,
    "urllc": 1.0,
    "mmtc": 1.0
  },
  "sla_compliance_all_slices": 1.0,
  "sla_compliance_by_slice_per_episode": [
    {
      "embb": 1.0,
      "urllc": 1.0,
      "mmtc": 1.0
    }
  ],
  "sla_margin_by_slice": {
    "embb": 0.7549999821676023,
    "urllc": 0.7346046269855777,
    "mmtc": 0.7199976294905149
  },
  "sla_margin_by_slice_per_episode": [
    {
      "embb": 0.7549999821676023,
      "urllc": 0.7346046269855777,
      "mmtc": 0.7199976294905149
    }
  ],
  "mean_mos_by_slice": {
    "embb": 2.1710921923319497,
    "urllc": 3.475504473845164,
    "mmtc": 4.765093596776326
  },
  "mean_cost": 0.0,
  "mean_sla_viol": 0.0
}
[orchestrator] DONE: 5/5 episodes completed for dqn_sla rep_seed964. omega log: /home/kmanojp/oranslice_rig/experiments/results/live_campaign_v2/dqn_sla/sla/rep_seed964/omega_log.jsonl
=== 03:38:08 DONE arm=dqn_sla seed=964 (1760s, 1 attempt(s)) ===
=== 03:38:08 DRAIN before arm=dqn_qoe seed=964 ===
     rnti=14801: mean=5.00 PRB  max=5.00  n=10
     rnti=37681: mean=5.00 PRB  max=5.00  n=10
     rnti=42127: mean=5.00 PRB  max=5.00  n=10

Done. NEVER send SUBSCRIPTION-type messages: still assert(0!=0) in handle_subscription() on this OAI base (verified 2026-07-14).
=== 03:38:43 RUN arm=dqn_qoe seed=964 algo=dqn mode=qoe episodes=5 ===
[orchestrator] === dqn_qoe rep_seed964 batch 0 (2 episodes, batch_seed=964000, 0/5 done so far) ===
[orchestrator] $ bash /home/kmanojp/oranslice_rig/experiments/scripts/health_check.sh
[health] OK: all 3 UEs reachable, 16 RAN processes alive, no recent segfault
[orchestrator] $ python3 /home/kmanojp/oranslice_rig/framework/qoe_oran_framework/xapp/saclb_xapp.py --config /home/kmanojp/oranslice_rig/experiments/configs/saclb_campaign_v2.yaml --algorithm dqn --checkpoint /home/kmanojp/oranslice_rig/experiments/results/offline_v2/qoe/seed256/dqn/offline_closed_loop/rep_0/checkpoint.pt --gnb-id gnb-0 --episodes 2 --seed 964000 --run-id dqn_qoe_qoe_seed964_batch0 --omega-jsonl /home/kmanojp/oranslice_rig/experiments/results/live_campaign_v2/dqn_qoe/qoe/rep_seed964/omega_log.jsonl --reward-mode qoe
[dqn_qoe_qoe_seed964_batch0] talking to gNB E2 agent (listen=6600, gNB=6655)...

Omega log: /home/kmanojp/oranslice_rig/experiments/results/live_campaign_v2/dqn_qoe/qoe/rep_seed964/omega_log.jsonl
{
  "run_id": "dqn_qoe_qoe_seed964_batch0",
  "algorithm": "dqn",
  "mode": "live_testbed",
  "seed": 964000,
  "n_episodes": 2,
  "mean_reward_per_step": 0.6706660584608714,
  "mean_blocks_per_episode": 91.0,
  "mean_urllc_blocks_per_episode": 32.5,
  "blocks_per_episode": [
    62,
    120
  ],
  "blocks_per_episode_by_slice": [
    {
      "embb": 17,
      "mmtc": 22,
      "urllc": 23
    },
    {
      "urllc": 42,
      "embb": 36,
      "mmtc": 42
    }
  ],
  "mean_rho": null,
  "omega_path": "/home/kmanojp/oranslice_rig/experiments/results/live_campaign_v2/dqn_qoe/qoe/rep_seed964/omega_log.jsonl",
  "checkpoint_path": "",
  "drift_flag": true,
  "drift_reason": "mean URLLC block rate 32.50/episode exceeds 2x the 1.0/episode acceptance bar",
  "sla_compliance_by_slice": {
    "embb": 1.0,
    "urllc": 1.0,
    "mmtc": 1.0
  },
  "sla_compliance_all_slices": 1.0,
  "sla_compliance_by_slice_per_episode": [
    {
      "embb": 1.0,
      "urllc": 1.0,
      "mmtc": 1.0
    },
    {
      "embb": 1.0,
      "urllc": 1.0,
      "mmtc": 1.0
    }
  ],
  "sla_margin_by_slice": {
    "embb": 0.9874999998973797,
    "urllc": 0.7699885818092185,
    "mmtc": 0.7749998606668957
  },
  "sla_margin_by_slice_per_episode": [
    {
      "embb": 0.9999999997947593,
      "urllc": 0.8399771636184366,
      "mmtc": 0.8499997213337911
    },
    {
      "embb": 0.9750000000000001,
      "urllc": 0.7000000000000004,
      "mmtc": 0.7000000000000004
    }
  ],
  "mean_mos_by_slice": {
    "embb": 2.1712523380915325,
    "urllc": 4.256649076938629,
    "mmtc": 4.800091286500295
  },
  "mean_cost": 0.07500000000000001,
  "mean_sla_viol": 0.0
}
[orchestrator] === dqn_qoe rep_seed964 batch 1 (2 episodes, batch_seed=964001, 2/5 done so far) ===
[orchestrator] $ bash /home/kmanojp/oranslice_rig/experiments/scripts/health_check.sh
[health] FAIL: UE1 (embb) unreachable
[health] FAIL: UE2 (mmtc) unreachable
[health] FAIL: UE3 (urllc) unreachable
[orchestrator] health check failed, restarting stack (attempt 1)
[orchestrator] $ bash /home/kmanojp/oranslice_rig/experiments/scripts/restart_ran_stack.sh
[restart] stopping all RAN processes and tmux sessions
/home/kmanojp/oranslice_rig/experiments/scripts/restart_ran_stack.sh: line 23: 384455 Killed                  sudo pkill -9 -f "nr-uesoftmodem" 2> /dev/null
/home/kmanojp/oranslice_rig/experiments/scripts/restart_ran_stack.sh: line 24: 384457 Killed                  sudo pkill -9 -f "nr-softmodem" 2> /dev/null
[restart] confirmed clean: no RAN processes running
[restart] launching gNB
[restart] gNB up, E2 agent alive
[restart] launching UE1 (embb, default netns)
[restart] UE1 attached
[restart] launching UE2 (mmtc, ue2ns)
[restart] UE2 attached
[restart] launching UE3 (urllc, ue3ns)
[restart] UE3 attached
[restart] verifying connectivity all 3 UEs
[restart] SUCCESS: all 3 UEs attached and reachable
[orchestrator] $ bash /home/kmanojp/oranslice_rig/experiments/scripts/health_check.sh
[health] OK: all 3 UEs reachable, 16 RAN processes alive, no recent segfault
[orchestrator] $ python3 /home/kmanojp/oranslice_rig/framework/qoe_oran_framework/xapp/saclb_xapp.py --config /home/kmanojp/oranslice_rig/experiments/configs/saclb_campaign_v2.yaml --algorithm dqn --checkpoint /home/kmanojp/oranslice_rig/experiments/results/offline_v2/qoe/seed256/dqn/offline_closed_loop/rep_0/checkpoint.pt --gnb-id gnb-0 --episodes 2 --seed 964001 --run-id dqn_qoe_qoe_seed964_batch1 --omega-jsonl /home/kmanojp/oranslice_rig/experiments/results/live_campaign_v2/dqn_qoe/qoe/rep_seed964/omega_log.jsonl --reward-mode qoe
[dqn_qoe_qoe_seed964_batch1] talking to gNB E2 agent (listen=6600, gNB=6655)...

Omega log: /home/kmanojp/oranslice_rig/experiments/results/live_campaign_v2/dqn_qoe/qoe/rep_seed964/omega_log.jsonl
{
  "run_id": "dqn_qoe_qoe_seed964_batch1",
  "algorithm": "dqn",
  "mode": "live_testbed",
  "seed": 964001,
  "n_episodes": 2,
  "mean_reward_per_step": 0.5859917694263987,
  "mean_blocks_per_episode": 118.0,
  "mean_urllc_blocks_per_episode": 34.0,
  "blocks_per_episode": [
    116,
    120
  ],
  "blocks_per_episode_by_slice": [
    {
      "embb": 53,
      "mmtc": 36,
      "urllc": 27
    },
    {
      "urllc": 41,
      "embb": 35,
      "mmtc": 44
    }
  ],
  "mean_rho": null,
  "omega_path": "/home/kmanojp/oranslice_rig/experiments/results/live_campaign_v2/dqn_qoe/qoe/rep_seed964/omega_log.jsonl",
  "checkpoint_path": "",
  "drift_flag": true,
  "drift_reason": "mean URLLC block rate 34.00/episode exceeds 2x the 1.0/episode acceptance bar",
  "sla_compliance_by_slice": {
    "embb": 1.0,
    "urllc": 1.0,
    "mmtc": 1.0
  },
  "sla_compliance_all_slices": 1.0,
  "sla_compliance_by_slice_per_episode": [
    {
      "embb": 1.0,
      "urllc": 1.0,
      "mmtc": 1.0
    },
    {
      "embb": 1.0,
      "urllc": 1.0,
      "mmtc": 1.0
    }
  ],
  "sla_margin_by_slice": {
    "embb": 0.7249999946002312,
    "urllc": 0.7049249054041384,
    "mmtc": 0.7049990492022511
  },
  "sla_margin_by_slice_per_episode": [
    {
      "embb": 0.749999989200462,
      "urllc": 0.7098498108082765,
      "mmtc": 0.7099980984045018
    },
    {
      "embb": 0.7000000000000004,
      "urllc": 0.7000000000000004,
      "mmtc": 0.7000000000000004
    }
  ],
  "mean_mos_by_slice": {
    "embb": 2.171140307188034,
    "urllc": 3.122885243097941,
    "mmtc": 4.75587568283081
  },
  "mean_cost": 0.0075000000000000015,
  "mean_sla_viol": 0.0
}
[orchestrator] === dqn_qoe rep_seed964 batch 2 (1 episodes, batch_seed=964002, 4/5 done so far) ===
[orchestrator] $ bash /home/kmanojp/oranslice_rig/experiments/scripts/health_check.sh
[health] FAIL: UE1 (embb) unreachable
[health] FAIL: UE2 (mmtc) unreachable
[health] FAIL: UE3 (urllc) unreachable
[orchestrator] health check failed, restarting stack (attempt 1)
[orchestrator] $ bash /home/kmanojp/oranslice_rig/experiments/scripts/restart_ran_stack.sh
[restart] stopping all RAN processes and tmux sessions
/home/kmanojp/oranslice_rig/experiments/scripts/restart_ran_stack.sh: line 23: 389895 Killed                  sudo pkill -9 -f "nr-uesoftmodem" 2> /dev/null
/home/kmanojp/oranslice_rig/experiments/scripts/restart_ran_stack.sh: line 24: 389897 Killed                  sudo pkill -9 -f "nr-softmodem" 2> /dev/null
[restart] confirmed clean: no RAN processes running
[restart] launching gNB
[restart] gNB up, E2 agent alive
[restart] launching UE1 (embb, default netns)
[restart] UE1 attached
[restart] launching UE2 (mmtc, ue2ns)
[restart] UE2 attached
[restart] launching UE3 (urllc, ue3ns)
[restart] UE3 attached
[restart] verifying connectivity all 3 UEs
[restart] SUCCESS: all 3 UEs attached and reachable
[orchestrator] $ bash /home/kmanojp/oranslice_rig/experiments/scripts/health_check.sh
[health] OK: all 3 UEs reachable, 16 RAN processes alive, no recent segfault
[orchestrator] $ python3 /home/kmanojp/oranslice_rig/framework/qoe_oran_framework/xapp/saclb_xapp.py --config /home/kmanojp/oranslice_rig/experiments/configs/saclb_campaign_v2.yaml --algorithm dqn --checkpoint /home/kmanojp/oranslice_rig/experiments/results/offline_v2/qoe/seed256/dqn/offline_closed_loop/rep_0/checkpoint.pt --gnb-id gnb-0 --episodes 1 --seed 964002 --run-id dqn_qoe_qoe_seed964_batch2 --omega-jsonl /home/kmanojp/oranslice_rig/experiments/results/live_campaign_v2/dqn_qoe/qoe/rep_seed964/omega_log.jsonl --reward-mode qoe
[dqn_qoe_qoe_seed964_batch2] talking to gNB E2 agent (listen=6600, gNB=6655)...

Omega log: /home/kmanojp/oranslice_rig/experiments/results/live_campaign_v2/dqn_qoe/qoe/rep_seed964/omega_log.jsonl
{
  "run_id": "dqn_qoe_qoe_seed964_batch2",
  "algorithm": "dqn",
  "mode": "live_testbed",
  "seed": 964002,
  "n_episodes": 1,
  "mean_reward_per_step": 0.6097677334017223,
  "mean_blocks_per_episode": 111.0,
  "mean_urllc_blocks_per_episode": 38.0,
  "blocks_per_episode": [
    111
  ],
  "blocks_per_episode_by_slice": [
    {
      "embb": 40,
      "mmtc": 33,
      "urllc": 38
    }
  ],
  "mean_rho": null,
  "omega_path": "/home/kmanojp/oranslice_rig/experiments/results/live_campaign_v2/dqn_qoe/qoe/rep_seed964/omega_log.jsonl",
  "checkpoint_path": "",
  "drift_flag": true,
  "drift_reason": "mean URLLC block rate 38.00/episode exceeds 2x the 1.0/episode acceptance bar",
  "sla_compliance_by_slice": {
    "embb": 1.0,
    "urllc": 1.0,
    "mmtc": 1.0
  },
  "sla_compliance_all_slices": 1.0,
  "sla_compliance_by_slice_per_episode": [
    {
      "embb": 1.0,
      "urllc": 1.0,
      "mmtc": 1.0
    }
  ],
  "sla_margin_by_slice": {
    "embb": 0.7749999938005843,
    "urllc": 0.7296593709414209,
    "mmtc": 0.7149977665762781
  },
  "sla_margin_by_slice_per_episode": [
    {
      "embb": 0.7749999938005843,
      "urllc": 0.7296593709414209,
      "mmtc": 0.7149977665762781
    }
  ],
  "mean_mos_by_slice": {
    "embb": 2.1711005727450052,
    "urllc": 3.4501524527867633,
    "mmtc": 4.7619597752889
  },
  "mean_cost": 0.027500000000000004,
  "mean_sla_viol": 0.0
}
[orchestrator] DONE: 5/5 episodes completed for dqn_qoe rep_seed964. omega log: /home/kmanojp/oranslice_rig/experiments/results/live_campaign_v2/dqn_qoe/qoe/rep_seed964/omega_log.jsonl
=== 04:07:28 DONE arm=dqn_qoe seed=964 (1760s, 1 attempt(s)) ===
=== seed=965 episodes=5 arm_order=baseline dqn_sla dqn_qoe static_at_cap ===
=== 04:07:28 DRAIN before arm=baseline seed=965 ===
     rnti=3746: mean=5.00 PRB  max=5.00  n=10
     rnti=25315: mean=5.00 PRB  max=5.00  n=10
     rnti=35361: mean=5.00 PRB  max=5.00  n=10

Done. NEVER send SUBSCRIPTION-type messages: still assert(0!=0) in handle_subscription() on this OAI base (verified 2026-07-14).
=== 04:08:03 RUN arm=baseline seed=965 algo=baseline_static mode=sla episodes=5 ===
[orchestrator] === baseline rep_seed965 batch 0 (2 episodes, batch_seed=965000, 0/5 done so far) ===
[orchestrator] $ bash /home/kmanojp/oranslice_rig/experiments/scripts/health_check.sh
[health] OK: all 3 UEs reachable, 16 RAN processes alive, no recent segfault
[orchestrator] $ python3 /home/kmanojp/oranslice_rig/experiments/scripts/run_baseline_static.py --config /home/kmanojp/oranslice_rig/experiments/configs/saclb_campaign_baseline_v2.yaml --gnb-id gnb-0 --episodes 2 --seed 965000 --run-id baseline_sla_seed965_batch0 --omega-jsonl /home/kmanojp/oranslice_rig/experiments/results/live_campaign_v2/baseline/sla/rep_seed965/omega_log.jsonl --reward-mode sla
[baseline_sla_seed965_batch0] baseline_static: talking to gNB E2 agent (listen=6600, gNB=6655)...

Omega log: /home/kmanojp/oranslice_rig/experiments/results/live_campaign_v2/baseline/sla/rep_seed965/omega_log.jsonl
{
  "run_id": "baseline_sla_seed965_batch0",
  "algorithm": "baseline_static",
  "mode": "live_testbed",
  "seed": 965000,
  "n_episodes": 2,
  "mean_reward_per_step": 6.245416666666667,
  "mean_blocks_per_episode": 0.0,
  "mean_urllc_blocks_per_episode": 0.0,
  "blocks_per_episode": [
    0,
    0
  ],
  "blocks_per_episode_by_slice": [
    {},
    {}
  ],
  "mean_rho": null,
  "omega_path": "/home/kmanojp/oranslice_rig/experiments/results/live_campaign_v2/baseline/sla/rep_seed965/omega_log.jsonl",
  "checkpoint_path": "",
  "drift_flag": false,
  "drift_reason": "",
  "sla_compliance_by_slice": {
    "embb": 1.0,
    "urllc": 1.0,
    "mmtc": 1.0
  },
  "sla_compliance_all_slices": 1.0,
  "sla_compliance_by_slice_per_episode": [
    {
      "embb": 1.0,
      "urllc": 1.0,
      "mmtc": 1.0
    },
    {
      "embb": 1.0,
      "urllc": 1.0,
      "mmtc": 1.0
    }
  ],
  "sla_margin_by_slice": {
    "embb": 0.797499999975918,
    "urllc": 0.7499887770385012,
    "mmtc": 0.7499998421137439
  },
  "sla_margin_by_slice_per_episode": [
    {
      "embb": 0.8949999999518358,
      "urllc": 0.799977554077002,
      "mmtc": 0.7999996842274876
    },
    {
      "embb": 0.7000000000000004,
      "urllc": 0.7000000000000004,
      "mmtc": 0.7000000000000004
    }
  ],
  "mean_mos_by_slice": {
    "embb": 2.1711706658204397,
    "urllc": 4.206473485628764,
    "mmtc": 4.784199492136637
  },
  "mean_cost": 0.3025,
  "mean_sla_viol": 0.0
}
[orchestrator] === baseline rep_seed965 batch 1 (2 episodes, batch_seed=965001, 2/5 done so far) ===
[orchestrator] $ bash /home/kmanojp/oranslice_rig/experiments/scripts/health_check.sh
[health] FAIL: UE1 (embb) unreachable
[health] FAIL: UE2 (mmtc) unreachable
[health] FAIL: UE3 (urllc) unreachable
[orchestrator] health check failed, restarting stack (attempt 1)
[orchestrator] $ bash /home/kmanojp/oranslice_rig/experiments/scripts/restart_ran_stack.sh
[restart] stopping all RAN processes and tmux sessions
/home/kmanojp/oranslice_rig/experiments/scripts/restart_ran_stack.sh: line 23: 397918 Killed                  sudo pkill -9 -f "nr-uesoftmodem" 2> /dev/null
/home/kmanojp/oranslice_rig/experiments/scripts/restart_ran_stack.sh: line 24: 397920 Killed                  sudo pkill -9 -f "nr-softmodem" 2> /dev/null
[restart] confirmed clean: no RAN processes running
[restart] launching gNB
[restart] gNB up, E2 agent alive
[restart] launching UE1 (embb, default netns)
[restart] UE1 attached
[restart] launching UE2 (mmtc, ue2ns)
[restart] UE2 attached
[restart] launching UE3 (urllc, ue3ns)
[restart] UE3 attached
[restart] verifying connectivity all 3 UEs
[restart] SUCCESS: all 3 UEs attached and reachable
[orchestrator] $ bash /home/kmanojp/oranslice_rig/experiments/scripts/health_check.sh
[health] OK: all 3 UEs reachable, 16 RAN processes alive, no recent segfault
[orchestrator] $ python3 /home/kmanojp/oranslice_rig/experiments/scripts/run_baseline_static.py --config /home/kmanojp/oranslice_rig/experiments/configs/saclb_campaign_baseline_v2.yaml --gnb-id gnb-0 --episodes 2 --seed 965001 --run-id baseline_sla_seed965_batch1 --omega-jsonl /home/kmanojp/oranslice_rig/experiments/results/live_campaign_v2/baseline/sla/rep_seed965/omega_log.jsonl --reward-mode sla
[baseline_sla_seed965_batch1] baseline_static: talking to gNB E2 agent (listen=6600, gNB=6655)...

Omega log: /home/kmanojp/oranslice_rig/experiments/results/live_campaign_v2/baseline/sla/rep_seed965/omega_log.jsonl
{
  "run_id": "baseline_sla_seed965_batch1",
  "algorithm": "baseline_static",
  "mode": "live_testbed",
  "seed": 965001,
  "n_episodes": 2,
  "mean_reward_per_step": 5.577916666666669,
  "mean_blocks_per_episode": 0.0,
  "mean_urllc_blocks_per_episode": 0.0,
  "blocks_per_episode": [
    0,
    0
  ],
  "blocks_per_episode_by_slice": [
    {},
    {}
  ],
  "mean_rho": null,
  "omega_path": "/home/kmanojp/oranslice_rig/experiments/results/live_campaign_v2/baseline/sla/rep_seed965/omega_log.jsonl",
  "checkpoint_path": "",
  "drift_flag": false,
  "drift_reason": "",
  "sla_compliance_by_slice": {
    "embb": 1.0,
    "urllc": 1.0,
    "mmtc": 1.0
  },
  "sla_compliance_all_slices": 1.0,
  "sla_compliance_by_slice_per_episode": [
    {
      "embb": 1.0,
      "urllc": 1.0,
      "mmtc": 1.0
    },
    {
      "embb": 1.0,
      "urllc": 1.0,
      "mmtc": 1.0
    }
  ],
  "sla_margin_by_slice": {
    "embb": 0.7249999903267454,
    "urllc": 0.7171280178854558,
    "mmtc": 0.7099977697336279
  },
  "sla_margin_by_slice_per_episode": [
    {
      "embb": 0.7499999806534906,
      "urllc": 0.734256035770911,
      "mmtc": 0.7199955394672555
    },
    {
      "embb": 0.7000000000000004,
      "urllc": 0.7000000000000004,
      "mmtc": 0.7000000000000004
    }
  ],
  "mean_mos_by_slice": {
    "embb": 2.171140311161677,
    "urllc": 2.623999772469203,
    "mmtc": 4.759123333295187
  },
  "mean_cost": 0.3025,
  "mean_sla_viol": 0.0
}
[orchestrator] === baseline rep_seed965 batch 2 (1 episodes, batch_seed=965002, 4/5 done so far) ===
[orchestrator] $ bash /home/kmanojp/oranslice_rig/experiments/scripts/health_check.sh
[health] FAIL: UE1 (embb) unreachable
[health] FAIL: UE2 (mmtc) unreachable
[health] FAIL: UE3 (urllc) unreachable
[orchestrator] health check failed, restarting stack (attempt 1)
[orchestrator] $ bash /home/kmanojp/oranslice_rig/experiments/scripts/restart_ran_stack.sh
[restart] stopping all RAN processes and tmux sessions
/home/kmanojp/oranslice_rig/experiments/scripts/restart_ran_stack.sh: line 23: 403330 Killed                  sudo pkill -9 -f "nr-uesoftmodem" 2> /dev/null
/home/kmanojp/oranslice_rig/experiments/scripts/restart_ran_stack.sh: line 24: 403333 Killed                  sudo pkill -9 -f "nr-softmodem" 2> /dev/null
[restart] confirmed clean: no RAN processes running
[restart] launching gNB
[restart] gNB up, E2 agent alive
[restart] launching UE1 (embb, default netns)
[restart] UE1 attached
[restart] launching UE2 (mmtc, ue2ns)
[restart] UE2 attached
[restart] launching UE3 (urllc, ue3ns)
[restart] UE3 attached
[restart] verifying connectivity all 3 UEs
[restart] SUCCESS: all 3 UEs attached and reachable
[orchestrator] $ bash /home/kmanojp/oranslice_rig/experiments/scripts/health_check.sh
[health] OK: all 3 UEs reachable, 16 RAN processes alive, no recent segfault
[orchestrator] $ python3 /home/kmanojp/oranslice_rig/experiments/scripts/run_baseline_static.py --config /home/kmanojp/oranslice_rig/experiments/configs/saclb_campaign_baseline_v2.yaml --gnb-id gnb-0 --episodes 1 --seed 965002 --run-id baseline_sla_seed965_batch2 --omega-jsonl /home/kmanojp/oranslice_rig/experiments/results/live_campaign_v2/baseline/sla/rep_seed965/omega_log.jsonl --reward-mode sla
[baseline_sla_seed965_batch2] baseline_static: talking to gNB E2 agent (listen=6600, gNB=6655)...

Omega log: /home/kmanojp/oranslice_rig/experiments/results/live_campaign_v2/baseline/sla/rep_seed965/omega_log.jsonl
{
  "run_id": "baseline_sla_seed965_batch2",
  "algorithm": "baseline_static",
  "mode": "live_testbed",
  "seed": 965002,
  "n_episodes": 1,
  "mean_reward_per_step": 5.679166666666668,
  "mean_blocks_per_episode": 0.0,
  "mean_urllc_blocks_per_episode": 0.0,
  "blocks_per_episode": [
    0
  ],
  "blocks_per_episode_by_slice": [
    {}
  ],
  "mean_rho": null,
  "omega_path": "/home/kmanojp/oranslice_rig/experiments/results/live_campaign_v2/baseline/sla/rep_seed965/omega_log.jsonl",
  "checkpoint_path": "",
  "drift_flag": false,
  "drift_reason": "",
  "sla_compliance_by_slice": {
    "embb": 1.0,
    "urllc": 1.0,
    "mmtc": 1.0
  },
  "sla_compliance_all_slices": 1.0,
  "sla_compliance_by_slice_per_episode": [
    {
      "embb": 1.0,
      "urllc": 1.0,
      "mmtc": 1.0
    }
  ],
  "sla_margin_by_slice": {
    "embb": 0.7799999742224748,
    "urllc": 0.7393139506007239,
    "mmtc": 0.7149964862235222
  },
  "sla_margin_by_slice_per_episode": [
    {
      "embb": 0.7799999742224748,
      "urllc": 0.7393139506007239,
      "mmtc": 0.7149964862235222
    }
  ],
  "mean_mos_by_slice": {
    "embb": 2.1711026628812156,
    "urllc": 2.9692537943522135,
    "mmtc": 4.762095801035563
  },
  "mean_cost": 0.3050000000000001,
  "mean_sla_viol": 0.0
}
[orchestrator] DONE: 5/5 episodes completed for baseline rep_seed965. omega log: /home/kmanojp/oranslice_rig/experiments/results/live_campaign_v2/baseline/sla/rep_seed965/omega_log.jsonl
=== 04:36:38 DONE arm=baseline seed=965 (1750s, 1 attempt(s)) ===
=== 04:36:38 DRAIN before arm=dqn_sla seed=965 ===
     rnti=7857: mean=5.00 PRB  max=5.00  n=10
     rnti=30818: mean=5.00 PRB  max=5.00  n=10
     rnti=43314: mean=5.00 PRB  max=5.00  n=10

Done. NEVER send SUBSCRIPTION-type messages: still assert(0!=0) in handle_subscription() on this OAI base (verified 2026-07-14).
=== 04:37:13 RUN arm=dqn_sla seed=965 algo=dqn mode=sla episodes=5 ===
[orchestrator] === dqn_sla rep_seed965 batch 0 (2 episodes, batch_seed=965000, 0/5 done so far) ===
[orchestrator] $ bash /home/kmanojp/oranslice_rig/experiments/scripts/health_check.sh
[health] OK: all 3 UEs reachable, 16 RAN processes alive, no recent segfault
[orchestrator] $ python3 /home/kmanojp/oranslice_rig/framework/qoe_oran_framework/xapp/saclb_xapp.py --config /home/kmanojp/oranslice_rig/experiments/configs/saclb_campaign_v2.yaml --algorithm dqn --checkpoint /home/kmanojp/oranslice_rig/experiments/results/offline_v2/sla/seed256/dqn/offline_closed_loop/rep_0/checkpoint.pt --gnb-id gnb-0 --episodes 2 --seed 965000 --run-id dqn_sla_sla_seed965_batch0 --omega-jsonl /home/kmanojp/oranslice_rig/experiments/results/live_campaign_v2/dqn_sla/sla/rep_seed965/omega_log.jsonl --reward-mode sla
[dqn_sla_sla_seed965_batch0] talking to gNB E2 agent (listen=6600, gNB=6655)...

Omega log: /home/kmanojp/oranslice_rig/experiments/results/live_campaign_v2/dqn_sla/sla/rep_seed965/omega_log.jsonl
{
  "run_id": "dqn_sla_sla_seed965_batch0",
  "algorithm": "dqn",
  "mode": "live_testbed",
  "seed": 965000,
  "n_episodes": 2,
  "mean_reward_per_step": 0.0,
  "mean_blocks_per_episode": 121.0,
  "mean_urllc_blocks_per_episode": 47.5,
  "blocks_per_episode": [
    122,
    120
  ],
  "blocks_per_episode_by_slice": [
    {
      "mmtc": 28,
      "urllc": 48,
      "embb": 46
    },
    {
      "embb": 43,
      "urllc": 47,
      "mmtc": 30
    }
  ],
  "mean_rho": null,
  "omega_path": "/home/kmanojp/oranslice_rig/experiments/results/live_campaign_v2/dqn_sla/sla/rep_seed965/omega_log.jsonl",
  "checkpoint_path": "",
  "drift_flag": true,
  "drift_reason": "mean URLLC block rate 47.50/episode exceeds 2x the 1.0/episode acceptance bar",
  "sla_compliance_by_slice": {
    "embb": 1.0,
    "urllc": 1.0,
    "mmtc": 1.0
  },
  "sla_compliance_all_slices": 1.0,
  "sla_compliance_by_slice_per_episode": [
    {
      "embb": 1.0,
      "urllc": 1.0,
      "mmtc": 1.0
    },
    {
      "embb": 1.0,
      "urllc": 1.0,
      "mmtc": 1.0
    }
  ],
  "sla_margin_by_slice": {
    "embb": 0.7724999996568271,
    "urllc": 0.7624827186776513,
    "mmtc": 0.7724997092519312
  },
  "sla_margin_by_slice_per_episode": [
    {
      "embb": 0.8449999993136539,
      "urllc": 0.824965437355302,
      "mmtc": 0.844999418503862
    },
    {
      "embb": 0.7000000000000004,
      "urllc": 0.7000000000000004,
      "mmtc": 0.7000000000000004
    }
  ],
  "mean_mos_by_slice": {
    "embb": 2.1711601952711743,
    "urllc": 4.23781461318334,
    "mmtc": 4.798505798975627
  },
  "mean_cost": 0.0,
  "mean_sla_viol": 0.0
}
[orchestrator] === dqn_sla rep_seed965 batch 1 (2 episodes, batch_seed=965001, 2/5 done so far) ===
[orchestrator] $ bash /home/kmanojp/oranslice_rig/experiments/scripts/health_check.sh
[health] FAIL: UE1 (embb) unreachable
[health] FAIL: UE2 (mmtc) unreachable
[health] FAIL: UE3 (urllc) unreachable
[orchestrator] health check failed, restarting stack (attempt 1)
[orchestrator] $ bash /home/kmanojp/oranslice_rig/experiments/scripts/restart_ran_stack.sh
[restart] stopping all RAN processes and tmux sessions
/home/kmanojp/oranslice_rig/experiments/scripts/restart_ran_stack.sh: line 23: 411364 Killed                  sudo pkill -9 -f "nr-uesoftmodem" 2> /dev/null
/home/kmanojp/oranslice_rig/experiments/scripts/restart_ran_stack.sh: line 24: 411366 Killed                  sudo pkill -9 -f "nr-softmodem" 2> /dev/null
[restart] confirmed clean: no RAN processes running
[restart] launching gNB
[restart] gNB up, E2 agent alive
[restart] launching UE1 (embb, default netns)
[restart] UE1 attached
[restart] launching UE2 (mmtc, ue2ns)
[restart] UE2 attached
[restart] launching UE3 (urllc, ue3ns)
[restart] UE3 attached
[restart] verifying connectivity all 3 UEs
[restart] SUCCESS: all 3 UEs attached and reachable
[orchestrator] $ bash /home/kmanojp/oranslice_rig/experiments/scripts/health_check.sh
[health] OK: all 3 UEs reachable, 16 RAN processes alive, no recent segfault
[orchestrator] $ python3 /home/kmanojp/oranslice_rig/framework/qoe_oran_framework/xapp/saclb_xapp.py --config /home/kmanojp/oranslice_rig/experiments/configs/saclb_campaign_v2.yaml --algorithm dqn --checkpoint /home/kmanojp/oranslice_rig/experiments/results/offline_v2/sla/seed256/dqn/offline_closed_loop/rep_0/checkpoint.pt --gnb-id gnb-0 --episodes 2 --seed 965001 --run-id dqn_sla_sla_seed965_batch1 --omega-jsonl /home/kmanojp/oranslice_rig/experiments/results/live_campaign_v2/dqn_sla/sla/rep_seed965/omega_log.jsonl --reward-mode sla
[dqn_sla_sla_seed965_batch1] talking to gNB E2 agent (listen=6600, gNB=6655)...

Omega log: /home/kmanojp/oranslice_rig/experiments/results/live_campaign_v2/dqn_sla/sla/rep_seed965/omega_log.jsonl
{
  "run_id": "dqn_sla_sla_seed965_batch1",
  "algorithm": "dqn",
  "mode": "live_testbed",
  "seed": 965001,
  "n_episodes": 2,
  "mean_reward_per_step": 0.0,
  "mean_blocks_per_episode": 121.0,
  "mean_urllc_blocks_per_episode": 40.0,
  "blocks_per_episode": [
    122,
    120
  ],
  "blocks_per_episode_by_slice": [
    {
      "mmtc": 39,
      "urllc": 44,
      "embb": 39
    },
    {
      "mmtc": 37,
      "embb": 47,
      "urllc": 36
    }
  ],
  "mean_rho": null,
  "omega_path": "/home/kmanojp/oranslice_rig/experiments/results/live_campaign_v2/dqn_sla/sla/rep_seed965/omega_log.jsonl",
  "checkpoint_path": "",
  "drift_flag": true,
  "drift_reason": "mean URLLC block rate 40.00/episode exceeds 2x the 1.0/episode acceptance bar",
  "sla_compliance_by_slice": {
    "embb": 1.0,
    "urllc": 1.0,
    "mmtc": 1.0
  },
  "sla_compliance_all_slices": 1.0,
  "sla_compliance_by_slice_per_episode": [
    {
      "embb": 1.0,
      "urllc": 1.0,
      "mmtc": 1.0
    },
    {
      "embb": 1.0,
      "urllc": 1.0,
      "mmtc": 1.0
    }
  ],
  "sla_margin_by_slice": {
    "embb": 0.7299999912603601,
    "urllc": 0.7173023134927891,
    "mmtc": 0.709998536722394
  },
  "sla_margin_by_slice_per_episode": [
    {
      "embb": 0.7599999825207197,
      "urllc": 0.7346046269855777,
      "mmtc": 0.7199970734447876
    },
    {
      "embb": 0.7000000000000004,
      "urllc": 0.7000000000000004,
      "mmtc": 0.7000000000000004
    }
  ],
  "mean_mos_by_slice": {
    "embb": 2.171142401297887,
    "urllc": 3.391480960448583,
    "mmtc": 4.758999677499135
  },
  "mean_cost": 0.0,
  "mean_sla_viol": 0.0
}
[orchestrator] === dqn_sla rep_seed965 batch 2 (1 episodes, batch_seed=965002, 4/5 done so far) ===
[orchestrator] $ bash /home/kmanojp/oranslice_rig/experiments/scripts/health_check.sh
[health] FAIL: UE1 (embb) unreachable
[health] FAIL: UE2 (mmtc) unreachable
[health] FAIL: UE3 (urllc) unreachable
[orchestrator] health check failed, restarting stack (attempt 1)
[orchestrator] $ bash /home/kmanojp/oranslice_rig/experiments/scripts/restart_ran_stack.sh
[restart] stopping all RAN processes and tmux sessions
/home/kmanojp/oranslice_rig/experiments/scripts/restart_ran_stack.sh: line 23: 416810 Killed                  sudo pkill -9 -f "nr-uesoftmodem" 2> /dev/null
/home/kmanojp/oranslice_rig/experiments/scripts/restart_ran_stack.sh: line 24: 416812 Killed                  sudo pkill -9 -f "nr-softmodem" 2> /dev/null
[restart] confirmed clean: no RAN processes running
[restart] launching gNB
[restart] gNB up, E2 agent alive
[restart] launching UE1 (embb, default netns)
[restart] UE1 attached
[restart] launching UE2 (mmtc, ue2ns)
[restart] UE2 attached
[restart] launching UE3 (urllc, ue3ns)
[restart] UE3 attached
[restart] verifying connectivity all 3 UEs
[restart] SUCCESS: all 3 UEs attached and reachable
[orchestrator] $ bash /home/kmanojp/oranslice_rig/experiments/scripts/health_check.sh
[health] OK: all 3 UEs reachable, 16 RAN processes alive, no recent segfault
[orchestrator] $ python3 /home/kmanojp/oranslice_rig/framework/qoe_oran_framework/xapp/saclb_xapp.py --config /home/kmanojp/oranslice_rig/experiments/configs/saclb_campaign_v2.yaml --algorithm dqn --checkpoint /home/kmanojp/oranslice_rig/experiments/results/offline_v2/sla/seed256/dqn/offline_closed_loop/rep_0/checkpoint.pt --gnb-id gnb-0 --episodes 1 --seed 965002 --run-id dqn_sla_sla_seed965_batch2 --omega-jsonl /home/kmanojp/oranslice_rig/experiments/results/live_campaign_v2/dqn_sla/sla/rep_seed965/omega_log.jsonl --reward-mode sla
[dqn_sla_sla_seed965_batch2] talking to gNB E2 agent (listen=6600, gNB=6655)...

Omega log: /home/kmanojp/oranslice_rig/experiments/results/live_campaign_v2/dqn_sla/sla/rep_seed965/omega_log.jsonl
{
  "run_id": "dqn_sla_sla_seed965_batch2",
  "algorithm": "dqn",
  "mode": "live_testbed",
  "seed": 965002,
  "n_episodes": 1,
  "mean_reward_per_step": 0.0,
  "mean_blocks_per_episode": 122.0,
  "mean_urllc_blocks_per_episode": 44.0,
  "blocks_per_episode": [
    122
  ],
  "blocks_per_episode_by_slice": [
    {
      "mmtc": 39,
      "urllc": 44,
      "embb": 39
    }
  ],
  "mean_rho": null,
  "omega_path": "/home/kmanojp/oranslice_rig/experiments/results/live_campaign_v2/dqn_sla/sla/rep_seed965/omega_log.jsonl",
  "checkpoint_path": "",
  "drift_flag": true,
  "drift_reason": "mean URLLC block rate 44.00/episode exceeds 2x the 1.0/episode acceptance bar",
  "sla_compliance_by_slice": {
    "embb": 1.0,
    "urllc": 1.0,
    "mmtc": 1.0
  },
  "sla_compliance_all_slices": 1.0,
  "sla_compliance_by_slice_per_episode": [
    {
      "embb": 1.0,
      "urllc": 1.0,
      "mmtc": 1.0
    }
  ],
  "sla_margin_by_slice": {
    "embb": 0.7599999907107968,
    "urllc": 0.7343973890397082,
    "mmtc": 0.7549922215243546
  },
  "sla_margin_by_slice_per_episode": [
    {
      "embb": 0.7599999907107968,
      "urllc": 0.7343973890397082,
      "mmtc": 0.7549922215243546
    }
  ],
  "mean_mos_by_slice": {
    "embb": 2.1710962057113647,
    "urllc": 2.9563539107640584,
    "mmtc": 4.78739222685496
  },
  "mean_cost": 0.0,
  "mean_sla_viol": 0.0
}
[orchestrator] DONE: 5/5 episodes completed for dqn_sla rep_seed965. omega log: /home/kmanojp/oranslice_rig/experiments/results/live_campaign_v2/dqn_sla/sla/rep_seed965/omega_log.jsonl
=== 05:05:58 DONE arm=dqn_sla seed=965 (1760s, 1 attempt(s)) ===
=== 05:05:58 DRAIN before arm=dqn_qoe seed=965 ===
     rnti=6096: mean=5.00 PRB  max=5.00  n=10
     rnti=52759: mean=5.00 PRB  max=5.00  n=10
     rnti=63738: mean=5.00 PRB  max=5.00  n=10

Done. NEVER send SUBSCRIPTION-type messages: still assert(0!=0) in handle_subscription() on this OAI base (verified 2026-07-14).
=== 05:06:33 RUN arm=dqn_qoe seed=965 algo=dqn mode=qoe episodes=5 ===
[orchestrator] === dqn_qoe rep_seed965 batch 0 (2 episodes, batch_seed=965000, 0/5 done so far) ===
[orchestrator] $ bash /home/kmanojp/oranslice_rig/experiments/scripts/health_check.sh
[health] OK: all 3 UEs reachable, 16 RAN processes alive, no recent segfault
[orchestrator] $ python3 /home/kmanojp/oranslice_rig/framework/qoe_oran_framework/xapp/saclb_xapp.py --config /home/kmanojp/oranslice_rig/experiments/configs/saclb_campaign_v2.yaml --algorithm dqn --checkpoint /home/kmanojp/oranslice_rig/experiments/results/offline_v2/qoe/seed256/dqn/offline_closed_loop/rep_0/checkpoint.pt --gnb-id gnb-0 --episodes 2 --seed 965000 --run-id dqn_qoe_qoe_seed965_batch0 --omega-jsonl /home/kmanojp/oranslice_rig/experiments/results/live_campaign_v2/dqn_qoe/qoe/rep_seed965/omega_log.jsonl --reward-mode qoe
[dqn_qoe_qoe_seed965_batch0] talking to gNB E2 agent (listen=6600, gNB=6655)...

Omega log: /home/kmanojp/oranslice_rig/experiments/results/live_campaign_v2/dqn_qoe/qoe/rep_seed965/omega_log.jsonl
{
  "run_id": "dqn_qoe_qoe_seed965_batch0",
  "algorithm": "dqn",
  "mode": "live_testbed",
  "seed": 965000,
  "n_episodes": 2,
  "mean_reward_per_step": 0.6646810584598116,
  "mean_blocks_per_episode": 71.0,
  "mean_urllc_blocks_per_episode": 12.0,
  "blocks_per_episode": [
    45,
    97
  ],
  "blocks_per_episode_by_slice": [
    {
      "mmtc": 15,
      "embb": 30
    },
    {
      "embb": 43,
      "mmtc": 30,
      "urllc": 24
    }
  ],
  "mean_rho": null,
  "omega_path": "/home/kmanojp/oranslice_rig/experiments/results/live_campaign_v2/dqn_qoe/qoe/rep_seed965/omega_log.jsonl",
  "checkpoint_path": "",
  "drift_flag": true,
  "drift_reason": "mean URLLC block rate 12.00/episode exceeds 2x the 1.0/episode acceptance bar",
  "sla_compliance_by_slice": {
    "embb": 1.0,
    "urllc": 1.0,
    "mmtc": 1.0
  },
  "sla_compliance_all_slices": 1.0,
  "sla_compliance_by_slice_per_episode": [
    {
      "embb": 1.0,
      "urllc": 1.0,
      "mmtc": 1.0
    },
    {
      "embb": 1.0,
      "urllc": 1.0,
      "mmtc": 1.0
    }
  ],
  "sla_margin_by_slice": {
    "embb": 0.974999999967473,
    "urllc": 0.7549862967496793,
    "mmtc": 0.9099996117114211
  },
  "sla_margin_by_slice_per_episode": [
    {
      "embb": 0.9999999999349457,
      "urllc": 0.8099725934993582,
      "mmtc": 0.9999994447165965
    },
    {
      "embb": 0.9500000000000004,
      "urllc": 0.7000000000000004,
      "mmtc": 0.8199997787062455
    }
  ],
  "mean_mos_by_slice": {
    "embb": 2.171245006720225,
    "urllc": 4.21900958220164,
    "mmtc": 4.885918112595876
  },
  "mean_cost": 0.125,
  "mean_sla_viol": 0.0
}
[orchestrator] === dqn_qoe rep_seed965 batch 1 (2 episodes, batch_seed=965001, 2/5 done so far) ===
[orchestrator] $ bash /home/kmanojp/oranslice_rig/experiments/scripts/health_check.sh
[health] FAIL: UE1 (embb) unreachable
[health] FAIL: UE2 (mmtc) unreachable
[health] FAIL: UE3 (urllc) unreachable
[orchestrator] health check failed, restarting stack (attempt 1)
[orchestrator] $ bash /home/kmanojp/oranslice_rig/experiments/scripts/restart_ran_stack.sh
[restart] stopping all RAN processes and tmux sessions
/home/kmanojp/oranslice_rig/experiments/scripts/restart_ran_stack.sh: line 23: 424848 Killed                  sudo pkill -9 -f "nr-uesoftmodem" 2> /dev/null
/home/kmanojp/oranslice_rig/experiments/scripts/restart_ran_stack.sh: line 24: 424850 Killed                  sudo pkill -9 -f "nr-softmodem" 2> /dev/null
[restart] confirmed clean: no RAN processes running
[restart] launching gNB
[restart] gNB up, E2 agent alive
[restart] launching UE1 (embb, default netns)
[restart] UE1 attached
[restart] launching UE2 (mmtc, ue2ns)
[restart] UE2 attached
[restart] launching UE3 (urllc, ue3ns)
[restart] UE3 attached
[restart] verifying connectivity all 3 UEs
[restart] SUCCESS: all 3 UEs attached and reachable
[orchestrator] $ bash /home/kmanojp/oranslice_rig/experiments/scripts/health_check.sh
[health] OK: all 3 UEs reachable, 16 RAN processes alive, no recent segfault
[orchestrator] $ python3 /home/kmanojp/oranslice_rig/framework/qoe_oran_framework/xapp/saclb_xapp.py --config /home/kmanojp/oranslice_rig/experiments/configs/saclb_campaign_v2.yaml --algorithm dqn --checkpoint /home/kmanojp/oranslice_rig/experiments/results/offline_v2/qoe/seed256/dqn/offline_closed_loop/rep_0/checkpoint.pt --gnb-id gnb-0 --episodes 2 --seed 965001 --run-id dqn_qoe_qoe_seed965_batch1 --omega-jsonl /home/kmanojp/oranslice_rig/experiments/results/live_campaign_v2/dqn_qoe/qoe/rep_seed965/omega_log.jsonl --reward-mode qoe
[dqn_qoe_qoe_seed965_batch1] talking to gNB E2 agent (listen=6600, gNB=6655)...

Omega log: /home/kmanojp/oranslice_rig/experiments/results/live_campaign_v2/dqn_qoe/qoe/rep_seed965/omega_log.jsonl
{
  "run_id": "dqn_qoe_qoe_seed965_batch1",
  "algorithm": "dqn",
  "mode": "live_testbed",
  "seed": 965001,
  "n_episodes": 2,
  "mean_reward_per_step": 0.5562781396574444,
  "mean_blocks_per_episode": 114.0,
  "mean_urllc_blocks_per_episode": 36.0,
  "blocks_per_episode": [
    108,
    120
  ],
  "blocks_per_episode_by_slice": [
    {
      "embb": 38,
      "mmtc": 34,
      "urllc": 36
    },
    {
      "mmtc": 37,
      "embb": 47,
      "urllc": 36
    }
  ],
  "mean_rho": null,
  "omega_path": "/home/kmanojp/oranslice_rig/experiments/results/live_campaign_v2/dqn_qoe/qoe/rep_seed965/omega_log.jsonl",
  "checkpoint_path": "",
  "drift_flag": true,
  "drift_reason": "mean URLLC block rate 36.00/episode exceeds 2x the 1.0/episode acceptance bar",
  "sla_compliance_by_slice": {
    "embb": 1.0,
    "urllc": 1.0,
    "mmtc": 1.0
  },
  "sla_compliance_all_slices": 1.0,
  "sla_compliance_by_slice_per_episode": [
    {
      "embb": 1.0,
      "urllc": 1.0,
      "mmtc": 1.0
    },
    {
      "embb": 1.0,
      "urllc": 1.0,
      "mmtc": 1.0
    }
  ],
  "sla_margin_by_slice": {
    "embb": 0.7349999925862443,
    "urllc": 0.7220725067293586,
    "mmtc": 0.7099979927602998
  },
  "sla_margin_by_slice_per_episode": [
    {
      "embb": 0.7699999851724881,
      "urllc": 0.7441450134587169,
      "mmtc": 0.7199959855205993
    },
    {
      "embb": 0.7000000000000004,
      "urllc": 0.7000000000000004,
      "mmtc": 0.7000000000000004
    }
  ],
  "mean_mos_by_slice": {
    "embb": 2.171144487460454,
    "urllc": 2.787105812629064,
    "mmtc": 4.7590873757998144
  },
  "mean_cost": 0.017500000000000005,
  "mean_sla_viol": 0.0
}
[orchestrator] === dqn_qoe rep_seed965 batch 2 (1 episodes, batch_seed=965002, 4/5 done so far) ===
[orchestrator] $ bash /home/kmanojp/oranslice_rig/experiments/scripts/health_check.sh
[health] FAIL: UE1 (embb) unreachable
[health] FAIL: UE2 (mmtc) unreachable
[health] FAIL: UE3 (urllc) unreachable
[orchestrator] health check failed, restarting stack (attempt 1)
[orchestrator] $ bash /home/kmanojp/oranslice_rig/experiments/scripts/restart_ran_stack.sh
[restart] stopping all RAN processes and tmux sessions
/home/kmanojp/oranslice_rig/experiments/scripts/restart_ran_stack.sh: line 23: 430293 Killed                  sudo pkill -9 -f "nr-uesoftmodem" 2> /dev/null
/home/kmanojp/oranslice_rig/experiments/scripts/restart_ran_stack.sh: line 24: 430295 Killed                  sudo pkill -9 -f "nr-softmodem" 2> /dev/null
[restart] confirmed clean: no RAN processes running
[restart] launching gNB
[restart] gNB up, E2 agent alive
[restart] launching UE1 (embb, default netns)
[restart] UE1 attached
[restart] launching UE2 (mmtc, ue2ns)
[restart] UE2 attached
[restart] launching UE3 (urllc, ue3ns)
[restart] UE3 attached
[restart] verifying connectivity all 3 UEs
[restart] SUCCESS: all 3 UEs attached and reachable
[orchestrator] $ bash /home/kmanojp/oranslice_rig/experiments/scripts/health_check.sh
[health] OK: all 3 UEs reachable, 16 RAN processes alive, no recent segfault
[orchestrator] $ python3 /home/kmanojp/oranslice_rig/framework/qoe_oran_framework/xapp/saclb_xapp.py --config /home/kmanojp/oranslice_rig/experiments/configs/saclb_campaign_v2.yaml --algorithm dqn --checkpoint /home/kmanojp/oranslice_rig/experiments/results/offline_v2/qoe/seed256/dqn/offline_closed_loop/rep_0/checkpoint.pt --gnb-id gnb-0 --episodes 1 --seed 965002 --run-id dqn_qoe_qoe_seed965_batch2 --omega-jsonl /home/kmanojp/oranslice_rig/experiments/results/live_campaign_v2/dqn_qoe/qoe/rep_seed965/omega_log.jsonl --reward-mode qoe
[dqn_qoe_qoe_seed965_batch2] talking to gNB E2 agent (listen=6600, gNB=6655)...

Omega log: /home/kmanojp/oranslice_rig/experiments/results/live_campaign_v2/dqn_qoe/qoe/rep_seed965/omega_log.jsonl
{
  "run_id": "dqn_qoe_qoe_seed965_batch2",
  "algorithm": "dqn",
  "mode": "live_testbed",
  "seed": 965002,
  "n_episodes": 1,
  "mean_reward_per_step": 0.6013362777630485,
  "mean_blocks_per_episode": 110.0,
  "mean_urllc_blocks_per_episode": 36.0,
  "blocks_per_episode": [
    110
  ],
  "blocks_per_episode_by_slice": [
    {
      "embb": 38,
      "mmtc": 36,
      "urllc": 36
    }
  ],
  "mean_rho": null,
  "omega_path": "/home/kmanojp/oranslice_rig/experiments/results/live_campaign_v2/dqn_qoe/qoe/rep_seed965/omega_log.jsonl",
  "checkpoint_path": "",
  "drift_flag": true,
  "drift_reason": "mean URLLC block rate 36.00/episode exceeds 2x the 1.0/episode acceptance bar",
  "sla_compliance_by_slice": {
    "embb": 1.0,
    "urllc": 1.0,
    "mmtc": 1.0
  },
  "sla_compliance_all_slices": 1.0,
  "sla_compliance_by_slice_per_episode": [
    {
      "embb": 1.0,
      "urllc": 1.0,
      "mmtc": 1.0
    }
  ],
  "sla_margin_by_slice": {
    "embb": 0.7549999883001665,
    "urllc": 0.7345606966471926,
    "mmtc": 0.7099984597077686
  },
  "sla_margin_by_slice_per_episode": [
    {
      "embb": 0.7549999883001665,
      "urllc": 0.7345606966471926,
      "mmtc": 0.7099984597077686
    }
  ],
  "mean_mos_by_slice": {
    "embb": 2.1710921923319497,
    "urllc": 3.3581624388694764,
    "mmtc": 4.75878070195516
  },
  "mean_cost": 0.030000000000000006,
  "mean_sla_viol": 0.0
}
[orchestrator] DONE: 5/5 episodes completed for dqn_qoe rep_seed965. omega log: /home/kmanojp/oranslice_rig/experiments/results/live_campaign_v2/dqn_qoe/qoe/rep_seed965/omega_log.jsonl
=== 05:35:18 DONE arm=dqn_qoe seed=965 (1760s, 1 attempt(s)) ===
=== 05:35:18 DRAIN before arm=static_at_cap seed=965 ===
     rnti=5591: mean=5.00 PRB  max=5.00  n=10
     rnti=19590: mean=5.00 PRB  max=5.00  n=10
     rnti=49766: mean=5.00 PRB  max=5.00  n=10

Done. NEVER send SUBSCRIPTION-type messages: still assert(0!=0) in handle_subscription() on this OAI base (verified 2026-07-14).
=== 05:35:53 RUN arm=static_at_cap seed=965 algo=baseline_static mode=sla episodes=5 ===
[orchestrator] === static_at_cap rep_seed965 batch 0 (2 episodes, batch_seed=965000, 0/5 done so far) ===
[orchestrator] $ bash /home/kmanojp/oranslice_rig/experiments/scripts/health_check.sh
[health] OK: all 3 UEs reachable, 16 RAN processes alive, no recent segfault
[orchestrator] $ python3 /home/kmanojp/oranslice_rig/experiments/scripts/run_baseline_static.py --config /home/kmanojp/oranslice_rig/experiments/configs/saclb_campaign_static_at_cap_v2.yaml --gnb-id gnb-0 --episodes 2 --seed 965000 --run-id static_at_cap_sla_seed965_batch0 --omega-jsonl /home/kmanojp/oranslice_rig/experiments/results/live_campaign_v2/static_at_cap/sla/rep_seed965/omega_log.jsonl --reward-mode sla
[static_at_cap_sla_seed965_batch0] baseline_static: talking to gNB E2 agent (listen=6600, gNB=6655)...

Omega log: /home/kmanojp/oranslice_rig/experiments/results/live_campaign_v2/static_at_cap/sla/rep_seed965/omega_log.jsonl
{
  "run_id": "static_at_cap_sla_seed965_batch0",
  "algorithm": "baseline_static",
  "mode": "live_testbed",
  "seed": 965000,
  "n_episodes": 2,
  "mean_reward_per_step": 6.245416666666667,
  "mean_blocks_per_episode": 0.0,
  "mean_urllc_blocks_per_episode": 0.0,
  "blocks_per_episode": [
    0,
    0
  ],
  "blocks_per_episode_by_slice": [
    {},
    {}
  ],
  "mean_rho": null,
  "omega_path": "/home/kmanojp/oranslice_rig/experiments/results/live_campaign_v2/static_at_cap/sla/rep_seed965/omega_log.jsonl",
  "checkpoint_path": "",
  "drift_flag": false,
  "drift_reason": "",
  "sla_compliance_by_slice": {
    "embb": 1.0,
    "urllc": 1.0,
    "mmtc": 1.0
  },
  "sla_compliance_all_slices": 1.0,
  "sla_compliance_by_slice_per_episode": [
    {
      "embb": 1.0,
      "urllc": 1.0,
      "mmtc": 1.0
    },
    {
      "embb": 1.0,
      "urllc": 1.0,
      "mmtc": 1.0
    }
  ],
  "sla_margin_by_slice": {
    "embb": 0.9999999999575172,
    "urllc": 0.7999751971169954,
    "mmtc": 0.7324998967666789
  },
  "sla_margin_by_slice_per_episode": [
    {
      "embb": 0.9999999999150344,
      "urllc": 0.8999503942339904,
      "mmtc": 0.7649997935333575
    },
    {
      "embb": 1.0,
      "urllc": 0.7000000000000004,
      "mmtc": 0.7000000000000004
    }
  ],
  "mean_mos_by_slice": {
    "embb": 2.171316146850586,
    "urllc": 4.331873289744059,
    "mmtc": 4.7730737368265785
  },
  "mean_cost": 0.3025,
  "mean_sla_viol": 0.0
}
[orchestrator] === static_at_cap rep_seed965 batch 1 (2 episodes, batch_seed=965001, 2/5 done so far) ===
[orchestrator] $ bash /home/kmanojp/oranslice_rig/experiments/scripts/health_check.sh
[health] FAIL: UE2 (mmtc) unreachable
[health] FAIL: UE3 (urllc) unreachable
[orchestrator] health check failed, restarting stack (attempt 1)
[orchestrator] $ bash /home/kmanojp/oranslice_rig/experiments/scripts/restart_ran_stack.sh
[restart] stopping all RAN processes and tmux sessions
/home/kmanojp/oranslice_rig/experiments/scripts/restart_ran_stack.sh: line 23: 438293 Killed                  sudo pkill -9 -f "nr-uesoftmodem" 2> /dev/null
/home/kmanojp/oranslice_rig/experiments/scripts/restart_ran_stack.sh: line 24: 438295 Killed                  sudo pkill -9 -f "nr-softmodem" 2> /dev/null
[restart] confirmed clean: no RAN processes running
[restart] launching gNB
[restart] gNB up, E2 agent alive
[restart] launching UE1 (embb, default netns)
[restart] UE1 attached
[restart] launching UE2 (mmtc, ue2ns)
[restart] UE2 attached
[restart] launching UE3 (urllc, ue3ns)
[restart] UE3 attached
[restart] verifying connectivity all 3 UEs
[restart] SUCCESS: all 3 UEs attached and reachable
[orchestrator] $ bash /home/kmanojp/oranslice_rig/experiments/scripts/health_check.sh
[health] OK: all 3 UEs reachable, 16 RAN processes alive, no recent segfault
[orchestrator] $ python3 /home/kmanojp/oranslice_rig/experiments/scripts/run_baseline_static.py --config /home/kmanojp/oranslice_rig/experiments/configs/saclb_campaign_static_at_cap_v2.yaml --gnb-id gnb-0 --episodes 2 --seed 965001 --run-id static_at_cap_sla_seed965_batch1 --omega-jsonl /home/kmanojp/oranslice_rig/experiments/results/live_campaign_v2/static_at_cap/sla/rep_seed965/omega_log.jsonl --reward-mode sla
[static_at_cap_sla_seed965_batch1] baseline_static: talking to gNB E2 agent (listen=6600, gNB=6655)...

Omega log: /home/kmanojp/oranslice_rig/experiments/results/live_campaign_v2/static_at_cap/sla/rep_seed965/omega_log.jsonl
{
  "run_id": "static_at_cap_sla_seed965_batch1",
  "algorithm": "baseline_static",
  "mode": "live_testbed",
  "seed": 965001,
  "n_episodes": 2,
  "mean_reward_per_step": 5.577916666666669,
  "mean_blocks_per_episode": 0.0,
  "mean_urllc_blocks_per_episode": 0.0,
  "blocks_per_episode": [
    0,
    0
  ],
  "blocks_per_episode_by_slice": [
    {},
    {}
  ],
  "mean_rho": null,
  "omega_path": "/home/kmanojp/oranslice_rig/experiments/results/live_campaign_v2/static_at_cap/sla/rep_seed965/omega_log.jsonl",
  "checkpoint_path": "",
  "drift_flag": false,
  "drift_reason": "",
  "sla_compliance_by_slice": {
    "embb": 1.0,
    "urllc": 1.0,
    "mmtc": 1.0
  },
  "sla_compliance_all_slices": 1.0,
  "sla_compliance_by_slice_per_episode": [
    {
      "embb": 1.0,
      "urllc": 1.0,
      "mmtc": 1.0
    },
    {
      "embb": 1.0,
      "urllc": 1.0,
      "mmtc": 1.0
    }
  ],
  "sla_margin_by_slice": {
    "embb": 0.9999999975588069,
    "urllc": 0.7196912777734303,
    "mmtc": 0.7124972415126523
  },
  "sla_margin_by_slice_per_episode": [
    {
      "embb": 0.9999999951176137,
      "urllc": 0.7393825555468604,
      "mmtc": 0.7249944830253042
    },
    {
      "embb": 1.0,
      "urllc": 0.7000000000000004,
      "mmtc": 0.7000000000000004
    }
  ],
  "mean_mos_by_slice": {
    "embb": 2.1713161528110505,
    "urllc": 3.0514283378918967,
    "mmtc": 4.76071294148763
  },
  "mean_cost": 0.3025,
  "mean_sla_viol": 0.0
}
[orchestrator] === static_at_cap rep_seed965 batch 2 (1 episodes, batch_seed=965002, 4/5 done so far) ===
[orchestrator] $ bash /home/kmanojp/oranslice_rig/experiments/scripts/health_check.sh
[health] FAIL: UE2 (mmtc) unreachable
[health] FAIL: UE3 (urllc) unreachable
[orchestrator] health check failed, restarting stack (attempt 1)
[orchestrator] $ bash /home/kmanojp/oranslice_rig/experiments/scripts/restart_ran_stack.sh
[restart] stopping all RAN processes and tmux sessions
/home/kmanojp/oranslice_rig/experiments/scripts/restart_ran_stack.sh: line 23: 443692 Killed                  sudo pkill -9 -f "nr-uesoftmodem" 2> /dev/null
/home/kmanojp/oranslice_rig/experiments/scripts/restart_ran_stack.sh: line 24: 443694 Killed                  sudo pkill -9 -f "nr-softmodem" 2> /dev/null
[restart] confirmed clean: no RAN processes running
[restart] launching gNB
[restart] gNB up, E2 agent alive
[restart] launching UE1 (embb, default netns)
[restart] UE1 attached
[restart] launching UE2 (mmtc, ue2ns)
[restart] UE2 attached
[restart] launching UE3 (urllc, ue3ns)
[restart] UE3 attached
[restart] verifying connectivity all 3 UEs
[restart] SUCCESS: all 3 UEs attached and reachable
[orchestrator] $ bash /home/kmanojp/oranslice_rig/experiments/scripts/health_check.sh
[health] OK: all 3 UEs reachable, 16 RAN processes alive, no recent segfault
[orchestrator] $ python3 /home/kmanojp/oranslice_rig/experiments/scripts/run_baseline_static.py --config /home/kmanojp/oranslice_rig/experiments/configs/saclb_campaign_static_at_cap_v2.yaml --gnb-id gnb-0 --episodes 1 --seed 965002 --run-id static_at_cap_sla_seed965_batch2 --omega-jsonl /home/kmanojp/oranslice_rig/experiments/results/live_campaign_v2/static_at_cap/sla/rep_seed965/omega_log.jsonl --reward-mode sla
[static_at_cap_sla_seed965_batch2] baseline_static: talking to gNB E2 agent (listen=6600, gNB=6655)...

Omega log: /home/kmanojp/oranslice_rig/experiments/results/live_campaign_v2/static_at_cap/sla/rep_seed965/omega_log.jsonl
{
  "run_id": "static_at_cap_sla_seed965_batch2",
  "algorithm": "baseline_static",
  "mode": "live_testbed",
  "seed": 965002,
  "n_episodes": 1,
  "mean_reward_per_step": 5.679166666666668,
  "mean_blocks_per_episode": 0.0,
  "mean_urllc_blocks_per_episode": 0.0,
  "blocks_per_episode": [
    0
  ],
  "blocks_per_episode_by_slice": [
    {}
  ],
  "mean_rho": null,
  "omega_path": "/home/kmanojp/oranslice_rig/experiments/results/live_campaign_v2/static_at_cap/sla/rep_seed965/omega_log.jsonl",
  "checkpoint_path": "",
  "drift_flag": false,
  "drift_reason": "",
  "sla_compliance_by_slice": {
    "embb": 1.0,
    "urllc": 1.0,
    "mmtc": 1.0
  },
  "sla_compliance_all_slices": 1.0,
  "sla_compliance_by_slice_per_episode": [
    {
      "embb": 1.0,
      "urllc": 1.0,
      "mmtc": 1.0
    }
  ],
  "sla_margin_by_slice": {
    "embb": 0.9999999956076813,
    "urllc": 0.7097939791375154,
    "mmtc": 0.7249955312506206
  },
  "sla_margin_by_slice_per_episode": [
    {
      "embb": 0.9999999956076813,
      "urllc": 0.7097939791375154,
      "mmtc": 0.7249955312506206
    }
  ],
  "mean_mos_by_slice": {
    "embb": 2.171316146850586,
    "urllc": 2.7540655016899107,
    "mmtc": 4.768373370170593
  },
  "mean_cost": 0.3050000000000001,
  "mean_sla_viol": 0.0
}
[orchestrator] DONE: 5/5 episodes completed for static_at_cap rep_seed965. omega log: /home/kmanojp/oranslice_rig/experiments/results/live_campaign_v2/static_at_cap/sla/rep_seed965/omega_log.jsonl
=== 06:04:24 DONE arm=static_at_cap seed=965 (1746s, 1 attempt(s)) ===
=== seed=966 episodes=5 arm_order=dqn_sla dqn_qoe static_at_cap baseline ===
=== 06:04:24 DRAIN before arm=dqn_sla seed=966 ===
     rnti=19706: mean=5.00 PRB  max=5.00  n=10
     rnti=37749: mean=5.00 PRB  max=5.00  n=10
     rnti=60189: mean=5.00 PRB  max=5.00  n=10

Done. NEVER send SUBSCRIPTION-type messages: still assert(0!=0) in handle_subscription() on this OAI base (verified 2026-07-14).
=== 06:04:59 RUN arm=dqn_sla seed=966 algo=dqn mode=sla episodes=5 ===
[orchestrator] === dqn_sla rep_seed966 batch 0 (2 episodes, batch_seed=966000, 0/5 done so far) ===
[orchestrator] $ bash /home/kmanojp/oranslice_rig/experiments/scripts/health_check.sh
[health] OK: all 3 UEs reachable, 16 RAN processes alive, no recent segfault
[orchestrator] $ python3 /home/kmanojp/oranslice_rig/framework/qoe_oran_framework/xapp/saclb_xapp.py --config /home/kmanojp/oranslice_rig/experiments/configs/saclb_campaign_v2.yaml --algorithm dqn --checkpoint /home/kmanojp/oranslice_rig/experiments/results/offline_v2/sla/seed256/dqn/offline_closed_loop/rep_0/checkpoint.pt --gnb-id gnb-0 --episodes 2 --seed 966000 --run-id dqn_sla_sla_seed966_batch0 --omega-jsonl /home/kmanojp/oranslice_rig/experiments/results/live_campaign_v2/dqn_sla/sla/rep_seed966/omega_log.jsonl --reward-mode sla
[dqn_sla_sla_seed966_batch0] talking to gNB E2 agent (listen=6600, gNB=6655)...

Omega log: /home/kmanojp/oranslice_rig/experiments/results/live_campaign_v2/dqn_sla/sla/rep_seed966/omega_log.jsonl
{
  "run_id": "dqn_sla_sla_seed966_batch0",
  "algorithm": "dqn",
  "mode": "live_testbed",
  "seed": 966000,
  "n_episodes": 2,
  "mean_reward_per_step": 0.0,
  "mean_blocks_per_episode": 121.0,
  "mean_urllc_blocks_per_episode": 37.5,
  "blocks_per_episode": [
    122,
    120
  ],
  "blocks_per_episode_by_slice": [
    {
      "mmtc": 50,
      "urllc": 37,
      "embb": 35
    },
    {
      "urllc": 38,
      "embb": 37,
      "mmtc": 45
    }
  ],
  "mean_rho": null,
  "omega_path": "/home/kmanojp/oranslice_rig/experiments/results/live_campaign_v2/dqn_sla/sla/rep_seed966/omega_log.jsonl",
  "checkpoint_path": "",
  "drift_flag": true,
  "drift_reason": "mean URLLC block rate 37.50/episode exceeds 2x the 1.0/episode acceptance bar",
  "sla_compliance_by_slice": {
    "embb": 1.0,
    "urllc": 1.0,
    "mmtc": 1.0
  },
  "sla_compliance_all_slices": 1.0,
  "sla_compliance_by_slice_per_episode": [
    {
      "embb": 1.0,
      "urllc": 1.0,
      "mmtc": 1.0
    },
    {
      "embb": 1.0,
      "urllc": 1.0,
      "mmtc": 1.0
    }
  ],
  "sla_margin_by_slice": {
    "embb": 0.7625000000000007,
    "urllc": 0.8274610049446957,
    "mmtc": 0.7774997562305606
  },
  "sla_margin_by_slice_per_episode": [
    {
      "embb": 0.8250000000000011,
      "urllc": 0.9549220098893909,
      "mmtc": 0.8549995124611206
    },
    {
      "embb": 0.7000000000000004,
      "urllc": 0.7000000000000004,
      "mmtc": 0.7000000000000004
    }
  ],
  "mean_mos_by_slice": {
    "embb": 2.1711560070514677,
    "urllc": 4.4008270064989725,
    "mmtc": 4.801682821909586
  },
  "mean_cost": 0.0,
  "mean_sla_viol": 0.0
}
[orchestrator] === dqn_sla rep_seed966 batch 1 (2 episodes, batch_seed=966001, 2/5 done so far) ===
[orchestrator] $ bash /home/kmanojp/oranslice_rig/experiments/scripts/health_check.sh
[health] FAIL: UE1 (embb) unreachable
[health] FAIL: UE2 (mmtc) unreachable
[health] FAIL: UE3 (urllc) unreachable
[orchestrator] health check failed, restarting stack (attempt 1)
[orchestrator] $ bash /home/kmanojp/oranslice_rig/experiments/scripts/restart_ran_stack.sh
[restart] stopping all RAN processes and tmux sessions
/home/kmanojp/oranslice_rig/experiments/scripts/restart_ran_stack.sh: line 23: 451842 Killed                  sudo pkill -9 -f "nr-uesoftmodem" 2> /dev/null
/home/kmanojp/oranslice_rig/experiments/scripts/restart_ran_stack.sh: line 24: 451844 Killed                  sudo pkill -9 -f "nr-softmodem" 2> /dev/null
[restart] confirmed clean: no RAN processes running
[restart] launching gNB
[restart] gNB up, E2 agent alive
[restart] launching UE1 (embb, default netns)
[restart] UE1 attached
[restart] launching UE2 (mmtc, ue2ns)
[restart] UE2 attached
[restart] launching UE3 (urllc, ue3ns)
[restart] UE3 attached
[restart] verifying connectivity all 3 UEs
[restart] SUCCESS: all 3 UEs attached and reachable
[orchestrator] $ bash /home/kmanojp/oranslice_rig/experiments/scripts/health_check.sh
[health] OK: all 3 UEs reachable, 16 RAN processes alive, no recent segfault
[orchestrator] $ python3 /home/kmanojp/oranslice_rig/framework/qoe_oran_framework/xapp/saclb_xapp.py --config /home/kmanojp/oranslice_rig/experiments/configs/saclb_campaign_v2.yaml --algorithm dqn --checkpoint /home/kmanojp/oranslice_rig/experiments/results/offline_v2/sla/seed256/dqn/offline_closed_loop/rep_0/checkpoint.pt --gnb-id gnb-0 --episodes 2 --seed 966001 --run-id dqn_sla_sla_seed966_batch1 --omega-jsonl /home/kmanojp/oranslice_rig/experiments/results/live_campaign_v2/dqn_sla/sla/rep_seed966/omega_log.jsonl --reward-mode sla
[dqn_sla_sla_seed966_batch1] talking to gNB E2 agent (listen=6600, gNB=6655)...

Omega log: /home/kmanojp/oranslice_rig/experiments/results/live_campaign_v2/dqn_sla/sla/rep_seed966/omega_log.jsonl
{
  "run_id": "dqn_sla_sla_seed966_batch1",
  "algorithm": "dqn",
  "mode": "live_testbed",
  "seed": 966001,
  "n_episodes": 2,
  "mean_reward_per_step": 0.0,
  "mean_blocks_per_episode": 121.0,
  "mean_urllc_blocks_per_episode": 40.0,
  "blocks_per_episode": [
    122,
    120
  ],
  "blocks_per_episode_by_slice": [
    {
      "mmtc": 40,
      "urllc": 39,
      "embb": 43
    },
    {
      "mmtc": 38,
      "urllc": 41,
      "embb": 41
    }
  ],
  "mean_rho": null,
  "omega_path": "/home/kmanojp/oranslice_rig/experiments/results/live_campaign_v2/dqn_sla/sla/rep_seed966/omega_log.jsonl",
  "checkpoint_path": "",
  "drift_flag": true,
  "drift_reason": "mean URLLC block rate 40.00/episode exceeds 2x the 1.0/episode acceptance bar",
  "sla_compliance_by_slice": {
    "embb": 1.0,
    "urllc": 1.0,
    "mmtc": 1.0
  },
  "sla_compliance_all_slices": 1.0,
  "sla_compliance_by_slice_per_episode": [
    {
      "embb": 1.0,
      "urllc": 1.0,
      "mmtc": 1.0
    },
    {
      "embb": 1.0,
      "urllc": 1.0,
      "mmtc": 1.0
    }
  ],
  "sla_margin_by_slice": {
    "embb": 0.7274999910838014,
    "urllc": 0.7172288250713614,
    "mmtc": 0.7124979890628661
  },
  "sla_margin_by_slice_per_episode": [
    {
      "embb": 0.7549999821676023,
      "urllc": 0.7344576501427224,
      "mmtc": 0.7249959781257318
    },
    {
      "embb": 0.7000000000000004,
      "urllc": 0.7000000000000004,
      "mmtc": 0.7000000000000004
    }
  ],
  "mean_mos_by_slice": {
    "embb": 2.171141346295675,
    "urllc": 3.044106686115265,
    "mmtc": 4.760615142186483
  },
  "mean_cost": 0.0,
  "mean_sla_viol": 0.0
}
[orchestrator] === dqn_sla rep_seed966 batch 2 (1 episodes, batch_seed=966002, 4/5 done so far) ===
[orchestrator] $ bash /home/kmanojp/oranslice_rig/experiments/scripts/health_check.sh
[health] FAIL: UE1 (embb) unreachable
[health] FAIL: UE2 (mmtc) unreachable
[health] FAIL: UE3 (urllc) unreachable
[orchestrator] health check failed, restarting stack (attempt 1)
[orchestrator] $ bash /home/kmanojp/oranslice_rig/experiments/scripts/restart_ran_stack.sh
[restart] stopping all RAN processes and tmux sessions
/home/kmanojp/oranslice_rig/experiments/scripts/restart_ran_stack.sh: line 23: 457397 Killed                  sudo pkill -9 -f "nr-uesoftmodem" 2> /dev/null
/home/kmanojp/oranslice_rig/experiments/scripts/restart_ran_stack.sh: line 24: 457399 Killed                  sudo pkill -9 -f "nr-softmodem" 2> /dev/null
[restart] confirmed clean: no RAN processes running
[restart] launching gNB
[restart] gNB up, E2 agent alive
[restart] launching UE1 (embb, default netns)
[restart] UE1 attached
[restart] launching UE2 (mmtc, ue2ns)
[restart] UE2 attached
[restart] launching UE3 (urllc, ue3ns)
[restart] UE3 attached
[restart] verifying connectivity all 3 UEs
[restart] FATAL: post-restart connectivity check failed
[orchestrator] restart_ran_stack.sh itself failed
[orchestrator] FATAL: rig unhealthy after max restart attempts, aborting rep
[n128] RETRY 1/3 for arm=dqn_sla seed=966 --  deleting stale partial output first (Stage 11 append-corruption lesson)
=== 06:29:58 DRAIN before arm=dqn_sla seed=966 ===
     rnti=9211: mean=5.00 PRB  max=5.00  n=10
     rnti=23268: mean=5.00 PRB  max=5.00  n=10
     rnti=59102: mean=5.00 PRB  max=5.00  n=10

Done. NEVER send SUBSCRIPTION-type messages: still assert(0!=0) in handle_subscription() on this OAI base (verified 2026-07-14).
=== 06:30:33 RUN arm=dqn_sla seed=966 algo=dqn mode=sla episodes=5 ===
[orchestrator] === dqn_sla rep_seed966 batch 0 (2 episodes, batch_seed=966000, 0/5 done so far) ===
[orchestrator] $ bash /home/kmanojp/oranslice_rig/experiments/scripts/health_check.sh
[health] OK: all 3 UEs reachable, 16 RAN processes alive, no recent segfault
[orchestrator] $ python3 /home/kmanojp/oranslice_rig/framework/qoe_oran_framework/xapp/saclb_xapp.py --config /home/kmanojp/oranslice_rig/experiments/configs/saclb_campaign_v2.yaml --algorithm dqn --checkpoint /home/kmanojp/oranslice_rig/experiments/results/offline_v2/sla/seed256/dqn/offline_closed_loop/rep_0/checkpoint.pt --gnb-id gnb-0 --episodes 2 --seed 966000 --run-id dqn_sla_sla_seed966_batch0 --omega-jsonl /home/kmanojp/oranslice_rig/experiments/results/live_campaign_v2/dqn_sla/sla/rep_seed966/omega_log.jsonl --reward-mode sla
[dqn_sla_sla_seed966_batch0] talking to gNB E2 agent (listen=6600, gNB=6655)...

Omega log: /home/kmanojp/oranslice_rig/experiments/results/live_campaign_v2/dqn_sla/sla/rep_seed966/omega_log.jsonl
{
  "run_id": "dqn_sla_sla_seed966_batch0",
  "algorithm": "dqn",
  "mode": "live_testbed",
  "seed": 966000,
  "n_episodes": 2,
  "mean_reward_per_step": 0.0,
  "mean_blocks_per_episode": 121.0,
  "mean_urllc_blocks_per_episode": 37.5,
  "blocks_per_episode": [
    122,
    120
  ],
  "blocks_per_episode_by_slice": [
    {
      "mmtc": 50,
      "urllc": 37,
      "embb": 35
    },
    {
      "urllc": 38,
      "embb": 37,
      "mmtc": 45
    }
  ],
  "mean_rho": null,
  "omega_path": "/home/kmanojp/oranslice_rig/experiments/results/live_campaign_v2/dqn_sla/sla/rep_seed966/omega_log.jsonl",
  "checkpoint_path": "",
  "drift_flag": true,
  "drift_reason": "mean URLLC block rate 37.50/episode exceeds 2x the 1.0/episode acceptance bar",
  "sla_compliance_by_slice": {
    "embb": 1.0,
    "urllc": 1.0,
    "mmtc": 1.0
  },
  "sla_compliance_all_slices": 1.0,
  "sla_compliance_by_slice_per_episode": [
    {
      "embb": 1.0,
      "urllc": 1.0,
      "mmtc": 1.0
    },
    {
      "embb": 1.0,
      "urllc": 1.0,
      "mmtc": 1.0
    }
  ],
  "sla_margin_by_slice": {
    "embb": 0.7149999997125296,
    "urllc": 0.7299733144393157,
    "mmtc": 0.7249997174138944
  },
  "sla_margin_by_slice_per_episode": [
    {
      "embb": 0.7299999994250588,
      "urllc": 0.759946628878631,
      "mmtc": 0.7499994348277883
    },
    {
      "embb": 0.7000000000000004,
      "urllc": 0.7000000000000004,
      "mmtc": 0.7000000000000004
    }
  ],
  "mean_mos_by_slice": {
    "embb": 2.1711361130078632,
    "urllc": 4.156218322118123,
    "mmtc": 4.768319853146871
  },
  "mean_cost": 0.0,
  "mean_sla_viol": 0.0
}
[orchestrator] === dqn_sla rep_seed966 batch 1 (2 episodes, batch_seed=966001, 2/5 done so far) ===
[orchestrator] $ bash /home/kmanojp/oranslice_rig/experiments/scripts/health_check.sh
[health] FAIL: UE1 (embb) unreachable
[health] FAIL: UE2 (mmtc) unreachable
[health] FAIL: UE3 (urllc) unreachable
[orchestrator] health check failed, restarting stack (attempt 1)
[orchestrator] $ bash /home/kmanojp/oranslice_rig/experiments/scripts/restart_ran_stack.sh
[restart] stopping all RAN processes and tmux sessions
/home/kmanojp/oranslice_rig/experiments/scripts/restart_ran_stack.sh: line 23: 464208 Killed                  sudo pkill -9 -f "nr-uesoftmodem" 2> /dev/null
/home/kmanojp/oranslice_rig/experiments/scripts/restart_ran_stack.sh: line 24: 464210 Killed                  sudo pkill -9 -f "nr-softmodem" 2> /dev/null
[restart] confirmed clean: no RAN processes running
[restart] launching gNB
[restart] gNB up, E2 agent alive
[restart] launching UE1 (embb, default netns)
[restart] UE1 attached
[restart] launching UE2 (mmtc, ue2ns)
[restart] UE2 attached
[restart] launching UE3 (urllc, ue3ns)
[restart] UE3 attached
[restart] verifying connectivity all 3 UEs
[restart] SUCCESS: all 3 UEs attached and reachable
[orchestrator] $ bash /home/kmanojp/oranslice_rig/experiments/scripts/health_check.sh
[health] OK: all 3 UEs reachable, 16 RAN processes alive, no recent segfault
[orchestrator] $ python3 /home/kmanojp/oranslice_rig/framework/qoe_oran_framework/xapp/saclb_xapp.py --config /home/kmanojp/oranslice_rig/experiments/configs/saclb_campaign_v2.yaml --algorithm dqn --checkpoint /home/kmanojp/oranslice_rig/experiments/results/offline_v2/sla/seed256/dqn/offline_closed_loop/rep_0/checkpoint.pt --gnb-id gnb-0 --episodes 2 --seed 966001 --run-id dqn_sla_sla_seed966_batch1 --omega-jsonl /home/kmanojp/oranslice_rig/experiments/results/live_campaign_v2/dqn_sla/sla/rep_seed966/omega_log.jsonl --reward-mode sla
[dqn_sla_sla_seed966_batch1] talking to gNB E2 agent (listen=6600, gNB=6655)...

Omega log: /home/kmanojp/oranslice_rig/experiments/results/live_campaign_v2/dqn_sla/sla/rep_seed966/omega_log.jsonl
{
  "run_id": "dqn_sla_sla_seed966_batch1",
  "algorithm": "dqn",
  "mode": "live_testbed",
  "seed": 966001,
  "n_episodes": 2,
  "mean_reward_per_step": 0.0,
  "mean_blocks_per_episode": 121.0,
  "mean_urllc_blocks_per_episode": 40.0,
  "blocks_per_episode": [
    122,
    120
  ],
  "blocks_per_episode_by_slice": [
    {
      "mmtc": 40,
      "urllc": 39,
      "embb": 43
    },
    {
      "mmtc": 38,
      "urllc": 41,
      "embb": 41
    }
  ],
  "mean_rho": null,
  "omega_path": "/home/kmanojp/oranslice_rig/experiments/results/live_campaign_v2/dqn_sla/sla/rep_seed966/omega_log.jsonl",
  "checkpoint_path": "",
  "drift_flag": true,
  "drift_reason": "mean URLLC block rate 40.00/episode exceeds 2x the 1.0/episode acceptance bar",
  "sla_compliance_by_slice": {
    "embb": 1.0,
    "urllc": 1.0,
    "mmtc": 1.0
  },
  "sla_compliance_all_slices": 1.0,
  "sla_compliance_by_slice_per_episode": [
    {
      "embb": 1.0,
      "urllc": 1.0,
      "mmtc": 1.0
    },
    {
      "embb": 1.0,
      "urllc": 1.0,
      "mmtc": 1.0
    }
  ],
  "sla_margin_by_slice": {
    "embb": 0.7324999905452985,
    "urllc": 0.7172803483235966,
    "mmtc": 0.7049990492022511
  },
  "sla_margin_by_slice_per_episode": [
    {
      "embb": 0.7649999810905966,
      "urllc": 0.7345606966471926,
      "mmtc": 0.7099980984045018
    },
    {
      "embb": 0.7000000000000004,
      "urllc": 0.7000000000000004,
      "mmtc": 0.7000000000000004
    }
  ],
  "mean_mos_by_slice": {
    "embb": 2.171143450339635,
    "urllc": 3.2857986867427824,
    "mmtc": 4.75587568283081
  },
  "mean_cost": 0.0,
  "mean_sla_viol": 0.0
}
[orchestrator] === dqn_sla rep_seed966 batch 2 (1 episodes, batch_seed=966002, 4/5 done so far) ===
[orchestrator] $ bash /home/kmanojp/oranslice_rig/experiments/scripts/health_check.sh
[health] FAIL: UE1 (embb) unreachable
[health] FAIL: UE2 (mmtc) unreachable
[health] FAIL: UE3 (urllc) unreachable
[orchestrator] health check failed, restarting stack (attempt 1)
[orchestrator] $ bash /home/kmanojp/oranslice_rig/experiments/scripts/restart_ran_stack.sh
[restart] stopping all RAN processes and tmux sessions
/home/kmanojp/oranslice_rig/experiments/scripts/restart_ran_stack.sh: line 23: 469648 Killed                  sudo pkill -9 -f "nr-uesoftmodem" 2> /dev/null
/home/kmanojp/oranslice_rig/experiments/scripts/restart_ran_stack.sh: line 24: 469650 Killed                  sudo pkill -9 -f "nr-softmodem" 2> /dev/null
[restart] confirmed clean: no RAN processes running
[restart] launching gNB
[restart] gNB up, E2 agent alive
[restart] launching UE1 (embb, default netns)
[restart] UE1 attached
[restart] launching UE2 (mmtc, ue2ns)
[restart] UE2 attached
[restart] launching UE3 (urllc, ue3ns)
[restart] UE3 attached
[restart] verifying connectivity all 3 UEs
[restart] SUCCESS: all 3 UEs attached and reachable
[orchestrator] $ bash /home/kmanojp/oranslice_rig/experiments/scripts/health_check.sh
[health] OK: all 3 UEs reachable, 16 RAN processes alive, no recent segfault
[orchestrator] $ python3 /home/kmanojp/oranslice_rig/framework/qoe_oran_framework/xapp/saclb_xapp.py --config /home/kmanojp/oranslice_rig/experiments/configs/saclb_campaign_v2.yaml --algorithm dqn --checkpoint /home/kmanojp/oranslice_rig/experiments/results/offline_v2/sla/seed256/dqn/offline_closed_loop/rep_0/checkpoint.pt --gnb-id gnb-0 --episodes 1 --seed 966002 --run-id dqn_sla_sla_seed966_batch2 --omega-jsonl /home/kmanojp/oranslice_rig/experiments/results/live_campaign_v2/dqn_sla/sla/rep_seed966/omega_log.jsonl --reward-mode sla
[dqn_sla_sla_seed966_batch2] talking to gNB E2 agent (listen=6600, gNB=6655)...

Omega log: /home/kmanojp/oranslice_rig/experiments/results/live_campaign_v2/dqn_sla/sla/rep_seed966/omega_log.jsonl
{
  "run_id": "dqn_sla_sla_seed966_batch2",
  "algorithm": "dqn",
  "mode": "live_testbed",
  "seed": 966002,
  "n_episodes": 1,
  "mean_reward_per_step": 0.0,
  "mean_blocks_per_episode": 122.0,
  "mean_urllc_blocks_per_episode": 46.0,
  "blocks_per_episode": [
    122
  ],
  "blocks_per_episode_by_slice": [
    {
      "mmtc": 44,
      "urllc": 46,
      "embb": 32
    }
  ],
  "mean_rho": null,
  "omega_path": "/home/kmanojp/oranslice_rig/experiments/results/live_campaign_v2/dqn_sla/sla/rep_seed966/omega_log.jsonl",
  "checkpoint_path": "",
  "drift_flag": true,
  "drift_reason": "mean URLLC block rate 46.00/episode exceeds 2x the 1.0/episode acceptance bar",
  "sla_compliance_by_slice": {
    "embb": 1.0,
    "urllc": 1.0,
    "mmtc": 1.0
  },
  "sla_compliance_all_slices": 1.0,
  "sla_compliance_by_slice_per_episode": [
    {
      "embb": 1.0,
      "urllc": 1.0,
      "mmtc": 1.0
    }
  ],
  "sla_margin_by_slice": {
    "embb": 0.7599999897410743,
    "urllc": 0.7295327447385842,
    "mmtc": 0.7149977665762781
  },
  "sla_margin_by_slice_per_episode": [
    {
      "embb": 0.7599999897410743,
      "urllc": 0.7295327447385842,
      "mmtc": 0.7149977665762781
    }
  ],
  "mean_mos_by_slice": {
    "embb": 2.171094302336375,
    "urllc": 3.076758309205373,
    "mmtc": 4.7619597752889
  },
  "mean_cost": 0.0,
  "mean_sla_viol": 0.0
}
[orchestrator] DONE: 5/5 episodes completed for dqn_sla rep_seed966. omega log: /home/kmanojp/oranslice_rig/experiments/results/live_campaign_v2/dqn_sla/sla/rep_seed966/omega_log.jsonl
=== 06:59:18 DONE arm=dqn_sla seed=966 (3294s, 2 attempt(s)) ===
=== 06:59:18 DRAIN before arm=dqn_qoe seed=966 ===
     rnti=33176: mean=5.00 PRB  max=5.00  n=10
     rnti=35886: mean=5.00 PRB  max=5.00  n=10
     rnti=60391: mean=5.00 PRB  max=5.00  n=10

Done. NEVER send SUBSCRIPTION-type messages: still assert(0!=0) in handle_subscription() on this OAI base (verified 2026-07-14).
=== 06:59:53 RUN arm=dqn_qoe seed=966 algo=dqn mode=qoe episodes=5 ===
[orchestrator] === dqn_qoe rep_seed966 batch 0 (2 episodes, batch_seed=966000, 0/5 done so far) ===
[orchestrator] $ bash /home/kmanojp/oranslice_rig/experiments/scripts/health_check.sh
[health] OK: all 3 UEs reachable, 16 RAN processes alive, no recent segfault
[orchestrator] $ python3 /home/kmanojp/oranslice_rig/framework/qoe_oran_framework/xapp/saclb_xapp.py --config /home/kmanojp/oranslice_rig/experiments/configs/saclb_campaign_v2.yaml --algorithm dqn --checkpoint /home/kmanojp/oranslice_rig/experiments/results/offline_v2/qoe/seed256/dqn/offline_closed_loop/rep_0/checkpoint.pt --gnb-id gnb-0 --episodes 2 --seed 966000 --run-id dqn_qoe_qoe_seed966_batch0 --omega-jsonl /home/kmanojp/oranslice_rig/experiments/results/live_campaign_v2/dqn_qoe/qoe/rep_seed966/omega_log.jsonl --reward-mode qoe
[dqn_qoe_qoe_seed966_batch0] talking to gNB E2 agent (listen=6600, gNB=6655)...

Omega log: /home/kmanojp/oranslice_rig/experiments/results/live_campaign_v2/dqn_qoe/qoe/rep_seed966/omega_log.jsonl
{
  "run_id": "dqn_qoe_qoe_seed966_batch0",
  "algorithm": "dqn",
  "mode": "live_testbed",
  "seed": 966000,
  "n_episodes": 2,
  "mean_reward_per_step": 0.6723584601084391,
  "mean_blocks_per_episode": 102.0,
  "mean_urllc_blocks_per_episode": 30.5,
  "blocks_per_episode": [
    84,
    120
  ],
  "blocks_per_episode_by_slice": [
    {
      "mmtc": 35,
      "embb": 26,
      "urllc": 23
    },
    {
      "urllc": 38,
      "embb": 37,
      "mmtc": 45
    }
  ],
  "mean_rho": null,
  "omega_path": "/home/kmanojp/oranslice_rig/experiments/results/live_campaign_v2/dqn_qoe/qoe/rep_seed966/omega_log.jsonl",
  "checkpoint_path": "",
  "drift_flag": true,
  "drift_reason": "mean URLLC block rate 30.50/episode exceeds 2x the 1.0/episode acceptance bar",
  "sla_compliance_by_slice": {
    "embb": 1.0,
    "urllc": 1.0,
    "mmtc": 1.0
  },
  "sla_compliance_all_slices": 1.0,
  "sla_compliance_by_slice_per_episode": [
    {
      "embb": 1.0,
      "urllc": 1.0,
      "mmtc": 1.0
    },
    {
      "embb": 1.0,
      "urllc": 1.0,
      "mmtc": 1.0
    }
  ],
  "sla_margin_by_slice": {
    "embb": 0.9999999999599232,
    "urllc": 0.7599865571120615,
    "mmtc": 0.742499891084516
  },
  "sla_margin_by_slice_per_episode": [
    {
      "embb": 0.9999999999198464,
      "urllc": 0.8199731142241227,
      "mmtc": 0.7849997821690317
    },
    {
      "embb": 0.9999999999999999,
      "urllc": 0.7000000000000004,
      "mmtc": 0.7000000000000004
    }
  ],
  "mean_mos_by_slice": {
    "embb": 2.171316146850586,
    "urllc": 4.231554770469666,
    "mmtc": 4.779430603981018
  },
  "mean_cost": 0.04750000000000001,
  "mean_sla_viol": 0.0
}
[orchestrator] === dqn_qoe rep_seed966 batch 1 (2 episodes, batch_seed=966001, 2/5 done so far) ===
[orchestrator] $ bash /home/kmanojp/oranslice_rig/experiments/scripts/health_check.sh
[health] FAIL: UE1 (embb) unreachable
[health] FAIL: UE2 (mmtc) unreachable
[health] FAIL: UE3 (urllc) unreachable
[orchestrator] health check failed, restarting stack (attempt 1)
[orchestrator] $ bash /home/kmanojp/oranslice_rig/experiments/scripts/restart_ran_stack.sh
[restart] stopping all RAN processes and tmux sessions
/home/kmanojp/oranslice_rig/experiments/scripts/restart_ran_stack.sh: line 23: 477687 Killed                  sudo pkill -9 -f "nr-uesoftmodem" 2> /dev/null
/home/kmanojp/oranslice_rig/experiments/scripts/restart_ran_stack.sh: line 24: 477689 Killed                  sudo pkill -9 -f "nr-softmodem" 2> /dev/null
[restart] confirmed clean: no RAN processes running
[restart] launching gNB
[restart] gNB up, E2 agent alive
[restart] launching UE1 (embb, default netns)
[restart] UE1 attached
[restart] launching UE2 (mmtc, ue2ns)
[restart] UE2 attached
[restart] launching UE3 (urllc, ue3ns)
[restart] UE3 attached
[restart] verifying connectivity all 3 UEs
[restart] SUCCESS: all 3 UEs attached and reachable
[orchestrator] $ bash /home/kmanojp/oranslice_rig/experiments/scripts/health_check.sh
[health] OK: all 3 UEs reachable, 16 RAN processes alive, no recent segfault
[orchestrator] $ python3 /home/kmanojp/oranslice_rig/framework/qoe_oran_framework/xapp/saclb_xapp.py --config /home/kmanojp/oranslice_rig/experiments/configs/saclb_campaign_v2.yaml --algorithm dqn --checkpoint /home/kmanojp/oranslice_rig/experiments/results/offline_v2/qoe/seed256/dqn/offline_closed_loop/rep_0/checkpoint.pt --gnb-id gnb-0 --episodes 2 --seed 966001 --run-id dqn_qoe_qoe_seed966_batch1 --omega-jsonl /home/kmanojp/oranslice_rig/experiments/results/live_campaign_v2/dqn_qoe/qoe/rep_seed966/omega_log.jsonl --reward-mode qoe
[dqn_qoe_qoe_seed966_batch1] talking to gNB E2 agent (listen=6600, gNB=6655)...

Omega log: /home/kmanojp/oranslice_rig/experiments/results/live_campaign_v2/dqn_qoe/qoe/rep_seed966/omega_log.jsonl
{
  "run_id": "dqn_qoe_qoe_seed966_batch1",
  "algorithm": "dqn",
  "mode": "live_testbed",
  "seed": 966001,
  "n_episodes": 2,
  "mean_reward_per_step": 0.6067723990877472,
  "mean_blocks_per_episode": 114.0,
  "mean_urllc_blocks_per_episode": 37.0,
  "blocks_per_episode": [
    108,
    120
  ],
  "blocks_per_episode_by_slice": [
    {
      "mmtc": 34,
      "urllc": 33,
      "embb": 41
    },
    {
      "mmtc": 38,
      "urllc": 41,
      "embb": 41
    }
  ],
  "mean_rho": null,
  "omega_path": "/home/kmanojp/oranslice_rig/experiments/results/live_campaign_v2/dqn_qoe/qoe/rep_seed966/omega_log.jsonl",
  "checkpoint_path": "",
  "drift_flag": true,
  "drift_reason": "mean URLLC block rate 37.00/episode exceeds 2x the 1.0/episode acceptance bar",
  "sla_compliance_by_slice": {
    "embb": 1.0,
    "urllc": 1.0,
    "mmtc": 1.0
  },
  "sla_compliance_all_slices": 1.0,
  "sla_compliance_by_slice_per_episode": [
    {
      "embb": 1.0,
      "urllc": 1.0,
      "mmtc": 1.0
    },
    {
      "embb": 1.0,
      "urllc": 1.0,
      "mmtc": 1.0
    }
  ],
  "sla_margin_by_slice": {
    "embb": 0.7324999956626799,
    "urllc": 0.7173023134927891,
    "mmtc": 0.7124977656253104
  },
  "sla_margin_by_slice_per_episode": [
    {
      "embb": 0.7649999913253592,
      "urllc": 0.7346046269855777,
      "mmtc": 0.7249955312506206
    },
    {
      "embb": 0.7000000000000004,
      "urllc": 0.7000000000000004,
      "mmtc": 0.7000000000000004
    }
  ],
  "mean_mos_by_slice": {
    "embb": 2.1711434523264566,
    "urllc": 3.391480960448583,
    "mmtc": 4.760644376277924
  },
  "mean_cost": 0.017500000000000005,
  "mean_sla_viol": 0.0
}
[orchestrator] === dqn_qoe rep_seed966 batch 2 (1 episodes, batch_seed=966002, 4/5 done so far) ===
[orchestrator] $ bash /home/kmanojp/oranslice_rig/experiments/scripts/health_check.sh
[health] FAIL: UE1 (embb) unreachable
[health] FAIL: UE2 (mmtc) unreachable
[health] FAIL: UE3 (urllc) unreachable
[orchestrator] health check failed, restarting stack (attempt 1)
[orchestrator] $ bash /home/kmanojp/oranslice_rig/experiments/scripts/restart_ran_stack.sh
[restart] stopping all RAN processes and tmux sessions
/home/kmanojp/oranslice_rig/experiments/scripts/restart_ran_stack.sh: line 23: 483129 Killed                  sudo pkill -9 -f "nr-uesoftmodem" 2> /dev/null
/home/kmanojp/oranslice_rig/experiments/scripts/restart_ran_stack.sh: line 24: 483131 Killed                  sudo pkill -9 -f "nr-softmodem" 2> /dev/null
[restart] confirmed clean: no RAN processes running
[restart] launching gNB
[restart] gNB up, E2 agent alive
[restart] launching UE1 (embb, default netns)
[restart] UE1 attached
[restart] launching UE2 (mmtc, ue2ns)
[restart] UE2 attached
[restart] launching UE3 (urllc, ue3ns)
[restart] UE3 attached
[restart] verifying connectivity all 3 UEs
[restart] SUCCESS: all 3 UEs attached and reachable
[orchestrator] $ bash /home/kmanojp/oranslice_rig/experiments/scripts/health_check.sh
[health] OK: all 3 UEs reachable, 16 RAN processes alive, no recent segfault
[orchestrator] $ python3 /home/kmanojp/oranslice_rig/framework/qoe_oran_framework/xapp/saclb_xapp.py --config /home/kmanojp/oranslice_rig/experiments/configs/saclb_campaign_v2.yaml --algorithm dqn --checkpoint /home/kmanojp/oranslice_rig/experiments/results/offline_v2/qoe/seed256/dqn/offline_closed_loop/rep_0/checkpoint.pt --gnb-id gnb-0 --episodes 1 --seed 966002 --run-id dqn_qoe_qoe_seed966_batch2 --omega-jsonl /home/kmanojp/oranslice_rig/experiments/results/live_campaign_v2/dqn_qoe/qoe/rep_seed966/omega_log.jsonl --reward-mode qoe
[dqn_qoe_qoe_seed966_batch2] talking to gNB E2 agent (listen=6600, gNB=6655)...

Omega log: /home/kmanojp/oranslice_rig/experiments/results/live_campaign_v2/dqn_qoe/qoe/rep_seed966/omega_log.jsonl
{
  "run_id": "dqn_qoe_qoe_seed966_batch2",
  "algorithm": "dqn",
  "mode": "live_testbed",
  "seed": 966002,
  "n_episodes": 1,
  "mean_reward_per_step": 0.5897121125327218,
  "mean_blocks_per_episode": 111.0,
  "mean_urllc_blocks_per_episode": 40.0,
  "blocks_per_episode": [
    111
  ],
  "blocks_per_episode_by_slice": [
    {
      "embb": 31,
      "mmtc": 40,
      "urllc": 40
    }
  ],
  "mean_rho": null,
  "omega_path": "/home/kmanojp/oranslice_rig/experiments/results/live_campaign_v2/dqn_qoe/qoe/rep_seed966/omega_log.jsonl",
  "checkpoint_path": "",
  "drift_flag": true,
  "drift_reason": "mean URLLC block rate 40.00/episode exceeds 2x the 1.0/episode acceptance bar",
  "sla_compliance_by_slice": {
    "embb": 1.0,
    "urllc": 1.0,
    "mmtc": 1.0
  },
  "sla_compliance_all_slices": 1.0,
  "sla_compliance_by_slice_per_episode": [
    {
      "embb": 1.0,
      "urllc": 1.0,
      "mmtc": 1.0
    }
  ],
  "sla_margin_by_slice": {
    "embb": 0.7649999910746506,
    "urllc": 0.7295794702786956,
    "mmtc": 0.7199970734447876
  },
  "sla_margin_by_slice_per_episode": [
    {
      "embb": 0.7649999910746506,
      "urllc": 0.7295794702786956,
      "mmtc": 0.7199970734447876
    }
  ],
  "mean_mos_by_slice": {
    "embb": 2.171098299821218,
    "urllc": 3.2063082416852313,
    "mmtc": 4.76513880888621
  },
  "mean_cost": 0.027500000000000007,
  "mean_sla_viol": 0.0
}
[orchestrator] DONE: 5/5 episodes completed for dqn_qoe rep_seed966. omega log: /home/kmanojp/oranslice_rig/experiments/results/live_campaign_v2/dqn_qoe/qoe/rep_seed966/omega_log.jsonl
=== 07:28:37 DONE arm=dqn_qoe seed=966 (1759s, 1 attempt(s)) ===
=== 07:28:37 DRAIN before arm=static_at_cap seed=966 ===
     rnti=28664: mean=5.00 PRB  max=5.00  n=10
     rnti=32165: mean=5.00 PRB  max=5.00  n=10
     rnti=38840: mean=5.00 PRB  max=5.00  n=10

Done. NEVER send SUBSCRIPTION-type messages: still assert(0!=0) in handle_subscription() on this OAI base (verified 2026-07-14).
=== 07:29:12 RUN arm=static_at_cap seed=966 algo=baseline_static mode=sla episodes=5 ===
[orchestrator] === static_at_cap rep_seed966 batch 0 (2 episodes, batch_seed=966000, 0/5 done so far) ===
[orchestrator] $ bash /home/kmanojp/oranslice_rig/experiments/scripts/health_check.sh
[health] OK: all 3 UEs reachable, 16 RAN processes alive, no recent segfault
[orchestrator] $ python3 /home/kmanojp/oranslice_rig/experiments/scripts/run_baseline_static.py --config /home/kmanojp/oranslice_rig/experiments/configs/saclb_campaign_static_at_cap_v2.yaml --gnb-id gnb-0 --episodes 2 --seed 966000 --run-id static_at_cap_sla_seed966_batch0 --omega-jsonl /home/kmanojp/oranslice_rig/experiments/results/live_campaign_v2/static_at_cap/sla/rep_seed966/omega_log.jsonl --reward-mode sla
[static_at_cap_sla_seed966_batch0] baseline_static: talking to gNB E2 agent (listen=6600, gNB=6655)...

Omega log: /home/kmanojp/oranslice_rig/experiments/results/live_campaign_v2/static_at_cap/sla/rep_seed966/omega_log.jsonl
{
  "run_id": "static_at_cap_sla_seed966_batch0",
  "algorithm": "baseline_static",
  "mode": "live_testbed",
  "seed": 966000,
  "n_episodes": 2,
  "mean_reward_per_step": 5.008750000000002,
  "mean_blocks_per_episode": 0.0,
  "mean_urllc_blocks_per_episode": 0.0,
  "blocks_per_episode": [
    0,
    0
  ],
  "blocks_per_episode_by_slice": [
    {},
    {}
  ],
  "mean_rho": null,
  "omega_path": "/home/kmanojp/oranslice_rig/experiments/results/live_campaign_v2/static_at_cap/sla/rep_seed966/omega_log.jsonl",
  "checkpoint_path": "",
  "drift_flag": false,
  "drift_reason": "",
  "sla_compliance_by_slice": {
    "embb": 1.0,
    "urllc": 1.0,
    "mmtc": 1.0
  },
  "sla_compliance_all_slices": 1.0,
  "sla_compliance_by_slice_per_episode": [
    {
      "embb": 1.0,
      "urllc": 1.0,
      "mmtc": 1.0
    },
    {
      "embb": 1.0,
      "urllc": 1.0,
      "mmtc": 1.0
    }
  ],
  "sla_margin_by_slice": {
    "embb": 0.9999999999749356,
    "urllc": 0.7449875148155607,
    "mmtc": 0.792499738446671
  },
  "sla_margin_by_slice_per_episode": [
    {
      "embb": 0.9999999999498711,
      "urllc": 0.7899750296311209,
      "mmtc": 0.8849994768933417
    },
    {
      "embb": 1.0,
      "urllc": 0.7000000000000004,
      "mmtc": 0.7000000000000004
    }
  ],
  "mean_mos_by_slice": {
    "embb": 2.171316146850586,
    "urllc": 4.1939240336418155,
    "mmtc": 4.811218758424123
  },
  "mean_cost": 0.3025,
  "mean_sla_viol": 0.0
}
[orchestrator] === static_at_cap rep_seed966 batch 1 (2 episodes, batch_seed=966001, 2/5 done so far) ===
[orchestrator] $ bash /home/kmanojp/oranslice_rig/experiments/scripts/health_check.sh
[health] FAIL: UE2 (mmtc) unreachable
[health] FAIL: UE3 (urllc) unreachable
[orchestrator] health check failed, restarting stack (attempt 1)
[orchestrator] $ bash /home/kmanojp/oranslice_rig/experiments/scripts/restart_ran_stack.sh
[restart] stopping all RAN processes and tmux sessions
/home/kmanojp/oranslice_rig/experiments/scripts/restart_ran_stack.sh: line 23: 491181 Killed                  sudo pkill -9 -f "nr-uesoftmodem" 2> /dev/null
/home/kmanojp/oranslice_rig/experiments/scripts/restart_ran_stack.sh: line 24: 491183 Killed                  sudo pkill -9 -f "nr-softmodem" 2> /dev/null
[restart] confirmed clean: no RAN processes running
[restart] launching gNB
[restart] gNB up, E2 agent alive
[restart] launching UE1 (embb, default netns)
[restart] UE1 attached
[restart] launching UE2 (mmtc, ue2ns)
[restart] UE2 attached
[restart] launching UE3 (urllc, ue3ns)
[restart] UE3 attached
[restart] verifying connectivity all 3 UEs
[restart] SUCCESS: all 3 UEs attached and reachable
[orchestrator] $ bash /home/kmanojp/oranslice_rig/experiments/scripts/health_check.sh
[health] OK: all 3 UEs reachable, 16 RAN processes alive, no recent segfault
[orchestrator] $ python3 /home/kmanojp/oranslice_rig/experiments/scripts/run_baseline_static.py --config /home/kmanojp/oranslice_rig/experiments/configs/saclb_campaign_static_at_cap_v2.yaml --gnb-id gnb-0 --episodes 2 --seed 966001 --run-id static_at_cap_sla_seed966_batch1 --omega-jsonl /home/kmanojp/oranslice_rig/experiments/results/live_campaign_v2/static_at_cap/sla/rep_seed966/omega_log.jsonl --reward-mode sla
[static_at_cap_sla_seed966_batch1] baseline_static: talking to gNB E2 agent (listen=6600, gNB=6655)...

Omega log: /home/kmanojp/oranslice_rig/experiments/results/live_campaign_v2/static_at_cap/sla/rep_seed966/omega_log.jsonl
{
  "run_id": "static_at_cap_sla_seed966_batch1",
  "algorithm": "baseline_static",
  "mode": "live_testbed",
  "seed": 966001,
  "n_episodes": 2,
  "mean_reward_per_step": 5.524583333333334,
  "mean_blocks_per_episode": 0.0,
  "mean_urllc_blocks_per_episode": 0.0,
  "blocks_per_episode": [
    0,
    0
  ],
  "blocks_per_episode_by_slice": [
    {},
    {}
  ],
  "mean_rho": null,
  "omega_path": "/home/kmanojp/oranslice_rig/experiments/results/live_campaign_v2/static_at_cap/sla/rep_seed966/omega_log.jsonl",
  "checkpoint_path": "",
  "drift_flag": false,
  "drift_reason": "",
  "sla_compliance_by_slice": {
    "embb": 1.0,
    "urllc": 1.0,
    "mmtc": 1.0
  },
  "sla_compliance_all_slices": 1.0,
  "sla_compliance_by_slice_per_episode": [
    {
      "embb": 1.0,
      "urllc": 1.0,
      "mmtc": 1.0
    },
    {
      "embb": 1.0,
      "urllc": 1.0,
      "mmtc": 1.0
    }
  ],
  "sla_margin_by_slice": {
    "embb": 0.999999996650877,
    "urllc": 0.7195294585125525,
    "mmtc": 0.7099972598427644
  },
  "sla_margin_by_slice_per_episode": [
    {
      "embb": 0.999999993301754,
      "urllc": 0.7390589170251046,
      "mmtc": 0.7199945196855284
    },
    {
      "embb": 1.0,
      "urllc": 0.7000000000000004,
      "mmtc": 0.7000000000000004
    }
  ],
  "mean_mos_by_slice": {
    "embb": 2.171316146850586,
    "urllc": 2.4649969736735025,
    "mmtc": 4.759205269813537
  },
  "mean_cost": 0.3025,
  "mean_sla_viol": 0.0
}
[orchestrator] === static_at_cap rep_seed966 batch 2 (1 episodes, batch_seed=966002, 4/5 done so far) ===
[orchestrator] $ bash /home/kmanojp/oranslice_rig/experiments/scripts/health_check.sh
[health] FAIL: UE2 (mmtc) unreachable
[health] FAIL: UE3 (urllc) unreachable
[orchestrator] health check failed, restarting stack (attempt 1)
[orchestrator] $ bash /home/kmanojp/oranslice_rig/experiments/scripts/restart_ran_stack.sh
[restart] stopping all RAN processes and tmux sessions
/home/kmanojp/oranslice_rig/experiments/scripts/restart_ran_stack.sh: line 23: 496584 Killed                  sudo pkill -9 -f "nr-uesoftmodem" 2> /dev/null
/home/kmanojp/oranslice_rig/experiments/scripts/restart_ran_stack.sh: line 24: 496586 Killed                  sudo pkill -9 -f "nr-softmodem" 2> /dev/null
[restart] confirmed clean: no RAN processes running
[restart] launching gNB
[restart] gNB up, E2 agent alive
[restart] launching UE1 (embb, default netns)
[restart] UE1 attached
[restart] launching UE2 (mmtc, ue2ns)
[restart] UE2 attached
[restart] launching UE3 (urllc, ue3ns)
[restart] UE3 attached
[restart] verifying connectivity all 3 UEs
[restart] SUCCESS: all 3 UEs attached and reachable
[orchestrator] $ bash /home/kmanojp/oranslice_rig/experiments/scripts/health_check.sh
[health] OK: all 3 UEs reachable, 16 RAN processes alive, no recent segfault
[orchestrator] $ python3 /home/kmanojp/oranslice_rig/experiments/scripts/run_baseline_static.py --config /home/kmanojp/oranslice_rig/experiments/configs/saclb_campaign_static_at_cap_v2.yaml --gnb-id gnb-0 --episodes 1 --seed 966002 --run-id static_at_cap_sla_seed966_batch2 --omega-jsonl /home/kmanojp/oranslice_rig/experiments/results/live_campaign_v2/static_at_cap/sla/rep_seed966/omega_log.jsonl --reward-mode sla
[static_at_cap_sla_seed966_batch2] baseline_static: talking to gNB E2 agent (listen=6600, gNB=6655)...

Omega log: /home/kmanojp/oranslice_rig/experiments/results/live_campaign_v2/static_at_cap/sla/rep_seed966/omega_log.jsonl
{
  "run_id": "static_at_cap_sla_seed966_batch2",
  "algorithm": "baseline_static",
  "mode": "live_testbed",
  "seed": 966002,
  "n_episodes": 1,
  "mean_reward_per_step": 5.462500000000001,
  "mean_blocks_per_episode": 0.0,
  "mean_urllc_blocks_per_episode": 0.0,
  "blocks_per_episode": [
    0
  ],
  "blocks_per_episode_by_slice": [
    {}
  ],
  "mean_rho": null,
  "omega_path": "/home/kmanojp/oranslice_rig/experiments/results/live_campaign_v2/static_at_cap/sla/rep_seed966/omega_log.jsonl",
  "checkpoint_path": "",
  "drift_flag": false,
  "drift_reason": "",
  "sla_compliance_by_slice": {
    "embb": 1.0,
    "urllc": 1.0,
    "mmtc": 1.0
  },
  "sla_compliance_all_slices": 1.0,
  "sla_compliance_by_slice_per_episode": [
    {
      "embb": 1.0,
      "urllc": 1.0,
      "mmtc": 1.0
    }
  ],
  "sla_margin_by_slice": {
    "embb": 0.9999999951120118,
    "urllc": 0.7345118851463005,
    "mmtc": 0.7249955312506206
  },
  "sla_margin_by_slice_per_episode": [
    {
      "embb": 0.9999999951120118,
      "urllc": 0.7345118851463005,
      "mmtc": 0.7249955312506206
    }
  ],
  "mean_mos_by_slice": {
    "embb": 2.171316158771515,
    "urllc": 3.2242040236790976,
    "mmtc": 4.768373370170593
  },
  "mean_cost": 0.3050000000000001,
  "mean_sla_viol": 0.0
}
[orchestrator] DONE: 5/5 episodes completed for static_at_cap rep_seed966. omega log: /home/kmanojp/oranslice_rig/experiments/results/live_campaign_v2/static_at_cap/sla/rep_seed966/omega_log.jsonl
=== 07:57:43 DONE arm=static_at_cap seed=966 (1746s, 1 attempt(s)) ===
=== 07:57:43 DRAIN before arm=baseline seed=966 ===
     rnti=11627: mean=5.00 PRB  max=5.00  n=10
     rnti=17466: mean=5.00 PRB  max=5.00  n=10
     rnti=52845: mean=5.00 PRB  max=5.00  n=10

Done. NEVER send SUBSCRIPTION-type messages: still assert(0!=0) in handle_subscription() on this OAI base (verified 2026-07-14).
=== 07:58:18 RUN arm=baseline seed=966 algo=baseline_static mode=sla episodes=5 ===
[orchestrator] === baseline rep_seed966 batch 0 (2 episodes, batch_seed=966000, 0/5 done so far) ===
[orchestrator] $ bash /home/kmanojp/oranslice_rig/experiments/scripts/health_check.sh
[health] OK: all 3 UEs reachable, 16 RAN processes alive, no recent segfault
[orchestrator] $ python3 /home/kmanojp/oranslice_rig/experiments/scripts/run_baseline_static.py --config /home/kmanojp/oranslice_rig/experiments/configs/saclb_campaign_baseline_v2.yaml --gnb-id gnb-0 --episodes 2 --seed 966000 --run-id baseline_sla_seed966_batch0 --omega-jsonl /home/kmanojp/oranslice_rig/experiments/results/live_campaign_v2/baseline/sla/rep_seed966/omega_log.jsonl --reward-mode sla
[baseline_sla_seed966_batch0] baseline_static: talking to gNB E2 agent (listen=6600, gNB=6655)...

Omega log: /home/kmanojp/oranslice_rig/experiments/results/live_campaign_v2/baseline/sla/rep_seed966/omega_log.jsonl
{
  "run_id": "baseline_sla_seed966_batch0",
  "algorithm": "baseline_static",
  "mode": "live_testbed",
  "seed": 966000,
  "n_episodes": 2,
  "mean_reward_per_step": 5.008750000000002,
  "mean_blocks_per_episode": 0.0,
  "mean_urllc_blocks_per_episode": 0.0,
  "blocks_per_episode": [
    0,
    0
  ],
  "blocks_per_episode_by_slice": [
    {},
    {}
  ],
  "mean_rho": null,
  "omega_path": "/home/kmanojp/oranslice_rig/experiments/results/live_campaign_v2/baseline/sla/rep_seed966/omega_log.jsonl",
  "checkpoint_path": "",
  "drift_flag": false,
  "drift_reason": "",
  "sla_compliance_by_slice": {
    "embb": 1.0,
    "urllc": 1.0,
    "mmtc": 1.0
  },
  "sla_compliance_all_slices": 1.0,
  "sla_compliance_by_slice_per_episode": [
    {
      "embb": 1.0,
      "urllc": 1.0,
      "mmtc": 1.0
    },
    {
      "embb": 1.0,
      "urllc": 1.0,
      "mmtc": 1.0
    }
  ],
  "sla_margin_by_slice": {
    "embb": 0.7875000000000008,
    "urllc": 0.7699806631899757,
    "mmtc": 0.7874996604942126
  },
  "sla_margin_by_slice_per_episode": [
    {
      "embb": 0.8750000000000012,
      "urllc": 0.839961326379951,
      "mmtc": 0.8749993209884248
    },
    {
      "embb": 0.7000000000000004,
      "urllc": 0.7000000000000004,
      "mmtc": 0.7000000000000004
    }
  ],
  "mean_mos_by_slice": {
    "embb": 2.1711664776007336,
    "urllc": 4.2566248615582785,
    "mmtc": 4.808041679859161
  },
  "mean_cost": 0.3025,
  "mean_sla_viol": 0.0
}
[orchestrator] === baseline rep_seed966 batch 1 (2 episodes, batch_seed=966001, 2/5 done so far) ===
[orchestrator] $ bash /home/kmanojp/oranslice_rig/experiments/scripts/health_check.sh
[health] FAIL: UE1 (embb) unreachable
[health] FAIL: UE2 (mmtc) unreachable
[health] FAIL: UE3 (urllc) unreachable
[orchestrator] health check failed, restarting stack (attempt 1)
[orchestrator] $ bash /home/kmanojp/oranslice_rig/experiments/scripts/restart_ran_stack.sh
[restart] stopping all RAN processes and tmux sessions
/home/kmanojp/oranslice_rig/experiments/scripts/restart_ran_stack.sh: line 23: 504574 Killed                  sudo pkill -9 -f "nr-uesoftmodem" 2> /dev/null
/home/kmanojp/oranslice_rig/experiments/scripts/restart_ran_stack.sh: line 24: 504576 Killed                  sudo pkill -9 -f "nr-softmodem" 2> /dev/null
[restart] confirmed clean: no RAN processes running
[restart] launching gNB
[restart] gNB up, E2 agent alive
[restart] launching UE1 (embb, default netns)
[restart] UE1 attached
[restart] launching UE2 (mmtc, ue2ns)
[restart] UE2 attached
[restart] launching UE3 (urllc, ue3ns)
[restart] UE3 attached
[restart] verifying connectivity all 3 UEs
[restart] SUCCESS: all 3 UEs attached and reachable
[orchestrator] $ bash /home/kmanojp/oranslice_rig/experiments/scripts/health_check.sh
[health] OK: all 3 UEs reachable, 16 RAN processes alive, no recent segfault
[orchestrator] $ python3 /home/kmanojp/oranslice_rig/experiments/scripts/run_baseline_static.py --config /home/kmanojp/oranslice_rig/experiments/configs/saclb_campaign_baseline_v2.yaml --gnb-id gnb-0 --episodes 2 --seed 966001 --run-id baseline_sla_seed966_batch1 --omega-jsonl /home/kmanojp/oranslice_rig/experiments/results/live_campaign_v2/baseline/sla/rep_seed966/omega_log.jsonl --reward-mode sla
[baseline_sla_seed966_batch1] baseline_static: talking to gNB E2 agent (listen=6600, gNB=6655)...

Omega log: /home/kmanojp/oranslice_rig/experiments/results/live_campaign_v2/baseline/sla/rep_seed966/omega_log.jsonl
{
  "run_id": "baseline_sla_seed966_batch1",
  "algorithm": "baseline_static",
  "mode": "live_testbed",
  "seed": 966001,
  "n_episodes": 2,
  "mean_reward_per_step": 5.524583333333334,
  "mean_blocks_per_episode": 0.0,
  "mean_urllc_blocks_per_episode": 0.0,
  "blocks_per_episode": [
    0,
    0
  ],
  "blocks_per_episode_by_slice": [
    {},
    {}
  ],
  "mean_rho": null,
  "omega_path": "/home/kmanojp/oranslice_rig/experiments/results/live_campaign_v2/baseline/sla/rep_seed966/omega_log.jsonl",
  "checkpoint_path": "",
  "drift_flag": false,
  "drift_reason": "",
  "sla_compliance_by_slice": {
    "embb": 1.0,
    "urllc": 1.0,
    "mmtc": 1.0
  },
  "sla_compliance_all_slices": 1.0,
  "sla_compliance_by_slice_per_episode": [
    {
      "embb": 1.0,
      "urllc": 1.0,
      "mmtc": 1.0
    },
    {
      "embb": 1.0,
      "urllc": 1.0,
      "mmtc": 1.0
    }
  ],
  "sla_margin_by_slice": {
    "embb": 0.7324999883275279,
    "urllc": 0.7147404137393464,
    "mmtc": 0.7099981934842907
  },
  "sla_margin_by_slice_per_episode": [
    {
      "embb": 0.7649999766550555,
      "urllc": 0.7294808274786924,
      "mmtc": 0.719996386968581
    },
    {
      "embb": 0.7000000000000004,
      "urllc": 0.7000000000000004,
      "mmtc": 0.7000000000000004
    }
  ],
  "mean_mos_by_slice": {
    "embb": 2.1711434423923492,
    "urllc": 2.9078941384951276,
    "mmtc": 4.759054815769195
  },
  "mean_cost": 0.3025,
  "mean_sla_viol": 0.0
}
[orchestrator] === baseline rep_seed966 batch 2 (1 episodes, batch_seed=966002, 4/5 done so far) ===
[orchestrator] $ bash /home/kmanojp/oranslice_rig/experiments/scripts/health_check.sh
[health] FAIL: UE1 (embb) unreachable
[health] FAIL: UE2 (mmtc) unreachable
[health] FAIL: UE3 (urllc) unreachable
[orchestrator] health check failed, restarting stack (attempt 1)
[orchestrator] $ bash /home/kmanojp/oranslice_rig/experiments/scripts/restart_ran_stack.sh
[restart] stopping all RAN processes and tmux sessions
/home/kmanojp/oranslice_rig/experiments/scripts/restart_ran_stack.sh: line 23: 510008 Killed                  sudo pkill -9 -f "nr-uesoftmodem" 2> /dev/null
/home/kmanojp/oranslice_rig/experiments/scripts/restart_ran_stack.sh: line 24: 510010 Killed                  sudo pkill -9 -f "nr-softmodem" 2> /dev/null
[restart] confirmed clean: no RAN processes running
[restart] launching gNB
[restart] gNB up, E2 agent alive
[restart] launching UE1 (embb, default netns)
[restart] UE1 attached
[restart] launching UE2 (mmtc, ue2ns)
[restart] UE2 attached
[restart] launching UE3 (urllc, ue3ns)
[restart] UE3 attached
[restart] verifying connectivity all 3 UEs
[restart] SUCCESS: all 3 UEs attached and reachable
[orchestrator] $ bash /home/kmanojp/oranslice_rig/experiments/scripts/health_check.sh
[health] OK: all 3 UEs reachable, 16 RAN processes alive, no recent segfault
[orchestrator] $ python3 /home/kmanojp/oranslice_rig/experiments/scripts/run_baseline_static.py --config /home/kmanojp/oranslice_rig/experiments/configs/saclb_campaign_baseline_v2.yaml --gnb-id gnb-0 --episodes 1 --seed 966002 --run-id baseline_sla_seed966_batch2 --omega-jsonl /home/kmanojp/oranslice_rig/experiments/results/live_campaign_v2/baseline/sla/rep_seed966/omega_log.jsonl --reward-mode sla
[baseline_sla_seed966_batch2] baseline_static: talking to gNB E2 agent (listen=6600, gNB=6655)...

Omega log: /home/kmanojp/oranslice_rig/experiments/results/live_campaign_v2/baseline/sla/rep_seed966/omega_log.jsonl
{
  "run_id": "baseline_sla_seed966_batch2",
  "algorithm": "baseline_static",
  "mode": "live_testbed",
  "seed": 966002,
  "n_episodes": 1,
  "mean_reward_per_step": 5.462500000000001,
  "mean_blocks_per_episode": 0.0,
  "mean_urllc_blocks_per_episode": 0.0,
  "blocks_per_episode": [
    0
  ],
  "blocks_per_episode_by_slice": [
    {}
  ],
  "mean_rho": null,
  "omega_path": "/home/kmanojp/oranslice_rig/experiments/results/live_campaign_v2/baseline/sla/rep_seed966/omega_log.jsonl",
  "checkpoint_path": "",
  "drift_flag": false,
  "drift_reason": "",
  "sla_compliance_by_slice": {
    "embb": 1.0,
    "urllc": 1.0,
    "mmtc": 1.0
  },
  "sla_compliance_all_slices": 1.0,
  "sla_compliance_by_slice_per_episode": [
    {
      "embb": 1.0,
      "urllc": 1.0,
      "mmtc": 1.0
    }
  ],
  "sla_margin_by_slice": {
    "embb": 0.7499999899723341,
    "urllc": 0.7097710879271233,
    "mmtc": 0.7149960958037441
  },
  "sla_margin_by_slice_per_episode": [
    {
      "embb": 0.7499999899723341,
      "urllc": 0.7097710879271233,
      "mmtc": 0.7149960958037441
    }
  ],
  "mean_mos_by_slice": {
    "embb": 2.1710901061693826,
    "urllc": 2.6036199728647866,
    "mmtc": 4.7621363798777265
  },
  "mean_cost": 0.3050000000000001,
  "mean_sla_viol": 0.0
}
[orchestrator] DONE: 5/5 episodes completed for baseline rep_seed966. omega log: /home/kmanojp/oranslice_rig/experiments/results/live_campaign_v2/baseline/sla/rep_seed966/omega_log.jsonl
=== 08:26:53 DONE arm=baseline seed=966 (1750s, 1 attempt(s)) ===
=== seed=967 episodes=5 arm_order=dqn_qoe static_at_cap baseline dqn_sla ===
=== 08:26:53 DRAIN before arm=dqn_qoe seed=967 ===
     rnti=6594: mean=5.00 PRB  max=5.00  n=10
     rnti=9623: mean=5.00 PRB  max=5.00  n=10
     rnti=38021: mean=5.00 PRB  max=5.00  n=10

Done. NEVER send SUBSCRIPTION-type messages: still assert(0!=0) in handle_subscription() on this OAI base (verified 2026-07-14).
=== 08:27:28 RUN arm=dqn_qoe seed=967 algo=dqn mode=qoe episodes=5 ===
[orchestrator] === dqn_qoe rep_seed967 batch 0 (2 episodes, batch_seed=967000, 0/5 done so far) ===
[orchestrator] $ bash /home/kmanojp/oranslice_rig/experiments/scripts/health_check.sh
[health] OK: all 3 UEs reachable, 16 RAN processes alive, no recent segfault
[orchestrator] $ python3 /home/kmanojp/oranslice_rig/framework/qoe_oran_framework/xapp/saclb_xapp.py --config /home/kmanojp/oranslice_rig/experiments/configs/saclb_campaign_v2.yaml --algorithm dqn --checkpoint /home/kmanojp/oranslice_rig/experiments/results/offline_v2/qoe/seed256/dqn/offline_closed_loop/rep_0/checkpoint.pt --gnb-id gnb-0 --episodes 2 --seed 967000 --run-id dqn_qoe_qoe_seed967_batch0 --omega-jsonl /home/kmanojp/oranslice_rig/experiments/results/live_campaign_v2/dqn_qoe/qoe/rep_seed967/omega_log.jsonl --reward-mode qoe
[dqn_qoe_qoe_seed967_batch0] talking to gNB E2 agent (listen=6600, gNB=6655)...

Omega log: /home/kmanojp/oranslice_rig/experiments/results/live_campaign_v2/dqn_qoe/qoe/rep_seed967/omega_log.jsonl
{
  "run_id": "dqn_qoe_qoe_seed967_batch0",
  "algorithm": "dqn",
  "mode": "live_testbed",
  "seed": 967000,
  "n_episodes": 2,
  "mean_reward_per_step": 0.6783942140671944,
  "mean_blocks_per_episode": 100.0,
  "mean_urllc_blocks_per_episode": 28.0,
  "blocks_per_episode": [
    80,
    120
  ],
  "blocks_per_episode_by_slice": [
    {
      "mmtc": 29,
      "embb": 38,
      "urllc": 13
    },
    {
      "mmtc": 39,
      "embb": 38,
      "urllc": 43
    }
  ],
  "mean_rho": null,
  "omega_path": "/home/kmanojp/oranslice_rig/experiments/results/live_campaign_v2/dqn_qoe/qoe/rep_seed967/omega_log.jsonl",
  "checkpoint_path": "",
  "drift_flag": true,
  "drift_reason": "mean URLLC block rate 28.00/episode exceeds 2x the 1.0/episode acceptance bar",
  "sla_compliance_by_slice": {
    "embb": 1.0,
    "urllc": 1.0,
    "mmtc": 1.0
  },
  "sla_compliance_all_slices": 1.0,
  "sla_compliance_by_slice_per_episode": [
    {
      "embb": 1.0,
      "urllc": 1.0,
      "mmtc": 1.0
    },
    {
      "embb": 1.0,
      "urllc": 1.0,
      "mmtc": 1.0
    }
  ],
  "sla_margin_by_slice": {
    "embb": 0.9774999999765115,
    "urllc": 0.7974701404457186,
    "mmtc": 0.7274998883438977
  },
  "sla_margin_by_slice_per_episode": [
    {
      "embb": 0.9999999999532342,
      "urllc": 0.8949402808914368,
      "mmtc": 0.7549997766877949
    },
    {
      "embb": 0.9549999999997889,
      "urllc": 0.7000000000000004,
      "mmtc": 0.7000000000000004
    }
  ],
  "mean_mos_by_slice": {
    "embb": 2.1712460537751515,
    "urllc": 4.3255877296129865,
    "mmtc": 4.769896785418193
  },
  "mean_cost": 0.052500000000000005,
  "mean_sla_viol": 0.0
}
[orchestrator] === dqn_qoe rep_seed967 batch 1 (2 episodes, batch_seed=967001, 2/5 done so far) ===
[orchestrator] $ bash /home/kmanojp/oranslice_rig/experiments/scripts/health_check.sh
[health] FAIL: UE1 (embb) unreachable
[health] FAIL: UE2 (mmtc) unreachable
[health] FAIL: UE3 (urllc) unreachable
[orchestrator] health check failed, restarting stack (attempt 1)
[orchestrator] $ bash /home/kmanojp/oranslice_rig/experiments/scripts/restart_ran_stack.sh
[restart] stopping all RAN processes and tmux sessions
/home/kmanojp/oranslice_rig/experiments/scripts/restart_ran_stack.sh: line 23: 518027 Killed                  sudo pkill -9 -f "nr-uesoftmodem" 2> /dev/null
/home/kmanojp/oranslice_rig/experiments/scripts/restart_ran_stack.sh: line 24: 518029 Killed                  sudo pkill -9 -f "nr-softmodem" 2> /dev/null
[restart] confirmed clean: no RAN processes running
[restart] launching gNB
[restart] gNB up, E2 agent alive
[restart] launching UE1 (embb, default netns)
[restart] UE1 attached
[restart] launching UE2 (mmtc, ue2ns)
[restart] UE2 attached
[restart] launching UE3 (urllc, ue3ns)
[restart] UE3 attached
[restart] verifying connectivity all 3 UEs
[restart] SUCCESS: all 3 UEs attached and reachable
[orchestrator] $ bash /home/kmanojp/oranslice_rig/experiments/scripts/health_check.sh
[health] OK: all 3 UEs reachable, 16 RAN processes alive, no recent segfault
[orchestrator] $ python3 /home/kmanojp/oranslice_rig/framework/qoe_oran_framework/xapp/saclb_xapp.py --config /home/kmanojp/oranslice_rig/experiments/configs/saclb_campaign_v2.yaml --algorithm dqn --checkpoint /home/kmanojp/oranslice_rig/experiments/results/offline_v2/qoe/seed256/dqn/offline_closed_loop/rep_0/checkpoint.pt --gnb-id gnb-0 --episodes 2 --seed 967001 --run-id dqn_qoe_qoe_seed967_batch1 --omega-jsonl /home/kmanojp/oranslice_rig/experiments/results/live_campaign_v2/dqn_qoe/qoe/rep_seed967/omega_log.jsonl --reward-mode qoe
[dqn_qoe_qoe_seed967_batch1] talking to gNB E2 agent (listen=6600, gNB=6655)...

Omega log: /home/kmanojp/oranslice_rig/experiments/results/live_campaign_v2/dqn_qoe/qoe/rep_seed967/omega_log.jsonl
{
  "run_id": "dqn_qoe_qoe_seed967_batch1",
  "algorithm": "dqn",
  "mode": "live_testbed",
  "seed": 967001,
  "n_episodes": 2,
  "mean_reward_per_step": 0.5989140937460795,
  "mean_blocks_per_episode": 114.0,
  "mean_urllc_blocks_per_episode": 36.0,
  "blocks_per_episode": [
    108,
    120
  ],
  "blocks_per_episode_by_slice": [
    {
      "mmtc": 29,
      "embb": 39,
      "urllc": 40
    },
    {
      "mmtc": 46,
      "urllc": 32,
      "embb": 42
    }
  ],
  "mean_rho": null,
  "omega_path": "/home/kmanojp/oranslice_rig/experiments/results/live_campaign_v2/dqn_qoe/qoe/rep_seed967/omega_log.jsonl",
  "checkpoint_path": "",
  "drift_flag": true,
  "drift_reason": "mean URLLC block rate 36.00/episode exceeds 2x the 1.0/episode acceptance bar",
  "sla_compliance_by_slice": {
    "embb": 1.0,
    "urllc": 1.0,
    "mmtc": 1.0
  },
  "sla_compliance_all_slices": 1.0,
  "sla_compliance_by_slice_per_episode": [
    {
      "embb": 1.0,
      "urllc": 1.0,
      "mmtc": 1.0
    },
    {
      "embb": 1.0,
      "urllc": 1.0,
      "mmtc": 1.0
    }
  ],
  "sla_margin_by_slice": {
    "embb": 0.7249999976847126,
    "urllc": 0.7197499350147947,
    "mmtc": 0.7124977656253104
  },
  "sla_margin_by_slice_per_episode": [
    {
      "embb": 0.7499999953694249,
      "urllc": 0.739499870029589,
      "mmtc": 0.7249955312506206
    },
    {
      "embb": 0.7000000000000004,
      "urllc": 0.7000000000000004,
      "mmtc": 0.7000000000000004
    }
  ],
  "mean_mos_by_slice": {
    "embb": 2.1711403012275694,
    "urllc": 3.2971844474474588,
    "mmtc": 4.760644376277924
  },
  "mean_cost": 0.017500000000000005,
  "mean_sla_viol": 0.0
}
[orchestrator] === dqn_qoe rep_seed967 batch 2 (1 episodes, batch_seed=967002, 4/5 done so far) ===
[orchestrator] $ bash /home/kmanojp/oranslice_rig/experiments/scripts/health_check.sh
[health] FAIL: UE1 (embb) unreachable
[health] FAIL: UE2 (mmtc) unreachable
[health] FAIL: UE3 (urllc) unreachable
[orchestrator] health check failed, restarting stack (attempt 1)
[orchestrator] $ bash /home/kmanojp/oranslice_rig/experiments/scripts/restart_ran_stack.sh
[restart] stopping all RAN processes and tmux sessions
/home/kmanojp/oranslice_rig/experiments/scripts/restart_ran_stack.sh: line 23: 523462 Killed                  sudo pkill -9 -f "nr-uesoftmodem" 2> /dev/null
/home/kmanojp/oranslice_rig/experiments/scripts/restart_ran_stack.sh: line 24: 523464 Killed                  sudo pkill -9 -f "nr-softmodem" 2> /dev/null
[restart] confirmed clean: no RAN processes running
[restart] launching gNB
[restart] gNB up, E2 agent alive
[restart] launching UE1 (embb, default netns)
[restart] UE1 attached
[restart] launching UE2 (mmtc, ue2ns)
[restart] UE2 attached
[restart] launching UE3 (urllc, ue3ns)
[restart] UE3 attached
[restart] verifying connectivity all 3 UEs
[restart] SUCCESS: all 3 UEs attached and reachable
[orchestrator] $ bash /home/kmanojp/oranslice_rig/experiments/scripts/health_check.sh
[health] OK: all 3 UEs reachable, 16 RAN processes alive, no recent segfault
[orchestrator] $ python3 /home/kmanojp/oranslice_rig/framework/qoe_oran_framework/xapp/saclb_xapp.py --config /home/kmanojp/oranslice_rig/experiments/configs/saclb_campaign_v2.yaml --algorithm dqn --checkpoint /home/kmanojp/oranslice_rig/experiments/results/offline_v2/qoe/seed256/dqn/offline_closed_loop/rep_0/checkpoint.pt --gnb-id gnb-0 --episodes 1 --seed 967002 --run-id dqn_qoe_qoe_seed967_batch2 --omega-jsonl /home/kmanojp/oranslice_rig/experiments/results/live_campaign_v2/dqn_qoe/qoe/rep_seed967/omega_log.jsonl --reward-mode qoe
[dqn_qoe_qoe_seed967_batch2] talking to gNB E2 agent (listen=6600, gNB=6655)...

Omega log: /home/kmanojp/oranslice_rig/experiments/results/live_campaign_v2/dqn_qoe/qoe/rep_seed967/omega_log.jsonl
{
  "run_id": "dqn_qoe_qoe_seed967_batch2",
  "algorithm": "dqn",
  "mode": "live_testbed",
  "seed": 967002,
  "n_episodes": 1,
  "mean_reward_per_step": 0.5678074290884865,
  "mean_blocks_per_episode": 111.0,
  "mean_urllc_blocks_per_episode": 32.0,
  "blocks_per_episode": [
    111
  ],
  "blocks_per_episode_by_slice": [
    {
      "embb": 41,
      "urllc": 32,
      "mmtc": 38
    }
  ],
  "mean_rho": null,
  "omega_path": "/home/kmanojp/oranslice_rig/experiments/results/live_campaign_v2/dqn_qoe/qoe/rep_seed967/omega_log.jsonl",
  "checkpoint_path": "",
  "drift_flag": true,
  "drift_reason": "mean URLLC block rate 32.00/episode exceeds 2x the 1.0/episode acceptance bar",
  "sla_compliance_by_slice": {
    "embb": 1.0,
    "urllc": 1.0,
    "mmtc": 1.0
  },
  "sla_compliance_all_slices": 1.0,
  "sla_compliance_by_slice_per_episode": [
    {
      "embb": 1.0,
      "urllc": 1.0,
      "mmtc": 1.0
    }
  ],
  "sla_margin_by_slice": {
    "embb": 0.7599999912076337,
    "urllc": 0.7294808274786924,
    "mmtc": 0.7199967482718477
  },
  "sla_margin_by_slice_per_episode": [
    {
      "embb": 0.7599999912076337,
      "urllc": 0.7294808274786924,
      "mmtc": 0.7199967482718477
    }
  ],
  "mean_mos_by_slice": {
    "embb": 2.1710942943890887,
    "urllc": 2.9434299548467,
    "mmtc": 4.76516489982605
  },
  "mean_cost": 0.027500000000000007,
  "mean_sla_viol": 0.0
}
[orchestrator] DONE: 5/5 episodes completed for dqn_qoe rep_seed967. omega log: /home/kmanojp/oranslice_rig/experiments/results/live_campaign_v2/dqn_qoe/qoe/rep_seed967/omega_log.jsonl
=== 08:56:13 DONE arm=dqn_qoe seed=967 (1760s, 1 attempt(s)) ===
=== 08:56:13 DRAIN before arm=static_at_cap seed=967 ===
     rnti=18700: mean=5.00 PRB  max=5.00  n=10
     rnti=33527: mean=5.00 PRB  max=5.00  n=10
     rnti=50575: mean=5.00 PRB  max=5.00  n=10

Done. NEVER send SUBSCRIPTION-type messages: still assert(0!=0) in handle_subscription() on this OAI base (verified 2026-07-14).
=== 08:56:48 RUN arm=static_at_cap seed=967 algo=baseline_static mode=sla episodes=5 ===
[orchestrator] === static_at_cap rep_seed967 batch 0 (2 episodes, batch_seed=967000, 0/5 done so far) ===
[orchestrator] $ bash /home/kmanojp/oranslice_rig/experiments/scripts/health_check.sh
[health] OK: all 3 UEs reachable, 16 RAN processes alive, no recent segfault
[orchestrator] $ python3 /home/kmanojp/oranslice_rig/experiments/scripts/run_baseline_static.py --config /home/kmanojp/oranslice_rig/experiments/configs/saclb_campaign_static_at_cap_v2.yaml --gnb-id gnb-0 --episodes 2 --seed 967000 --run-id static_at_cap_sla_seed967_batch0 --omega-jsonl /home/kmanojp/oranslice_rig/experiments/results/live_campaign_v2/static_at_cap/sla/rep_seed967/omega_log.jsonl --reward-mode sla
[static_at_cap_sla_seed967_batch0] baseline_static: talking to gNB E2 agent (listen=6600, gNB=6655)...

Omega log: /home/kmanojp/oranslice_rig/experiments/results/live_campaign_v2/static_at_cap/sla/rep_seed967/omega_log.jsonl
{
  "run_id": "static_at_cap_sla_seed967_batch0",
  "algorithm": "baseline_static",
  "mode": "live_testbed",
  "seed": 967000,
  "n_episodes": 2,
  "mean_reward_per_step": 5.590416666666667,
  "mean_blocks_per_episode": 0.0,
  "mean_urllc_blocks_per_episode": 0.0,
  "blocks_per_episode": [
    0,
    0
  ],
  "blocks_per_episode_by_slice": [
    {},
    {}
  ],
  "mean_rho": null,
  "omega_path": "/home/kmanojp/oranslice_rig/experiments/results/live_campaign_v2/static_at_cap/sla/rep_seed967/omega_log.jsonl",
  "checkpoint_path": "",
  "drift_flag": false,
  "drift_reason": "",
  "sla_compliance_by_slice": {
    "embb": 1.0,
    "urllc": 1.0,
    "mmtc": 1.0
  },
  "sla_compliance_all_slices": 1.0,
  "sla_compliance_by_slice_per_episode": [
    {
      "embb": 1.0,
      "urllc": 1.0,
      "mmtc": 1.0
    },
    {
      "embb": 1.0,
      "urllc": 1.0,
      "mmtc": 1.0
    }
  ],
  "sla_margin_by_slice": {
    "embb": 0.9999999999835553,
    "urllc": 0.744984586191568,
    "mmtc": 0.7874996944447912
  },
  "sla_margin_by_slice_per_episode": [
    {
      "embb": 0.9999999999671105,
      "urllc": 0.7899691723831356,
      "mmtc": 0.8749993888895818
    },
    {
      "embb": 1.0,
      "urllc": 0.7000000000000004,
      "mmtc": 0.7000000000000004
    }
  ],
  "mean_mos_by_slice": {
    "embb": 2.171316146850586,
    "urllc": 4.193912875652313,
    "mmtc": 4.808041203022003
  },
  "mean_cost": 0.3025,
  "mean_sla_viol": 0.0
}
[orchestrator] === static_at_cap rep_seed967 batch 1 (2 episodes, batch_seed=967001, 2/5 done so far) ===
[orchestrator] $ bash /home/kmanojp/oranslice_rig/experiments/scripts/health_check.sh
[health] FAIL: UE2 (mmtc) unreachable
[health] FAIL: UE3 (urllc) unreachable
[orchestrator] health check failed, restarting stack (attempt 1)
[orchestrator] $ bash /home/kmanojp/oranslice_rig/experiments/scripts/restart_ran_stack.sh
[restart] stopping all RAN processes and tmux sessions
/home/kmanojp/oranslice_rig/experiments/scripts/restart_ran_stack.sh: line 23: 531464 Killed                  sudo pkill -9 -f "nr-uesoftmodem" 2> /dev/null
/home/kmanojp/oranslice_rig/experiments/scripts/restart_ran_stack.sh: line 24: 531473 Killed                  sudo pkill -9 -f "nr-softmodem" 2> /dev/null
[restart] confirmed clean: no RAN processes running
[restart] launching gNB
[restart] gNB up, E2 agent alive
[restart] launching UE1 (embb, default netns)
[restart] UE1 attached
[restart] launching UE2 (mmtc, ue2ns)
[restart] UE2 attached
[restart] launching UE3 (urllc, ue3ns)
[restart] UE3 attached
[restart] verifying connectivity all 3 UEs
[restart] SUCCESS: all 3 UEs attached and reachable
[orchestrator] $ bash /home/kmanojp/oranslice_rig/experiments/scripts/health_check.sh
[health] OK: all 3 UEs reachable, 16 RAN processes alive, no recent segfault
[orchestrator] $ python3 /home/kmanojp/oranslice_rig/experiments/scripts/run_baseline_static.py --config /home/kmanojp/oranslice_rig/experiments/configs/saclb_campaign_static_at_cap_v2.yaml --gnb-id gnb-0 --episodes 2 --seed 967001 --run-id static_at_cap_sla_seed967_batch1 --omega-jsonl /home/kmanojp/oranslice_rig/experiments/results/live_campaign_v2/static_at_cap/sla/rep_seed967/omega_log.jsonl --reward-mode sla
[static_at_cap_sla_seed967_batch1] baseline_static: talking to gNB E2 agent (listen=6600, gNB=6655)...

Omega log: /home/kmanojp/oranslice_rig/experiments/results/live_campaign_v2/static_at_cap/sla/rep_seed967/omega_log.jsonl
{
  "run_id": "static_at_cap_sla_seed967_batch1",
  "algorithm": "baseline_static",
  "mode": "live_testbed",
  "seed": 967001,
  "n_episodes": 2,
  "mean_reward_per_step": 5.510416666666668,
  "mean_blocks_per_episode": 0.0,
  "mean_urllc_blocks_per_episode": 0.0,
  "blocks_per_episode": [
    0,
    0
  ],
  "blocks_per_episode_by_slice": [
    {},
    {}
  ],
  "mean_rho": null,
  "omega_path": "/home/kmanojp/oranslice_rig/experiments/results/live_campaign_v2/static_at_cap/sla/rep_seed967/omega_log.jsonl",
  "checkpoint_path": "",
  "drift_flag": false,
  "drift_reason": "",
  "sla_compliance_by_slice": {
    "embb": 1.0,
    "urllc": 1.0,
    "mmtc": 1.0
  },
  "sla_compliance_all_slices": 1.0,
  "sla_compliance_by_slice_per_episode": [
    {
      "embb": 1.0,
      "urllc": 1.0,
      "mmtc": 1.0
    },
    {
      "embb": 1.0,
      "urllc": 1.0,
      "mmtc": 1.0
    }
  ],
  "sla_margin_by_slice": {
    "embb": 0.9999999968200242,
    "urllc": 0.7172288250713614,
    "mmtc": 0.7099977697336279
  },
  "sla_margin_by_slice_per_episode": [
    {
      "embb": 0.9999999936400482,
      "urllc": 0.7344576501427224,
      "mmtc": 0.7199955394672555
    },
    {
      "embb": 1.0,
      "urllc": 0.7000000000000004,
      "mmtc": 0.7000000000000004
    }
  ],
  "mean_mos_by_slice": {
    "embb": 2.171316146850586,
    "urllc": 3.044106686115265,
    "mmtc": 4.759123333295187
  },
  "mean_cost": 0.3025,
  "mean_sla_viol": 0.0
}
[orchestrator] === static_at_cap rep_seed967 batch 2 (1 episodes, batch_seed=967002, 4/5 done so far) ===
[orchestrator] $ bash /home/kmanojp/oranslice_rig/experiments/scripts/health_check.sh
[health] FAIL: UE2 (mmtc) unreachable
[health] FAIL: UE3 (urllc) unreachable
[orchestrator] health check failed, restarting stack (attempt 1)
[orchestrator] $ bash /home/kmanojp/oranslice_rig/experiments/scripts/restart_ran_stack.sh
[restart] stopping all RAN processes and tmux sessions
/home/kmanojp/oranslice_rig/experiments/scripts/restart_ran_stack.sh: line 23: 536881 Killed                  sudo pkill -9 -f "nr-uesoftmodem" 2> /dev/null
/home/kmanojp/oranslice_rig/experiments/scripts/restart_ran_stack.sh: line 24: 536883 Killed                  sudo pkill -9 -f "nr-softmodem" 2> /dev/null
[restart] confirmed clean: no RAN processes running
[restart] launching gNB
[restart] gNB up, E2 agent alive
[restart] launching UE1 (embb, default netns)
[restart] UE1 attached
[restart] launching UE2 (mmtc, ue2ns)
[restart] UE2 attached
[restart] launching UE3 (urllc, ue3ns)
[restart] UE3 attached
[restart] verifying connectivity all 3 UEs
[restart] SUCCESS: all 3 UEs attached and reachable
[orchestrator] $ bash /home/kmanojp/oranslice_rig/experiments/scripts/health_check.sh
[health] OK: all 3 UEs reachable, 16 RAN processes alive, no recent segfault
[orchestrator] $ python3 /home/kmanojp/oranslice_rig/experiments/scripts/run_baseline_static.py --config /home/kmanojp/oranslice_rig/experiments/configs/saclb_campaign_static_at_cap_v2.yaml --gnb-id gnb-0 --episodes 1 --seed 967002 --run-id static_at_cap_sla_seed967_batch2 --omega-jsonl /home/kmanojp/oranslice_rig/experiments/results/live_campaign_v2/static_at_cap/sla/rep_seed967/omega_log.jsonl --reward-mode sla
[static_at_cap_sla_seed967_batch2] baseline_static: talking to gNB E2 agent (listen=6600, gNB=6655)...

Omega log: /home/kmanojp/oranslice_rig/experiments/results/live_campaign_v2/static_at_cap/sla/rep_seed967/omega_log.jsonl
{
  "run_id": "static_at_cap_sla_seed967_batch2",
  "algorithm": "baseline_static",
  "mode": "live_testbed",
  "seed": 967002,
  "n_episodes": 1,
  "mean_reward_per_step": 5.397500000000002,
  "mean_blocks_per_episode": 0.0,
  "mean_urllc_blocks_per_episode": 0.0,
  "blocks_per_episode": [
    0
  ],
  "blocks_per_episode_by_slice": [
    {}
  ],
  "mean_rho": null,
  "omega_path": "/home/kmanojp/oranslice_rig/experiments/results/live_campaign_v2/static_at_cap/sla/rep_seed967/omega_log.jsonl",
  "checkpoint_path": "",
  "drift_flag": false,
  "drift_reason": "",
  "sla_compliance_by_slice": {
    "embb": 1.0,
    "urllc": 1.0,
    "mmtc": 1.0
  },
  "sla_compliance_all_slices": 1.0,
  "sla_compliance_by_slice_per_episode": [
    {
      "embb": 1.0,
      "urllc": 1.0,
      "mmtc": 1.0
    }
  ],
  "sla_margin_by_slice": {
    "embb": 0.9999999942003757,
    "urllc": 0.7098331231220318,
    "mmtc": 0.7599895412248975
  },
  "sla_margin_by_slice_per_episode": [
    {
      "embb": 0.9999999942003757,
      "urllc": 0.7098331231220318,
      "mmtc": 0.7599895412248975
    }
  ],
  "mean_mos_by_slice": {
    "embb": 2.171316146850586,
    "urllc": 3.0183826049168903,
    "mmtc": 4.790627233187357
  },
  "mean_cost": 0.3050000000000001,
  "mean_sla_viol": 0.0
}
[orchestrator] DONE: 5/5 episodes completed for static_at_cap rep_seed967. omega log: /home/kmanojp/oranslice_rig/experiments/results/live_campaign_v2/static_at_cap/sla/rep_seed967/omega_log.jsonl
=== 09:25:19 DONE arm=static_at_cap seed=967 (1746s, 1 attempt(s)) ===
=== 09:25:19 DRAIN before arm=baseline seed=967 ===
     rnti=26154: mean=5.00 PRB  max=5.00  n=10
     rnti=49691: mean=5.00 PRB  max=5.00  n=10
     rnti=58352: mean=5.00 PRB  max=5.00  n=10

Done. NEVER send SUBSCRIPTION-type messages: still assert(0!=0) in handle_subscription() on this OAI base (verified 2026-07-14).
=== 09:25:54 RUN arm=baseline seed=967 algo=baseline_static mode=sla episodes=5 ===
[orchestrator] === baseline rep_seed967 batch 0 (2 episodes, batch_seed=967000, 0/5 done so far) ===
[orchestrator] $ bash /home/kmanojp/oranslice_rig/experiments/scripts/health_check.sh
[health] OK: all 3 UEs reachable, 16 RAN processes alive, no recent segfault
[orchestrator] $ python3 /home/kmanojp/oranslice_rig/experiments/scripts/run_baseline_static.py --config /home/kmanojp/oranslice_rig/experiments/configs/saclb_campaign_baseline_v2.yaml --gnb-id gnb-0 --episodes 2 --seed 967000 --run-id baseline_sla_seed967_batch0 --omega-jsonl /home/kmanojp/oranslice_rig/experiments/results/live_campaign_v2/baseline/sla/rep_seed967/omega_log.jsonl --reward-mode sla
[baseline_sla_seed967_batch0] baseline_static: talking to gNB E2 agent (listen=6600, gNB=6655)...

Omega log: /home/kmanojp/oranslice_rig/experiments/results/live_campaign_v2/baseline/sla/rep_seed967/omega_log.jsonl
{
  "run_id": "baseline_sla_seed967_batch0",
  "algorithm": "baseline_static",
  "mode": "live_testbed",
  "seed": 967000,
  "n_episodes": 2,
  "mean_reward_per_step": 5.590416666666667,
  "mean_blocks_per_episode": 0.0,
  "mean_urllc_blocks_per_episode": 0.0,
  "blocks_per_episode": [
    0,
    0
  ],
  "blocks_per_episode_by_slice": [
    {},
    {}
  ],
  "mean_rho": null,
  "omega_path": "/home/kmanojp/oranslice_rig/experiments/results/live_campaign_v2/baseline/sla/rep_seed967/omega_log.jsonl",
  "checkpoint_path": "",
  "drift_flag": false,
  "drift_reason": "",
  "sla_compliance_by_slice": {
    "embb": 1.0,
    "urllc": 1.0,
    "mmtc": 1.0
  },
  "sla_compliance_all_slices": 1.0,
  "sla_compliance_by_slice_per_episode": [
    {
      "embb": 1.0,
      "urllc": 1.0,
      "mmtc": 1.0
    },
    {
      "embb": 1.0,
      "urllc": 1.0,
      "mmtc": 1.0
    }
  ],
  "sla_margin_by_slice": {
    "embb": 0.7250000000000004,
    "urllc": 0.8149648114034552,
    "mmtc": 0.7124999496631803
  },
  "sla_margin_by_slice_per_episode": [
    {
      "embb": 0.7500000000000004,
      "urllc": 0.92992962280691,
      "mmtc": 0.7249998993263601
    },
    {
      "embb": 0.7000000000000004,
      "urllc": 0.7000000000000004,
      "mmtc": 0.7000000000000004
    }
  ],
  "mean_mos_by_slice": {
    "embb": 2.1711403012275694,
    "urllc": 4.369477307796478,
    "mmtc": 4.760359994570414
  },
  "mean_cost": 0.3025,
  "mean_sla_viol": 0.0
}
[orchestrator] === baseline rep_seed967 batch 1 (2 episodes, batch_seed=967001, 2/5 done so far) ===
[orchestrator] $ bash /home/kmanojp/oranslice_rig/experiments/scripts/health_check.sh
[health] FAIL: UE1 (embb) unreachable
[health] FAIL: UE2 (mmtc) unreachable
[health] FAIL: UE3 (urllc) unreachable
[orchestrator] health check failed, restarting stack (attempt 1)
[orchestrator] $ bash /home/kmanojp/oranslice_rig/experiments/scripts/restart_ran_stack.sh
[restart] stopping all RAN processes and tmux sessions
/home/kmanojp/oranslice_rig/experiments/scripts/restart_ran_stack.sh: line 23: 544871 Killed                  sudo pkill -9 -f "nr-uesoftmodem" 2> /dev/null
/home/kmanojp/oranslice_rig/experiments/scripts/restart_ran_stack.sh: line 24: 544873 Killed                  sudo pkill -9 -f "nr-softmodem" 2> /dev/null
[restart] confirmed clean: no RAN processes running
[restart] launching gNB
[restart] gNB up, E2 agent alive
[restart] launching UE1 (embb, default netns)
[restart] UE1 attached
[restart] launching UE2 (mmtc, ue2ns)
[restart] UE2 attached
[restart] launching UE3 (urllc, ue3ns)
[restart] UE3 attached
[restart] verifying connectivity all 3 UEs
[restart] SUCCESS: all 3 UEs attached and reachable
[orchestrator] $ bash /home/kmanojp/oranslice_rig/experiments/scripts/health_check.sh
[health] OK: all 3 UEs reachable, 16 RAN processes alive, no recent segfault
[orchestrator] $ python3 /home/kmanojp/oranslice_rig/experiments/scripts/run_baseline_static.py --config /home/kmanojp/oranslice_rig/experiments/configs/saclb_campaign_baseline_v2.yaml --gnb-id gnb-0 --episodes 2 --seed 967001 --run-id baseline_sla_seed967_batch1 --omega-jsonl /home/kmanojp/oranslice_rig/experiments/results/live_campaign_v2/baseline/sla/rep_seed967/omega_log.jsonl --reward-mode sla
[baseline_sla_seed967_batch1] baseline_static: talking to gNB E2 agent (listen=6600, gNB=6655)...

Omega log: /home/kmanojp/oranslice_rig/experiments/results/live_campaign_v2/baseline/sla/rep_seed967/omega_log.jsonl
{
  "run_id": "baseline_sla_seed967_batch1",
  "algorithm": "baseline_static",
  "mode": "live_testbed",
  "seed": 967001,
  "n_episodes": 2,
  "mean_reward_per_step": 5.510416666666668,
  "mean_blocks_per_episode": 0.0,
  "mean_urllc_blocks_per_episode": 0.0,
  "blocks_per_episode": [
    0,
    0
  ],
  "blocks_per_episode_by_slice": [
    {},
    {}
  ],
  "mean_rho": null,
  "omega_path": "/home/kmanojp/oranslice_rig/experiments/results/live_campaign_v2/baseline/sla/rep_seed967/omega_log.jsonl",
  "checkpoint_path": "",
  "drift_flag": false,
  "drift_reason": "",
  "sla_compliance_by_slice": {
    "embb": 1.0,
    "urllc": 1.0,
    "mmtc": 1.0
  },
  "sla_compliance_all_slices": 1.0,
  "sla_compliance_by_slice_per_episode": [
    {
      "embb": 1.0,
      "urllc": 1.0,
      "mmtc": 1.0
    },
    {
      "embb": 1.0,
      "urllc": 1.0,
      "mmtc": 1.0
    }
  ],
  "sla_margin_by_slice": {
    "embb": 0.7399999943613698,
    "urllc": 0.7196912777734303,
    "mmtc": 0.7099977697336279
  },
  "sla_margin_by_slice_per_episode": [
    {
      "embb": 0.7799999887227392,
      "urllc": 0.7344576501427224,
      "mmtc": 0.7199955394672555
    },
    {
      "embb": 0.7000000000000004,
      "urllc": 0.7049249054041383,
      "mmtc": 0.7000000000000004
    }
  ],
  "mean_mos_by_slice": {
    "embb": 2.1711465855439505,
    "urllc": 3.0508282283941903,
    "mmtc": 4.759123333295187
  },
  "mean_cost": 0.3025,
  "mean_sla_viol": 0.0
}
[orchestrator] === baseline rep_seed967 batch 2 (1 episodes, batch_seed=967002, 4/5 done so far) ===
[orchestrator] $ bash /home/kmanojp/oranslice_rig/experiments/scripts/health_check.sh
[health] FAIL: UE1 (embb) unreachable
[health] FAIL: UE2 (mmtc) unreachable
[health] FAIL: UE3 (urllc) unreachable
[orchestrator] health check failed, restarting stack (attempt 1)
[orchestrator] $ bash /home/kmanojp/oranslice_rig/experiments/scripts/restart_ran_stack.sh
[restart] stopping all RAN processes and tmux sessions
/home/kmanojp/oranslice_rig/experiments/scripts/restart_ran_stack.sh: line 23: 550383 Killed                  sudo pkill -9 -f "nr-uesoftmodem" 2> /dev/null
/home/kmanojp/oranslice_rig/experiments/scripts/restart_ran_stack.sh: line 24: 550385 Killed                  sudo pkill -9 -f "nr-softmodem" 2> /dev/null
[restart] confirmed clean: no RAN processes running
[restart] launching gNB
[restart] gNB up, E2 agent alive
[restart] launching UE1 (embb, default netns)
[restart] UE1 attached
[restart] launching UE2 (mmtc, ue2ns)
[restart] UE2 attached
[restart] launching UE3 (urllc, ue3ns)
[restart] UE3 attached
[restart] verifying connectivity all 3 UEs
[restart] SUCCESS: all 3 UEs attached and reachable
[orchestrator] $ bash /home/kmanojp/oranslice_rig/experiments/scripts/health_check.sh
[health] OK: all 3 UEs reachable, 16 RAN processes alive, no recent segfault
[orchestrator] $ python3 /home/kmanojp/oranslice_rig/experiments/scripts/run_baseline_static.py --config /home/kmanojp/oranslice_rig/experiments/configs/saclb_campaign_baseline_v2.yaml --gnb-id gnb-0 --episodes 1 --seed 967002 --run-id baseline_sla_seed967_batch2 --omega-jsonl /home/kmanojp/oranslice_rig/experiments/results/live_campaign_v2/baseline/sla/rep_seed967/omega_log.jsonl --reward-mode sla
[baseline_sla_seed967_batch2] baseline_static: talking to gNB E2 agent (listen=6600, gNB=6655)...

Omega log: /home/kmanojp/oranslice_rig/experiments/results/live_campaign_v2/baseline/sla/rep_seed967/omega_log.jsonl
{
  "run_id": "baseline_sla_seed967_batch2",
  "algorithm": "baseline_static",
  "mode": "live_testbed",
  "seed": 967002,
  "n_episodes": 1,
  "mean_reward_per_step": 5.397500000000002,
  "mean_blocks_per_episode": 0.0,
  "mean_urllc_blocks_per_episode": 0.0,
  "blocks_per_episode": [
    0
  ],
  "blocks_per_episode_by_slice": [
    {}
  ],
  "mean_rho": null,
  "omega_path": "/home/kmanojp/oranslice_rig/experiments/results/live_campaign_v2/baseline/sla/rep_seed967/omega_log.jsonl",
  "checkpoint_path": "",
  "drift_flag": false,
  "drift_reason": "",
  "sla_compliance_by_slice": {
    "embb": 1.0,
    "urllc": 1.0,
    "mmtc": 1.0
  },
  "sla_compliance_all_slices": 1.0,
  "sla_compliance_by_slice_per_episode": [
    {
      "embb": 1.0,
      "urllc": 1.0,
      "mmtc": 1.0
    }
  ],
  "sla_margin_by_slice": {
    "embb": 0.7699999796604737,
    "urllc": 0.7295327447385842,
    "mmtc": 0.714995330464888
  },
  "sla_margin_by_slice_per_episode": [
    {
      "embb": 0.7699999796604737,
      "urllc": 0.7295327447385842,
      "mmtc": 0.714995330464888
    }
  ],
  "mean_mos_by_slice": {
    "embb": 2.1710984985033672,
    "urllc": 3.076758309205373,
    "mmtc": 4.762217656771342
  },
  "mean_cost": 0.3050000000000001,
  "mean_sla_viol": 0.0
}
[orchestrator] DONE: 5/5 episodes completed for baseline rep_seed967. omega log: /home/kmanojp/oranslice_rig/experiments/results/live_campaign_v2/baseline/sla/rep_seed967/omega_log.jsonl
=== 09:54:29 DONE arm=baseline seed=967 (1750s, 1 attempt(s)) ===
=== 09:54:29 DRAIN before arm=dqn_sla seed=967 ===
     rnti=31294: mean=5.00 PRB  max=5.00  n=10
     rnti=34580: mean=5.00 PRB  max=5.00  n=10
     rnti=39682: mean=5.00 PRB  max=5.00  n=10

Done. NEVER send SUBSCRIPTION-type messages: still assert(0!=0) in handle_subscription() on this OAI base (verified 2026-07-14).
=== 09:55:04 RUN arm=dqn_sla seed=967 algo=dqn mode=sla episodes=5 ===
[orchestrator] === dqn_sla rep_seed967 batch 0 (2 episodes, batch_seed=967000, 0/5 done so far) ===
[orchestrator] $ bash /home/kmanojp/oranslice_rig/experiments/scripts/health_check.sh
[health] OK: all 3 UEs reachable, 16 RAN processes alive, no recent segfault
[orchestrator] $ python3 /home/kmanojp/oranslice_rig/framework/qoe_oran_framework/xapp/saclb_xapp.py --config /home/kmanojp/oranslice_rig/experiments/configs/saclb_campaign_v2.yaml --algorithm dqn --checkpoint /home/kmanojp/oranslice_rig/experiments/results/offline_v2/sla/seed256/dqn/offline_closed_loop/rep_0/checkpoint.pt --gnb-id gnb-0 --episodes 2 --seed 967000 --run-id dqn_sla_sla_seed967_batch0 --omega-jsonl /home/kmanojp/oranslice_rig/experiments/results/live_campaign_v2/dqn_sla/sla/rep_seed967/omega_log.jsonl --reward-mode sla
[dqn_sla_sla_seed967_batch0] talking to gNB E2 agent (listen=6600, gNB=6655)...

Omega log: /home/kmanojp/oranslice_rig/experiments/results/live_campaign_v2/dqn_sla/sla/rep_seed967/omega_log.jsonl
{
  "run_id": "dqn_sla_sla_seed967_batch0",
  "algorithm": "dqn",
  "mode": "live_testbed",
  "seed": 967000,
  "n_episodes": 2,
  "mean_reward_per_step": 0.0,
  "mean_blocks_per_episode": 121.0,
  "mean_urllc_blocks_per_episode": 40.5,
  "blocks_per_episode": [
    122,
    120
  ],
  "blocks_per_episode_by_slice": [
    {
      "mmtc": 37,
      "urllc": 38,
      "embb": 47
    },
    {
      "mmtc": 39,
      "embb": 38,
      "urllc": 43
    }
  ],
  "mean_rho": null,
  "omega_path": "/home/kmanojp/oranslice_rig/experiments/results/live_campaign_v2/dqn_sla/sla/rep_seed967/omega_log.jsonl",
  "checkpoint_path": "",
  "drift_flag": true,
  "drift_reason": "mean URLLC block rate 40.50/episode exceeds 2x the 1.0/episode acceptance bar",
  "sla_compliance_by_slice": {
    "embb": 1.0,
    "urllc": 1.0,
    "mmtc": 1.0
  },
  "sla_compliance_all_slices": 1.0,
  "sla_compliance_by_slice_per_episode": [
    {
      "embb": 1.0,
      "urllc": 1.0,
      "mmtc": 1.0
    },
    {
      "embb": 1.0,
      "urllc": 1.0,
      "mmtc": 1.0
    }
  ],
  "sla_margin_by_slice": {
    "embb": 0.7599999997926326,
    "urllc": 0.7374906132735006,
    "mmtc": 0.7599996797295274
  },
  "sla_margin_by_slice_per_episode": [
    {
      "embb": 0.8199999995852647,
      "urllc": 0.774981226547001,
      "mmtc": 0.8199993594590543
    },
    {
      "embb": 0.7000000000000004,
      "urllc": 0.7000000000000004,
      "mmtc": 0.7000000000000004
    }
  ],
  "mean_mos_by_slice": {
    "embb": 2.1711549599965414,
    "urllc": 4.175118140379587,
    "mmtc": 4.790561159451802
  },
  "mean_cost": 0.0,
  "mean_sla_viol": 0.0
}
[orchestrator] === dqn_sla rep_seed967 batch 1 (2 episodes, batch_seed=967001, 2/5 done so far) ===
[orchestrator] $ bash /home/kmanojp/oranslice_rig/experiments/scripts/health_check.sh
[health] FAIL: UE1 (embb) unreachable
[health] FAIL: UE2 (mmtc) unreachable
[health] FAIL: UE3 (urllc) unreachable
[orchestrator] health check failed, restarting stack (attempt 1)
[orchestrator] $ bash /home/kmanojp/oranslice_rig/experiments/scripts/restart_ran_stack.sh
[restart] stopping all RAN processes and tmux sessions
/home/kmanojp/oranslice_rig/experiments/scripts/restart_ran_stack.sh: line 23: 558462 Killed                  sudo pkill -9 -f "nr-uesoftmodem" 2> /dev/null
/home/kmanojp/oranslice_rig/experiments/scripts/restart_ran_stack.sh: line 24: 558464 Killed                  sudo pkill -9 -f "nr-softmodem" 2> /dev/null
[restart] confirmed clean: no RAN processes running
[restart] launching gNB
[restart] gNB up, E2 agent alive
[restart] launching UE1 (embb, default netns)
[restart] UE1 attached
[restart] launching UE2 (mmtc, ue2ns)
[restart] UE2 attached
[restart] launching UE3 (urllc, ue3ns)
[restart] UE3 attached
[restart] verifying connectivity all 3 UEs
[restart] SUCCESS: all 3 UEs attached and reachable
[orchestrator] $ bash /home/kmanojp/oranslice_rig/experiments/scripts/health_check.sh
[health] OK: all 3 UEs reachable, 16 RAN processes alive, no recent segfault
[orchestrator] $ python3 /home/kmanojp/oranslice_rig/framework/qoe_oran_framework/xapp/saclb_xapp.py --config /home/kmanojp/oranslice_rig/experiments/configs/saclb_campaign_v2.yaml --algorithm dqn --checkpoint /home/kmanojp/oranslice_rig/experiments/results/offline_v2/sla/seed256/dqn/offline_closed_loop/rep_0/checkpoint.pt --gnb-id gnb-0 --episodes 2 --seed 967001 --run-id dqn_sla_sla_seed967_batch1 --omega-jsonl /home/kmanojp/oranslice_rig/experiments/results/live_campaign_v2/dqn_sla/sla/rep_seed967/omega_log.jsonl --reward-mode sla
[dqn_sla_sla_seed967_batch1] talking to gNB E2 agent (listen=6600, gNB=6655)...

Omega log: /home/kmanojp/oranslice_rig/experiments/results/live_campaign_v2/dqn_sla/sla/rep_seed967/omega_log.jsonl
{
  "run_id": "dqn_sla_sla_seed967_batch1",
  "algorithm": "dqn",
  "mode": "live_testbed",
  "seed": 967001,
  "n_episodes": 2,
  "mean_reward_per_step": 0.0,
  "mean_blocks_per_episode": 121.0,
  "mean_urllc_blocks_per_episode": 40.5,
  "blocks_per_episode": [
    122,
    120
  ],
  "blocks_per_episode_by_slice": [
    {
      "mmtc": 33,
      "urllc": 49,
      "embb": 40
    },
    {
      "mmtc": 46,
      "urllc": 32,
      "embb": 42
    }
  ],
  "mean_rho": null,
  "omega_path": "/home/kmanojp/oranslice_rig/experiments/results/live_campaign_v2/dqn_sla/sla/rep_seed967/omega_log.jsonl",
  "checkpoint_path": "",
  "drift_flag": true,
  "drift_reason": "mean URLLC block rate 40.50/episode exceeds 2x the 1.0/episode acceptance bar",
  "sla_compliance_by_slice": {
    "embb": 1.0,
    "urllc": 1.0,
    "mmtc": 1.0
  },
  "sla_compliance_all_slices": 1.0,
  "sla_compliance_by_slice_per_episode": [
    {
      "embb": 1.0,
      "urllc": 1.0,
      "mmtc": 1.0
    },
    {
      "embb": 1.0,
      "urllc": 1.0,
      "mmtc": 1.0
    }
  ],
  "sla_margin_by_slice": {
    "embb": 0.7324999970299515,
    "urllc": 0.7148296854707106,
    "mmtc": 0.7049991442820399
  },
  "sla_margin_by_slice_per_episode": [
    {
      "embb": 0.7649999940599027,
      "urllc": 0.7296593709414209,
      "mmtc": 0.7099982885640794
    },
    {
      "embb": 0.7000000000000004,
      "urllc": 0.7000000000000004,
      "mmtc": 0.7000000000000004
    }
  ],
  "mean_mos_by_slice": {
    "embb": 2.1711434423923492,
    "urllc": 3.378804949919383,
    "mmtc": 4.755846488475799
  },
  "mean_cost": 0.0,
  "mean_sla_viol": 0.0
}
[orchestrator] === dqn_sla rep_seed967 batch 2 (1 episodes, batch_seed=967002, 4/5 done so far) ===
[orchestrator] $ bash /home/kmanojp/oranslice_rig/experiments/scripts/health_check.sh
[health] FAIL: UE1 (embb) unreachable
[health] FAIL: UE2 (mmtc) unreachable
[health] FAIL: UE3 (urllc) unreachable
[orchestrator] health check failed, restarting stack (attempt 1)
[orchestrator] $ bash /home/kmanojp/oranslice_rig/experiments/scripts/restart_ran_stack.sh
[restart] stopping all RAN processes and tmux sessions
/home/kmanojp/oranslice_rig/experiments/scripts/restart_ran_stack.sh: line 23: 563907 Killed                  sudo pkill -9 -f "nr-uesoftmodem" 2> /dev/null
/home/kmanojp/oranslice_rig/experiments/scripts/restart_ran_stack.sh: line 24: 563909 Killed                  sudo pkill -9 -f "nr-softmodem" 2> /dev/null
[restart] confirmed clean: no RAN processes running
[restart] launching gNB
[restart] gNB up, E2 agent alive
[restart] launching UE1 (embb, default netns)
[restart] UE1 attached
[restart] launching UE2 (mmtc, ue2ns)
[restart] UE2 attached
[restart] launching UE3 (urllc, ue3ns)
[restart] UE3 attached
[restart] verifying connectivity all 3 UEs
[restart] SUCCESS: all 3 UEs attached and reachable
[orchestrator] $ bash /home/kmanojp/oranslice_rig/experiments/scripts/health_check.sh
[health] OK: all 3 UEs reachable, 16 RAN processes alive, no recent segfault
[orchestrator] $ python3 /home/kmanojp/oranslice_rig/framework/qoe_oran_framework/xapp/saclb_xapp.py --config /home/kmanojp/oranslice_rig/experiments/configs/saclb_campaign_v2.yaml --algorithm dqn --checkpoint /home/kmanojp/oranslice_rig/experiments/results/offline_v2/sla/seed256/dqn/offline_closed_loop/rep_0/checkpoint.pt --gnb-id gnb-0 --episodes 1 --seed 967002 --run-id dqn_sla_sla_seed967_batch2 --omega-jsonl /home/kmanojp/oranslice_rig/experiments/results/live_campaign_v2/dqn_sla/sla/rep_seed967/omega_log.jsonl --reward-mode sla
[dqn_sla_sla_seed967_batch2] talking to gNB E2 agent (listen=6600, gNB=6655)...

Omega log: /home/kmanojp/oranslice_rig/experiments/results/live_campaign_v2/dqn_sla/sla/rep_seed967/omega_log.jsonl
{
  "run_id": "dqn_sla_sla_seed967_batch2",
  "algorithm": "dqn",
  "mode": "live_testbed",
  "seed": 967002,
  "n_episodes": 1,
  "mean_reward_per_step": 0.0,
  "mean_blocks_per_episode": 122.0,
  "mean_urllc_blocks_per_episode": 37.0,
  "blocks_per_episode": [
    122
  ],
  "blocks_per_episode_by_slice": [
    {
      "mmtc": 41,
      "urllc": 37,
      "embb": 44
    }
  ],
  "mean_rho": null,
  "omega_path": "/home/kmanojp/oranslice_rig/experiments/results/live_campaign_v2/dqn_sla/sla/rep_seed967/omega_log.jsonl",
  "checkpoint_path": "",
  "drift_flag": true,
  "drift_reason": "mean URLLC block rate 37.00/episode exceeds 2x the 1.0/episode acceptance bar",
  "sla_compliance_by_slice": {
    "embb": 1.0,
    "urllc": 1.0,
    "mmtc": 1.0
  },
  "sla_compliance_all_slices": 1.0,
  "sla_compliance_by_slice_per_episode": [
    {
      "embb": 1.0,
      "urllc": 1.0,
      "mmtc": 1.0
    }
  ],
  "sla_margin_by_slice": {
    "embb": 0.7549999801862236,
    "urllc": 0.7343088573838279,
    "mmtc": 0.7149969363183485
  },
  "sla_margin_by_slice_per_episode": [
    {
      "embb": 0.7549999801862236,
      "urllc": 0.7343088573838279,
      "mmtc": 0.7149969363183485
    }
  ],
  "mean_mos_by_slice": {
    "embb": 2.171092196305593,
    "urllc": 2.7694886962572736,
    "mmtc": 4.762047783533732
  },
  "mean_cost": 0.0,
  "mean_sla_viol": 0.0
}
[orchestrator] DONE: 5/5 episodes completed for dqn_sla rep_seed967. omega log: /home/kmanojp/oranslice_rig/experiments/results/live_campaign_v2/dqn_sla/sla/rep_seed967/omega_log.jsonl
=== 10:23:50 DONE arm=dqn_sla seed=967 (1761s, 1 attempt(s)) ===
=== seed=968 episodes=5 arm_order=static_at_cap baseline dqn_sla dqn_qoe ===
=== 10:23:50 DRAIN before arm=static_at_cap seed=968 ===
     rnti=17559: mean=5.00 PRB  max=5.00  n=10
     rnti=38378: mean=5.00 PRB  max=5.00  n=10
     rnti=53435: mean=5.00 PRB  max=5.00  n=10

Done. NEVER send SUBSCRIPTION-type messages: still assert(0!=0) in handle_subscription() on this OAI base (verified 2026-07-14).
=== 10:24:25 RUN arm=static_at_cap seed=968 algo=baseline_static mode=sla episodes=5 ===
[orchestrator] === static_at_cap rep_seed968 batch 0 (2 episodes, batch_seed=968000, 0/5 done so far) ===
[orchestrator] $ bash /home/kmanojp/oranslice_rig/experiments/scripts/health_check.sh
[health] OK: all 3 UEs reachable, 16 RAN processes alive, no recent segfault
[orchestrator] $ python3 /home/kmanojp/oranslice_rig/experiments/scripts/run_baseline_static.py --config /home/kmanojp/oranslice_rig/experiments/configs/saclb_campaign_static_at_cap_v2.yaml --gnb-id gnb-0 --episodes 2 --seed 968000 --run-id static_at_cap_sla_seed968_batch0 --omega-jsonl /home/kmanojp/oranslice_rig/experiments/results/live_campaign_v2/static_at_cap/sla/rep_seed968/omega_log.jsonl --reward-mode sla
[static_at_cap_sla_seed968_batch0] baseline_static: talking to gNB E2 agent (listen=6600, gNB=6655)...

Omega log: /home/kmanojp/oranslice_rig/experiments/results/live_campaign_v2/static_at_cap/sla/rep_seed968/omega_log.jsonl
{
  "run_id": "static_at_cap_sla_seed968_batch0",
  "algorithm": "baseline_static",
  "mode": "live_testbed",
  "seed": 968000,
  "n_episodes": 2,
  "mean_reward_per_step": 4.997916666666669,
  "mean_blocks_per_episode": 0.0,
  "mean_urllc_blocks_per_episode": 0.0,
  "blocks_per_episode": [
    0,
    0
  ],
  "blocks_per_episode_by_slice": [
    {},
    {}
  ],
  "mean_rho": null,
  "omega_path": "/home/kmanojp/oranslice_rig/experiments/results/live_campaign_v2/static_at_cap/sla/rep_seed968/omega_log.jsonl",
  "checkpoint_path": "",
  "drift_flag": false,
  "drift_reason": "",
  "sla_compliance_by_slice": {
    "embb": 1.0,
    "urllc": 1.0,
    "mmtc": 1.0
  },
  "sla_compliance_all_slices": 1.0,
  "sla_compliance_by_slice_per_episode": [
    {
      "embb": 1.0,
      "urllc": 1.0,
      "mmtc": 1.0
    },
    {
      "embb": 1.0,
      "urllc": 1.0,
      "mmtc": 1.0
    }
  ],
  "sla_margin_by_slice": {
    "embb": 0.9999999999390841,
    "urllc": 0.7799687395917143,
    "mmtc": 0.779999654901236
  },
  "sla_margin_by_slice_per_episode": [
    {
      "embb": 0.9999999998781681,
      "urllc": 0.8599374791834283,
      "mmtc": 0.8599993098024716
    },
    {
      "embb": 1.0,
      "urllc": 0.7000000000000004,
      "mmtc": 0.7000000000000004
    }
  ],
  "mean_mos_by_slice": {
    "embb": 2.171316146850586,
    "urllc": 4.281678299109141,
    "mmtc": 4.80327437321345
  },
  "mean_cost": 0.3025,
  "mean_sla_viol": 0.0
}
[orchestrator] === static_at_cap rep_seed968 batch 1 (2 episodes, batch_seed=968001, 2/5 done so far) ===
[orchestrator] $ bash /home/kmanojp/oranslice_rig/experiments/scripts/health_check.sh
[health] FAIL: UE2 (mmtc) unreachable
[health] FAIL: UE3 (urllc) unreachable
[orchestrator] health check failed, restarting stack (attempt 1)
[orchestrator] $ bash /home/kmanojp/oranslice_rig/experiments/scripts/restart_ran_stack.sh
[restart] stopping all RAN processes and tmux sessions
/home/kmanojp/oranslice_rig/experiments/scripts/restart_ran_stack.sh: line 23: 572487 Killed                  sudo pkill -9 -f "nr-uesoftmodem" 2> /dev/null
/home/kmanojp/oranslice_rig/experiments/scripts/restart_ran_stack.sh: line 24: 572489 Killed                  sudo pkill -9 -f "nr-softmodem" 2> /dev/null
[restart] confirmed clean: no RAN processes running
[restart] launching gNB
[restart] gNB up, E2 agent alive
[restart] launching UE1 (embb, default netns)
[restart] UE1 attached
[restart] launching UE2 (mmtc, ue2ns)
[restart] UE2 attached
[restart] launching UE3 (urllc, ue3ns)
[restart] UE3 attached
[restart] verifying connectivity all 3 UEs
[restart] SUCCESS: all 3 UEs attached and reachable
[orchestrator] $ bash /home/kmanojp/oranslice_rig/experiments/scripts/health_check.sh
[health] OK: all 3 UEs reachable, 16 RAN processes alive, no recent segfault
[orchestrator] $ python3 /home/kmanojp/oranslice_rig/experiments/scripts/run_baseline_static.py --config /home/kmanojp/oranslice_rig/experiments/configs/saclb_campaign_static_at_cap_v2.yaml --gnb-id gnb-0 --episodes 2 --seed 968001 --run-id static_at_cap_sla_seed968_batch1 --omega-jsonl /home/kmanojp/oranslice_rig/experiments/results/live_campaign_v2/static_at_cap/sla/rep_seed968/omega_log.jsonl --reward-mode sla
[static_at_cap_sla_seed968_batch1] baseline_static: talking to gNB E2 agent (listen=6600, gNB=6655)...

Omega log: /home/kmanojp/oranslice_rig/experiments/results/live_campaign_v2/static_at_cap/sla/rep_seed968/omega_log.jsonl
{
  "run_id": "static_at_cap_sla_seed968_batch1",
  "algorithm": "baseline_static",
  "mode": "live_testbed",
  "seed": 968001,
  "n_episodes": 2,
  "mean_reward_per_step": 5.507083333333334,
  "mean_blocks_per_episode": 0.0,
  "mean_urllc_blocks_per_episode": 0.0,
  "blocks_per_episode": [
    0,
    0
  ],
  "blocks_per_episode_by_slice": [
    {},
    {}
  ],
  "mean_rho": null,
  "omega_path": "/home/kmanojp/oranslice_rig/experiments/results/live_campaign_v2/static_at_cap/sla/rep_seed968/omega_log.jsonl",
  "checkpoint_path": "",
  "drift_flag": false,
  "drift_reason": "",
  "sla_compliance_by_slice": {
    "embb": 1.0,
    "urllc": 1.0,
    "mmtc": 1.0
  },
  "sla_compliance_all_slices": 1.0,
  "sla_compliance_by_slice_per_episode": [
    {
      "embb": 1.0,
      "urllc": 1.0,
      "mmtc": 1.0
    },
    {
      "embb": 1.0,
      "urllc": 1.0,
      "mmtc": 1.0
    }
  ],
  "sla_margin_by_slice": {
    "embb": 0.9999999960645557,
    "urllc": 0.7172803483235966,
    "mmtc": 0.7149973377663302
  },
  "sla_margin_by_slice_per_episode": [
    {
      "embb": 0.9999999921291114,
      "urllc": 0.7345606966471926,
      "mmtc": 0.7299946755326601
    },
    {
      "embb": 1.0,
      "urllc": 0.7000000000000004,
      "mmtc": 0.7000000000000004
    }
  ],
  "mean_mos_by_slice": {
    "embb": 2.1713161528110505,
    "urllc": 3.2857986867427824,
    "mmtc": 4.762233940760295
  },
  "mean_cost": 0.3025,
  "mean_sla_viol": 0.0
}
[orchestrator] === static_at_cap rep_seed968 batch 2 (1 episodes, batch_seed=968002, 4/5 done so far) ===
[orchestrator] $ bash /home/kmanojp/oranslice_rig/experiments/scripts/health_check.sh
[health] FAIL: UE2 (mmtc) unreachable
[health] FAIL: UE3 (urllc) unreachable
[orchestrator] health check failed, restarting stack (attempt 1)
[orchestrator] $ bash /home/kmanojp/oranslice_rig/experiments/scripts/restart_ran_stack.sh
[restart] stopping all RAN processes and tmux sessions
/home/kmanojp/oranslice_rig/experiments/scripts/restart_ran_stack.sh: line 23: 577888 Killed                  sudo pkill -9 -f "nr-uesoftmodem" 2> /dev/null
/home/kmanojp/oranslice_rig/experiments/scripts/restart_ran_stack.sh: line 24: 577890 Killed                  sudo pkill -9 -f "nr-softmodem" 2> /dev/null
[restart] confirmed clean: no RAN processes running
[restart] launching gNB
[restart] gNB up, E2 agent alive
[restart] launching UE1 (embb, default netns)
[restart] UE1 attached
[restart] launching UE2 (mmtc, ue2ns)
[restart] UE2 attached
[restart] launching UE3 (urllc, ue3ns)
[restart] UE3 attached
[restart] verifying connectivity all 3 UEs
[restart] SUCCESS: all 3 UEs attached and reachable
[orchestrator] $ bash /home/kmanojp/oranslice_rig/experiments/scripts/health_check.sh
[health] OK: all 3 UEs reachable, 16 RAN processes alive, no recent segfault
[orchestrator] $ python3 /home/kmanojp/oranslice_rig/experiments/scripts/run_baseline_static.py --config /home/kmanojp/oranslice_rig/experiments/configs/saclb_campaign_static_at_cap_v2.yaml --gnb-id gnb-0 --episodes 1 --seed 968002 --run-id static_at_cap_sla_seed968_batch2 --omega-jsonl /home/kmanojp/oranslice_rig/experiments/results/live_campaign_v2/static_at_cap/sla/rep_seed968/omega_log.jsonl --reward-mode sla
[static_at_cap_sla_seed968_batch2] baseline_static: talking to gNB E2 agent (listen=6600, gNB=6655)...

Omega log: /home/kmanojp/oranslice_rig/experiments/results/live_campaign_v2/static_at_cap/sla/rep_seed968/omega_log.jsonl
{
  "run_id": "static_at_cap_sla_seed968_batch2",
  "algorithm": "baseline_static",
  "mode": "live_testbed",
  "seed": 968002,
  "n_episodes": 1,
  "mean_reward_per_step": 5.590833333333335,
  "mean_blocks_per_episode": 0.0,
  "mean_urllc_blocks_per_episode": 0.0,
  "blocks_per_episode": [
    0
  ],
  "blocks_per_episode_by_slice": [
    {}
  ],
  "mean_rho": null,
  "omega_path": "/home/kmanojp/oranslice_rig/experiments/results/live_campaign_v2/static_at_cap/sla/rep_seed968/omega_log.jsonl",
  "checkpoint_path": "",
  "drift_flag": false,
  "drift_reason": "",
  "sla_compliance_by_slice": {
    "embb": 1.0,
    "urllc": 1.0,
    "mmtc": 1.0
  },
  "sla_compliance_all_slices": 1.0,
  "sla_compliance_by_slice_per_episode": [
    {
      "embb": 1.0,
      "urllc": 1.0,
      "mmtc": 1.0
    }
  ],
  "sla_margin_by_slice": {
    "embb": 0.9999999933147327,
    "urllc": 0.7097939791375154,
    "mmtc": 0.7199950438524445
  },
  "sla_margin_by_slice_per_episode": [
    {
      "embb": 0.9999999933147327,
      "urllc": 0.7097939791375154,
      "mmtc": 0.7199950438524445
    }
  ],
  "mean_mos_by_slice": {
    "embb": 2.171316146850586,
    "urllc": 2.7540655016899107,
    "mmtc": 4.765302666028341
  },
  "mean_cost": 0.3050000000000001,
  "mean_sla_viol": 0.0
}
[orchestrator] DONE: 5/5 episodes completed for static_at_cap rep_seed968. omega log: /home/kmanojp/oranslice_rig/experiments/results/live_campaign_v2/static_at_cap/sla/rep_seed968/omega_log.jsonl
=== 10:52:56 DONE arm=static_at_cap seed=968 (1746s, 1 attempt(s)) ===
=== 10:52:56 DRAIN before arm=baseline seed=968 ===
     rnti=23517: mean=5.00 PRB  max=5.00  n=10
     rnti=32612: mean=5.00 PRB  max=5.00  n=10
     rnti=39584: mean=5.00 PRB  max=5.00  n=10

Done. NEVER send SUBSCRIPTION-type messages: still assert(0!=0) in handle_subscription() on this OAI base (verified 2026-07-14).
=== 10:53:31 RUN arm=baseline seed=968 algo=baseline_static mode=sla episodes=5 ===
[orchestrator] === baseline rep_seed968 batch 0 (2 episodes, batch_seed=968000, 0/5 done so far) ===
[orchestrator] $ bash /home/kmanojp/oranslice_rig/experiments/scripts/health_check.sh
[health] OK: all 3 UEs reachable, 16 RAN processes alive, no recent segfault
[orchestrator] $ python3 /home/kmanojp/oranslice_rig/experiments/scripts/run_baseline_static.py --config /home/kmanojp/oranslice_rig/experiments/configs/saclb_campaign_baseline_v2.yaml --gnb-id gnb-0 --episodes 2 --seed 968000 --run-id baseline_sla_seed968_batch0 --omega-jsonl /home/kmanojp/oranslice_rig/experiments/results/live_campaign_v2/baseline/sla/rep_seed968/omega_log.jsonl --reward-mode sla
[baseline_sla_seed968_batch0] baseline_static: talking to gNB E2 agent (listen=6600, gNB=6655)...

Omega log: /home/kmanojp/oranslice_rig/experiments/results/live_campaign_v2/baseline/sla/rep_seed968/omega_log.jsonl
{
  "run_id": "baseline_sla_seed968_batch0",
  "algorithm": "baseline_static",
  "mode": "live_testbed",
  "seed": 968000,
  "n_episodes": 2,
  "mean_reward_per_step": 4.997916666666669,
  "mean_blocks_per_episode": 0.0,
  "mean_urllc_blocks_per_episode": 0.0,
  "blocks_per_episode": [
    0,
    0
  ],
  "blocks_per_episode_by_slice": [
    {},
    {}
  ],
  "mean_rho": null,
  "omega_path": "/home/kmanojp/oranslice_rig/experiments/results/live_campaign_v2/baseline/sla/rep_seed968/omega_log.jsonl",
  "checkpoint_path": "",
  "drift_flag": false,
  "drift_reason": "",
  "sla_compliance_by_slice": {
    "embb": 1.0,
    "urllc": 1.0,
    "mmtc": 1.0
  },
  "sla_compliance_all_slices": 1.0,
  "sla_compliance_by_slice_per_episode": [
    {
      "embb": 1.0,
      "urllc": 1.0,
      "mmtc": 1.0
    },
    {
      "embb": 1.0,
      "urllc": 1.0,
      "mmtc": 1.0
    }
  ],
  "sla_margin_by_slice": {
    "embb": 0.9225000000000005,
    "urllc": 0.8224537376887024,
    "mmtc": 0.7649996879566692
  },
  "sla_margin_by_slice_per_episode": [
    {
      "embb": 1.0,
      "urllc": 0.9449074753774044,
      "mmtc": 0.8299993759133381
    },
    {
      "embb": 0.8450000000000012,
      "urllc": 0.7000000000000004,
      "mmtc": 0.7000000000000004
    }
  ],
  "mean_mos_by_slice": {
    "embb": 2.1712230185667676,
    "urllc": 4.388264381885529,
    "mmtc": 4.7937390605608625
  },
  "mean_cost": 0.3025,
  "mean_sla_viol": 0.0
}
[orchestrator] === baseline rep_seed968 batch 1 (2 episodes, batch_seed=968001, 2/5 done so far) ===
[orchestrator] $ bash /home/kmanojp/oranslice_rig/experiments/scripts/health_check.sh
[health] FAIL: UE1 (embb) unreachable
[health] FAIL: UE2 (mmtc) unreachable
[health] FAIL: UE3 (urllc) unreachable
[orchestrator] health check failed, restarting stack (attempt 1)
[orchestrator] $ bash /home/kmanojp/oranslice_rig/experiments/scripts/restart_ran_stack.sh
[restart] stopping all RAN processes and tmux sessions
/home/kmanojp/oranslice_rig/experiments/scripts/restart_ran_stack.sh: line 23: 585878 Killed                  sudo pkill -9 -f "nr-uesoftmodem" 2> /dev/null
/home/kmanojp/oranslice_rig/experiments/scripts/restart_ran_stack.sh: line 24: 585882 Killed                  sudo pkill -9 -f "nr-softmodem" 2> /dev/null
[restart] confirmed clean: no RAN processes running
[restart] launching gNB
[restart] gNB up, E2 agent alive
[restart] launching UE1 (embb, default netns)
[restart] UE1 attached
[restart] launching UE2 (mmtc, ue2ns)
[restart] UE2 attached
[restart] launching UE3 (urllc, ue3ns)
[restart] UE3 attached
[restart] verifying connectivity all 3 UEs
[restart] SUCCESS: all 3 UEs attached and reachable
[orchestrator] $ bash /home/kmanojp/oranslice_rig/experiments/scripts/health_check.sh
[health] OK: all 3 UEs reachable, 16 RAN processes alive, no recent segfault
[orchestrator] $ python3 /home/kmanojp/oranslice_rig/experiments/scripts/run_baseline_static.py --config /home/kmanojp/oranslice_rig/experiments/configs/saclb_campaign_baseline_v2.yaml --gnb-id gnb-0 --episodes 2 --seed 968001 --run-id baseline_sla_seed968_batch1 --omega-jsonl /home/kmanojp/oranslice_rig/experiments/results/live_campaign_v2/baseline/sla/rep_seed968/omega_log.jsonl --reward-mode sla
[baseline_sla_seed968_batch1] baseline_static: talking to gNB E2 agent (listen=6600, gNB=6655)...

Omega log: /home/kmanojp/oranslice_rig/experiments/results/live_campaign_v2/baseline/sla/rep_seed968/omega_log.jsonl
{
  "run_id": "baseline_sla_seed968_batch1",
  "algorithm": "baseline_static",
  "mode": "live_testbed",
  "seed": 968001,
  "n_episodes": 2,
  "mean_reward_per_step": 5.507083333333334,
  "mean_blocks_per_episode": 0.0,
  "mean_urllc_blocks_per_episode": 0.0,
  "blocks_per_episode": [
    0,
    0
  ],
  "blocks_per_episode_by_slice": [
    {},
    {}
  ],
  "mean_rho": null,
  "omega_path": "/home/kmanojp/oranslice_rig/experiments/results/live_campaign_v2/baseline/sla/rep_seed968/omega_log.jsonl",
  "checkpoint_path": "",
  "drift_flag": false,
  "drift_reason": "",
  "sla_compliance_by_slice": {
    "embb": 1.0,
    "urllc": 1.0,
    "mmtc": 1.0
  },
  "sla_compliance_all_slices": 1.0,
  "sla_compliance_by_slice_per_episode": [
    {
      "embb": 1.0,
      "urllc": 1.0,
      "mmtc": 1.0
    },
    {
      "embb": 1.0,
      "urllc": 1.0,
      "mmtc": 1.0
    }
  ],
  "sla_margin_by_slice": {
    "embb": 0.7399999840879458,
    "urllc": 0.7171986945198543,
    "mmtc": 0.7074984681591745
  },
  "sla_margin_by_slice_per_episode": [
    {
      "embb": 0.7799999681758911,
      "urllc": 0.7343973890397082,
      "mmtc": 0.7149969363183485
    },
    {
      "embb": 0.7000000000000004,
      "urllc": 0.7000000000000004,
      "mmtc": 0.7000000000000004
    }
  ],
  "mean_mos_by_slice": {
    "embb": 2.171146589517593,
    "urllc": 2.9143561164538068,
    "mmtc": 4.757497795422872
  },
  "mean_cost": 0.3025,
  "mean_sla_viol": 0.0
}
[orchestrator] === baseline rep_seed968 batch 2 (1 episodes, batch_seed=968002, 4/5 done so far) ===
[orchestrator] $ bash /home/kmanojp/oranslice_rig/experiments/scripts/health_check.sh
[health] FAIL: UE1 (embb) unreachable
[health] FAIL: UE2 (mmtc) unreachable
[health] FAIL: UE3 (urllc) unreachable
[orchestrator] health check failed, restarting stack (attempt 1)
[orchestrator] $ bash /home/kmanojp/oranslice_rig/experiments/scripts/restart_ran_stack.sh
[restart] stopping all RAN processes and tmux sessions
/home/kmanojp/oranslice_rig/experiments/scripts/restart_ran_stack.sh: line 23: 591290 Killed                  sudo pkill -9 -f "nr-uesoftmodem" 2> /dev/null
/home/kmanojp/oranslice_rig/experiments/scripts/restart_ran_stack.sh: line 24: 591292 Killed                  sudo pkill -9 -f "nr-softmodem" 2> /dev/null
[restart] confirmed clean: no RAN processes running
[restart] launching gNB
[restart] gNB up, E2 agent alive
[restart] launching UE1 (embb, default netns)
[restart] UE1 attached
[restart] launching UE2 (mmtc, ue2ns)
[restart] UE2 attached
[restart] launching UE3 (urllc, ue3ns)
[restart] UE3 attached
[restart] verifying connectivity all 3 UEs
[restart] SUCCESS: all 3 UEs attached and reachable
[orchestrator] $ bash /home/kmanojp/oranslice_rig/experiments/scripts/health_check.sh
[health] OK: all 3 UEs reachable, 16 RAN processes alive, no recent segfault
[orchestrator] $ python3 /home/kmanojp/oranslice_rig/experiments/scripts/run_baseline_static.py --config /home/kmanojp/oranslice_rig/experiments/configs/saclb_campaign_baseline_v2.yaml --gnb-id gnb-0 --episodes 1 --seed 968002 --run-id baseline_sla_seed968_batch2 --omega-jsonl /home/kmanojp/oranslice_rig/experiments/results/live_campaign_v2/baseline/sla/rep_seed968/omega_log.jsonl --reward-mode sla
[baseline_sla_seed968_batch2] baseline_static: talking to gNB E2 agent (listen=6600, gNB=6655)...

Omega log: /home/kmanojp/oranslice_rig/experiments/results/live_campaign_v2/baseline/sla/rep_seed968/omega_log.jsonl
{
  "run_id": "baseline_sla_seed968_batch2",
  "algorithm": "baseline_static",
  "mode": "live_testbed",
  "seed": 968002,
  "n_episodes": 1,
  "mean_reward_per_step": 5.590833333333335,
  "mean_blocks_per_episode": 0.0,
  "mean_urllc_blocks_per_episode": 0.0,
  "blocks_per_episode": [
    0
  ],
  "blocks_per_episode_by_slice": [
    {}
  ],
  "mean_rho": null,
  "omega_path": "/home/kmanojp/oranslice_rig/experiments/results/live_campaign_v2/baseline/sla/rep_seed968/omega_log.jsonl",
  "checkpoint_path": "",
  "drift_flag": false,
  "drift_reason": "",
  "sla_compliance_by_slice": {
    "embb": 1.0,
    "urllc": 1.0,
    "mmtc": 1.0
  },
  "sla_compliance_all_slices": 1.0,
  "sla_compliance_by_slice_per_episode": [
    {
      "embb": 1.0,
      "urllc": 1.0,
      "mmtc": 1.0
    }
  ],
  "sla_margin_by_slice": {
    "embb": 0.7549999904329041,
    "urllc": 0.7391257341112946,
    "mmtc": 0.7149969363183485
  },
  "sla_margin_by_slice_per_episode": [
    {
      "embb": 0.7549999904329041,
      "urllc": 0.7391257341112946,
      "mmtc": 0.7149969363183485
    }
  ],
  "mean_mos_by_slice": {
    "embb": 2.171092196305593,
    "urllc": 2.6244219144185386,
    "mmtc": 4.762047783533732
  },
  "mean_cost": 0.3050000000000001,
  "mean_sla_viol": 0.0
}
[orchestrator] DONE: 5/5 episodes completed for baseline rep_seed968. omega log: /home/kmanojp/oranslice_rig/experiments/results/live_campaign_v2/baseline/sla/rep_seed968/omega_log.jsonl
=== 11:22:06 DONE arm=baseline seed=968 (1750s, 1 attempt(s)) ===
=== 11:22:06 DRAIN before arm=dqn_sla seed=968 ===
     rnti=22222: mean=5.00 PRB  max=5.00  n=10
     rnti=49358: mean=5.00 PRB  max=5.00  n=10
     rnti=58022: mean=5.00 PRB  max=5.00  n=10

Done. NEVER send SUBSCRIPTION-type messages: still assert(0!=0) in handle_subscription() on this OAI base (verified 2026-07-14).
=== 11:22:41 RUN arm=dqn_sla seed=968 algo=dqn mode=sla episodes=5 ===
[orchestrator] === dqn_sla rep_seed968 batch 0 (2 episodes, batch_seed=968000, 0/5 done so far) ===
[orchestrator] $ bash /home/kmanojp/oranslice_rig/experiments/scripts/health_check.sh
[health] OK: all 3 UEs reachable, 16 RAN processes alive, no recent segfault
[orchestrator] $ python3 /home/kmanojp/oranslice_rig/framework/qoe_oran_framework/xapp/saclb_xapp.py --config /home/kmanojp/oranslice_rig/experiments/configs/saclb_campaign_v2.yaml --algorithm dqn --checkpoint /home/kmanojp/oranslice_rig/experiments/results/offline_v2/sla/seed256/dqn/offline_closed_loop/rep_0/checkpoint.pt --gnb-id gnb-0 --episodes 2 --seed 968000 --run-id dqn_sla_sla_seed968_batch0 --omega-jsonl /home/kmanojp/oranslice_rig/experiments/results/live_campaign_v2/dqn_sla/sla/rep_seed968/omega_log.jsonl --reward-mode sla
[dqn_sla_sla_seed968_batch0] talking to gNB E2 agent (listen=6600, gNB=6655)...

Omega log: /home/kmanojp/oranslice_rig/experiments/results/live_campaign_v2/dqn_sla/sla/rep_seed968/omega_log.jsonl
{
  "run_id": "dqn_sla_sla_seed968_batch0",
  "algorithm": "dqn",
  "mode": "live_testbed",
  "seed": 968000,
  "n_episodes": 2,
  "mean_reward_per_step": 0.0,
  "mean_blocks_per_episode": 121.0,
  "mean_urllc_blocks_per_episode": 36.0,
  "blocks_per_episode": [
    122,
    120
  ],
  "blocks_per_episode_by_slice": [
    {
      "mmtc": 49,
      "urllc": 39,
      "embb": 34
    },
    {
      "mmtc": 45,
      "embb": 42,
      "urllc": 33
    }
  ],
  "mean_rho": null,
  "omega_path": "/home/kmanojp/oranslice_rig/experiments/results/live_campaign_v2/dqn_sla/sla/rep_seed968/omega_log.jsonl",
  "checkpoint_path": "",
  "drift_flag": true,
  "drift_reason": "mean URLLC block rate 36.00/episode exceeds 2x the 1.0/episode acceptance bar",
  "sla_compliance_by_slice": {
    "embb": 1.0,
    "urllc": 1.0,
    "mmtc": 1.0
  },
  "sla_compliance_all_slices": 1.0,
  "sla_compliance_by_slice_per_episode": [
    {
      "embb": 1.0,
      "urllc": 1.0,
      "mmtc": 1.0
    },
    {
      "embb": 1.0,
      "urllc": 1.0,
      "mmtc": 1.0
    }
  ],
  "sla_margin_by_slice": {
    "embb": 0.7349999999702894,
    "urllc": 0.7824738932476862,
    "mmtc": 0.7474998332458956
  },
  "sla_margin_by_slice_per_episode": [
    {
      "embb": 0.7649999999437515,
      "urllc": 0.8649477864953722,
      "mmtc": 0.7949996664917909
    },
    {
      "embb": 0.7049999999968275,
      "urllc": 0.7000000000000004,
      "mmtc": 0.7000000000000004
    }
  ],
  "mean_mos_by_slice": {
    "embb": 2.171145447095235,
    "urllc": 4.287965687115987,
    "mmtc": 4.782610968748728
  },
  "mean_cost": 0.0,
  "mean_sla_viol": 0.0
}
[orchestrator] === dqn_sla rep_seed968 batch 1 (2 episodes, batch_seed=968001, 2/5 done so far) ===
[orchestrator] $ bash /home/kmanojp/oranslice_rig/experiments/scripts/health_check.sh
[health] FAIL: UE1 (embb) unreachable
[health] FAIL: UE2 (mmtc) unreachable
[health] FAIL: UE3 (urllc) unreachable
[orchestrator] health check failed, restarting stack (attempt 1)
[orchestrator] $ bash /home/kmanojp/oranslice_rig/experiments/scripts/restart_ran_stack.sh
[restart] stopping all RAN processes and tmux sessions
/home/kmanojp/oranslice_rig/experiments/scripts/restart_ran_stack.sh: line 23: 599350 Killed                  sudo pkill -9 -f "nr-uesoftmodem" 2> /dev/null
/home/kmanojp/oranslice_rig/experiments/scripts/restart_ran_stack.sh: line 24: 599352 Killed                  sudo pkill -9 -f "nr-softmodem" 2> /dev/null
[restart] confirmed clean: no RAN processes running
[restart] launching gNB
[restart] gNB up, E2 agent alive
[restart] launching UE1 (embb, default netns)
[restart] UE1 attached
[restart] launching UE2 (mmtc, ue2ns)
[restart] UE2 attached
[restart] launching UE3 (urllc, ue3ns)
[restart] UE3 attached
[restart] verifying connectivity all 3 UEs
[restart] SUCCESS: all 3 UEs attached and reachable
[orchestrator] $ bash /home/kmanojp/oranslice_rig/experiments/scripts/health_check.sh
[health] FAIL: UE1 (embb) unreachable
[health] FAIL: UE2 (mmtc) unreachable
[health] FAIL: UE3 (urllc) unreachable
[orchestrator] health check failed, restarting stack (attempt 2)
[orchestrator] $ bash /home/kmanojp/oranslice_rig/experiments/scripts/restart_ran_stack.sh
[restart] stopping all RAN processes and tmux sessions
/home/kmanojp/oranslice_rig/experiments/scripts/restart_ran_stack.sh: line 23: 600286 Killed                  sudo pkill -9 -f "nr-uesoftmodem" 2> /dev/null
/home/kmanojp/oranslice_rig/experiments/scripts/restart_ran_stack.sh: line 24: 600288 Killed                  sudo pkill -9 -f "nr-softmodem" 2> /dev/null
[restart] confirmed clean: no RAN processes running
[restart] launching gNB
[restart] gNB up, E2 agent alive
[restart] launching UE1 (embb, default netns)
[restart] UE1 attached
[restart] launching UE2 (mmtc, ue2ns)
[restart] UE2 attached
[restart] launching UE3 (urllc, ue3ns)
[restart] UE3 attached
[restart] verifying connectivity all 3 UEs
[restart] SUCCESS: all 3 UEs attached and reachable
[orchestrator] $ bash /home/kmanojp/oranslice_rig/experiments/scripts/health_check.sh
[health] FAIL: UE3 (urllc) unreachable
[orchestrator] FATAL: rig unhealthy after max restart attempts, aborting rep
[n128] RETRY 1/3 for arm=dqn_sla seed=968 --  deleting stale partial output first (Stage 11 append-corruption lesson)
=== 11:37:41 DRAIN before arm=dqn_sla seed=968 ===
     rnti=3579: mean=5.00 PRB  max=5.00  n=10
     rnti=26070: mean=5.00 PRB  max=5.00  n=10
     rnti=30834: mean=5.00 PRB  max=5.00  n=10

Done. NEVER send SUBSCRIPTION-type messages: still assert(0!=0) in handle_subscription() on this OAI base (verified 2026-07-14).
=== 11:38:16 RUN arm=dqn_sla seed=968 algo=dqn mode=sla episodes=5 ===
[orchestrator] === dqn_sla rep_seed968 batch 0 (2 episodes, batch_seed=968000, 0/5 done so far) ===
[orchestrator] $ bash /home/kmanojp/oranslice_rig/experiments/scripts/health_check.sh
[health] OK: all 3 UEs reachable, 16 RAN processes alive, no recent segfault
[orchestrator] $ python3 /home/kmanojp/oranslice_rig/framework/qoe_oran_framework/xapp/saclb_xapp.py --config /home/kmanojp/oranslice_rig/experiments/configs/saclb_campaign_v2.yaml --algorithm dqn --checkpoint /home/kmanojp/oranslice_rig/experiments/results/offline_v2/sla/seed256/dqn/offline_closed_loop/rep_0/checkpoint.pt --gnb-id gnb-0 --episodes 2 --seed 968000 --run-id dqn_sla_sla_seed968_batch0 --omega-jsonl /home/kmanojp/oranslice_rig/experiments/results/live_campaign_v2/dqn_sla/sla/rep_seed968/omega_log.jsonl --reward-mode sla
[dqn_sla_sla_seed968_batch0] talking to gNB E2 agent (listen=6600, gNB=6655)...

Omega log: /home/kmanojp/oranslice_rig/experiments/results/live_campaign_v2/dqn_sla/sla/rep_seed968/omega_log.jsonl
{
  "run_id": "dqn_sla_sla_seed968_batch0",
  "algorithm": "dqn",
  "mode": "live_testbed",
  "seed": 968000,
  "n_episodes": 2,
  "mean_reward_per_step": 0.0,
  "mean_blocks_per_episode": 121.0,
  "mean_urllc_blocks_per_episode": 36.0,
  "blocks_per_episode": [
    122,
    120
  ],
  "blocks_per_episode_by_slice": [
    {
      "mmtc": 49,
      "urllc": 39,
      "embb": 34
    },
    {
      "mmtc": 45,
      "embb": 42,
      "urllc": 33
    }
  ],
  "mean_rho": null,
  "omega_path": "/home/kmanojp/oranslice_rig/experiments/results/live_campaign_v2/dqn_sla/sla/rep_seed968/omega_log.jsonl",
  "checkpoint_path": "",
  "drift_flag": true,
  "drift_reason": "mean URLLC block rate 36.00/episode exceeds 2x the 1.0/episode acceptance bar",
  "sla_compliance_by_slice": {
    "embb": 1.0,
    "urllc": 1.0,
    "mmtc": 1.0
  },
  "sla_compliance_all_slices": 1.0,
  "sla_compliance_by_slice_per_episode": [
    {
      "embb": 1.0,
      "urllc": 1.0,
      "mmtc": 1.0
    },
    {
      "embb": 1.0,
      "urllc": 1.0,
      "mmtc": 1.0
    }
  ],
  "sla_margin_by_slice": {
    "embb": 0.7649999996391352,
    "urllc": 0.7049968166555243,
    "mmtc": 0.7224998141474541
  },
  "sla_margin_by_slice_per_episode": [
    {
      "embb": 0.8299999992782701,
      "urllc": 0.7099936333110483,
      "mmtc": 0.7449996282949078
    },
    {
      "embb": 0.7000000000000004,
      "urllc": 0.7000000000000004,
      "mmtc": 0.7000000000000004
    }
  ],
  "mean_mos_by_slice": {
    "embb": 2.1711570541063945,
    "urllc": 4.093573860327402,
    "mmtc": 4.766748495896658
  },
  "mean_cost": 0.0,
  "mean_sla_viol": 0.0
}
[orchestrator] === dqn_sla rep_seed968 batch 1 (2 episodes, batch_seed=968001, 2/5 done so far) ===
[orchestrator] $ bash /home/kmanojp/oranslice_rig/experiments/scripts/health_check.sh
[health] FAIL: UE1 (embb) unreachable
[health] FAIL: UE2 (mmtc) unreachable
[health] FAIL: UE3 (urllc) unreachable
[orchestrator] health check failed, restarting stack (attempt 1)
[orchestrator] $ bash /home/kmanojp/oranslice_rig/experiments/scripts/restart_ran_stack.sh
[restart] stopping all RAN processes and tmux sessions
/home/kmanojp/oranslice_rig/experiments/scripts/restart_ran_stack.sh: line 23: 607092 Killed                  sudo pkill -9 -f "nr-uesoftmodem" 2> /dev/null
/home/kmanojp/oranslice_rig/experiments/scripts/restart_ran_stack.sh: line 24: 607094 Killed                  sudo pkill -9 -f "nr-softmodem" 2> /dev/null
[restart] confirmed clean: no RAN processes running
[restart] launching gNB
[restart] gNB up, E2 agent alive
[restart] launching UE1 (embb, default netns)
[restart] UE1 attached
[restart] launching UE2 (mmtc, ue2ns)
[restart] UE2 attached
[restart] launching UE3 (urllc, ue3ns)
[restart] UE3 attached
[restart] verifying connectivity all 3 UEs
[restart] SUCCESS: all 3 UEs attached and reachable
[orchestrator] $ bash /home/kmanojp/oranslice_rig/experiments/scripts/health_check.sh
[health] OK: all 3 UEs reachable, 16 RAN processes alive, no recent segfault
[orchestrator] $ python3 /home/kmanojp/oranslice_rig/framework/qoe_oran_framework/xapp/saclb_xapp.py --config /home/kmanojp/oranslice_rig/experiments/configs/saclb_campaign_v2.yaml --algorithm dqn --checkpoint /home/kmanojp/oranslice_rig/experiments/results/offline_v2/sla/seed256/dqn/offline_closed_loop/rep_0/checkpoint.pt --gnb-id gnb-0 --episodes 2 --seed 968001 --run-id dqn_sla_sla_seed968_batch1 --omega-jsonl /home/kmanojp/oranslice_rig/experiments/results/live_campaign_v2/dqn_sla/sla/rep_seed968/omega_log.jsonl --reward-mode sla
[dqn_sla_sla_seed968_batch1] talking to gNB E2 agent (listen=6600, gNB=6655)...

Omega log: /home/kmanojp/oranslice_rig/experiments/results/live_campaign_v2/dqn_sla/sla/rep_seed968/omega_log.jsonl
{
  "run_id": "dqn_sla_sla_seed968_batch1",
  "algorithm": "dqn",
  "mode": "live_testbed",
  "seed": 968001,
  "n_episodes": 2,
  "mean_reward_per_step": 0.0,
  "mean_blocks_per_episode": 121.0,
  "mean_urllc_blocks_per_episode": 42.5,
  "blocks_per_episode": [
    122,
    120
  ],
  "blocks_per_episode_by_slice": [
    {
      "mmtc": 44,
      "urllc": 42,
      "embb": 36
    },
    {
      "embb": 40,
      "urllc": 43,
      "mmtc": 37
    }
  ],
  "mean_rho": null,
  "omega_path": "/home/kmanojp/oranslice_rig/experiments/results/live_campaign_v2/dqn_sla/sla/rep_seed968/omega_log.jsonl",
  "checkpoint_path": "",
  "drift_flag": true,
  "drift_reason": "mean URLLC block rate 42.50/episode exceeds 2x the 1.0/episode acceptance bar",
  "sla_compliance_by_slice": {
    "embb": 1.0,
    "urllc": 1.0,
    "mmtc": 1.0
  },
  "sla_compliance_all_slices": 1.0,
  "sla_compliance_by_slice_per_episode": [
    {
      "embb": 1.0,
      "urllc": 1.0,
      "mmtc": 1.0
    },
    {
      "embb": 1.0,
      "urllc": 1.0,
      "mmtc": 1.0
    }
  ],
  "sla_margin_by_slice": {
    "embb": 0.7199999961425305,
    "urllc": 0.7197221500069528,
    "mmtc": 0.7074984681591745
  },
  "sla_margin_by_slice_per_episode": [
    {
      "embb": 0.7399999922850606,
      "urllc": 0.7394443000139053,
      "mmtc": 0.7149969363183485
    },
    {
      "embb": 0.7000000000000004,
      "urllc": 0.7000000000000004,
      "mmtc": 0.7000000000000004
    }
  ],
  "mean_mos_by_slice": {
    "embb": 2.171138209104538,
    "urllc": 3.1761069118976595,
    "mmtc": 4.757497795422872
  },
  "mean_cost": 0.0,
  "mean_sla_viol": 0.0
}
[orchestrator] === dqn_sla rep_seed968 batch 2 (1 episodes, batch_seed=968002, 4/5 done so far) ===
[orchestrator] $ bash /home/kmanojp/oranslice_rig/experiments/scripts/health_check.sh
[health] FAIL: UE1 (embb) unreachable
[health] FAIL: UE2 (mmtc) unreachable
[health] FAIL: UE3 (urllc) unreachable
[orchestrator] health check failed, restarting stack (attempt 1)
[orchestrator] $ bash /home/kmanojp/oranslice_rig/experiments/scripts/restart_ran_stack.sh
[restart] stopping all RAN processes and tmux sessions
/home/kmanojp/oranslice_rig/experiments/scripts/restart_ran_stack.sh: line 23: 612542 Killed                  sudo pkill -9 -f "nr-uesoftmodem" 2> /dev/null
/home/kmanojp/oranslice_rig/experiments/scripts/restart_ran_stack.sh: line 24: 612544 Killed                  sudo pkill -9 -f "nr-softmodem" 2> /dev/null
[restart] confirmed clean: no RAN processes running
[restart] launching gNB
[restart] gNB up, E2 agent alive
[restart] launching UE1 (embb, default netns)
[restart] UE1 attached
[restart] launching UE2 (mmtc, ue2ns)
[restart] UE2 attached
[restart] launching UE3 (urllc, ue3ns)
[restart] UE3 attached
[restart] verifying connectivity all 3 UEs
[restart] SUCCESS: all 3 UEs attached and reachable
[orchestrator] $ bash /home/kmanojp/oranslice_rig/experiments/scripts/health_check.sh
[health] OK: all 3 UEs reachable, 16 RAN processes alive, no recent segfault
[orchestrator] $ python3 /home/kmanojp/oranslice_rig/framework/qoe_oran_framework/xapp/saclb_xapp.py --config /home/kmanojp/oranslice_rig/experiments/configs/saclb_campaign_v2.yaml --algorithm dqn --checkpoint /home/kmanojp/oranslice_rig/experiments/results/offline_v2/sla/seed256/dqn/offline_closed_loop/rep_0/checkpoint.pt --gnb-id gnb-0 --episodes 1 --seed 968002 --run-id dqn_sla_sla_seed968_batch2 --omega-jsonl /home/kmanojp/oranslice_rig/experiments/results/live_campaign_v2/dqn_sla/sla/rep_seed968/omega_log.jsonl --reward-mode sla
[dqn_sla_sla_seed968_batch2] talking to gNB E2 agent (listen=6600, gNB=6655)...

Omega log: /home/kmanojp/oranslice_rig/experiments/results/live_campaign_v2/dqn_sla/sla/rep_seed968/omega_log.jsonl
{
  "run_id": "dqn_sla_sla_seed968_batch2",
  "algorithm": "dqn",
  "mode": "live_testbed",
  "seed": 968002,
  "n_episodes": 1,
  "mean_reward_per_step": 0.0,
  "mean_blocks_per_episode": 122.0,
  "mean_urllc_blocks_per_episode": 49.0,
  "blocks_per_episode": [
    122
  ],
  "blocks_per_episode_by_slice": [
    {
      "mmtc": 43,
      "urllc": 49,
      "embb": 30
    }
  ],
  "mean_rho": null,
  "omega_path": "/home/kmanojp/oranslice_rig/experiments/results/live_campaign_v2/dqn_sla/sla/rep_seed968/omega_log.jsonl",
  "checkpoint_path": "",
  "drift_flag": true,
  "drift_reason": "mean URLLC block rate 49.00/episode exceeds 2x the 1.0/episode acceptance bar",
  "sla_compliance_by_slice": {
    "embb": 1.0,
    "urllc": 1.0,
    "mmtc": 1.0
  },
  "sla_compliance_all_slices": 1.0,
  "sla_compliance_by_slice_per_episode": [
    {
      "embb": 1.0,
      "urllc": 1.0,
      "mmtc": 1.0
    }
  ],
  "sla_margin_by_slice": {
    "embb": 0.7549999925366774,
    "urllc": 0.7395498830297346,
    "mmtc": 0.7149975184179636
  },
  "sla_margin_by_slice_per_episode": [
    {
      "embb": 0.7549999925366774,
      "urllc": 0.7395498830297346,
      "mmtc": 0.7149975184179636
    }
  ],
  "mean_mos_by_slice": {
    "embb": 2.171092212200165,
    "urllc": 3.500833316644033,
    "mmtc": 4.761985794703166
  },
  "mean_cost": 0.0,
  "mean_sla_viol": 0.0
}
[orchestrator] DONE: 5/5 episodes completed for dqn_sla rep_seed968. omega log: /home/kmanojp/oranslice_rig/experiments/results/live_campaign_v2/dqn_sla/sla/rep_seed968/omega_log.jsonl
=== 12:07:01 DONE arm=dqn_sla seed=968 (2695s, 2 attempt(s)) ===
=== 12:07:01 DRAIN before arm=dqn_qoe seed=968 ===
     rnti=684: mean=5.00 PRB  max=5.00  n=10
     rnti=12086: mean=5.00 PRB  max=5.00  n=10
     rnti=42338: mean=5.00 PRB  max=5.00  n=10

Done. NEVER send SUBSCRIPTION-type messages: still assert(0!=0) in handle_subscription() on this OAI base (verified 2026-07-14).
=== 12:07:36 RUN arm=dqn_qoe seed=968 algo=dqn mode=qoe episodes=5 ===
[orchestrator] === dqn_qoe rep_seed968 batch 0 (2 episodes, batch_seed=968000, 0/5 done so far) ===
[orchestrator] $ bash /home/kmanojp/oranslice_rig/experiments/scripts/health_check.sh
[health] OK: all 3 UEs reachable, 16 RAN processes alive, no recent segfault
[orchestrator] $ python3 /home/kmanojp/oranslice_rig/framework/qoe_oran_framework/xapp/saclb_xapp.py --config /home/kmanojp/oranslice_rig/experiments/configs/saclb_campaign_v2.yaml --algorithm dqn --checkpoint /home/kmanojp/oranslice_rig/experiments/results/offline_v2/qoe/seed256/dqn/offline_closed_loop/rep_0/checkpoint.pt --gnb-id gnb-0 --episodes 2 --seed 968000 --run-id dqn_qoe_qoe_seed968_batch0 --omega-jsonl /home/kmanojp/oranslice_rig/experiments/results/live_campaign_v2/dqn_qoe/qoe/rep_seed968/omega_log.jsonl --reward-mode qoe
[dqn_qoe_qoe_seed968_batch0] talking to gNB E2 agent (listen=6600, gNB=6655)...

Omega log: /home/kmanojp/oranslice_rig/experiments/results/live_campaign_v2/dqn_qoe/qoe/rep_seed968/omega_log.jsonl
{
  "run_id": "dqn_qoe_qoe_seed968_batch0",
  "algorithm": "dqn",
  "mode": "live_testbed",
  "seed": 968000,
  "n_episodes": 2,
  "mean_reward_per_step": 0.6715225216348966,
  "mean_blocks_per_episode": 88.0,
  "mean_urllc_blocks_per_episode": 25.0,
  "blocks_per_episode": [
    56,
    120
  ],
  "blocks_per_episode_by_slice": [
    {
      "urllc": 17,
      "embb": 12,
      "mmtc": 27
    },
    {
      "mmtc": 45,
      "embb": 42,
      "urllc": 33
    }
  ],
  "mean_rho": null,
  "omega_path": "/home/kmanojp/oranslice_rig/experiments/results/live_campaign_v2/dqn_qoe/qoe/rep_seed968/omega_log.jsonl",
  "checkpoint_path": "",
  "drift_flag": true,
  "drift_reason": "mean URLLC block rate 25.00/episode exceeds 2x the 1.0/episode acceptance bar",
  "sla_compliance_by_slice": {
    "embb": 1.0,
    "urllc": 1.0,
    "mmtc": 1.0
  },
  "sla_compliance_all_slices": 1.0,
  "sla_compliance_by_slice_per_episode": [
    {
      "embb": 1.0,
      "urllc": 1.0,
      "mmtc": 1.0
    },
    {
      "embb": 1.0,
      "urllc": 1.0,
      "mmtc": 1.0
    }
  ],
  "sla_margin_by_slice": {
    "embb": 0.9924999999833723,
    "urllc": 0.779986963482965,
    "mmtc": 0.7799997735807005
  },
  "sla_margin_by_slice_per_episode": [
    {
      "embb": 0.9999999999667446,
      "urllc": 0.8599739269659296,
      "mmtc": 0.8599995471614006
    },
    {
      "embb": 0.9850000000000001,
      "urllc": 0.7000000000000004,
      "mmtc": 0.7000000000000004
    }
  ],
  "mean_mos_by_slice": {
    "embb": 2.1712669670581817,
    "urllc": 4.281731442610423,
    "mmtc": 4.803271849950154
  },
  "mean_cost": 0.08250000000000002,
  "mean_sla_viol": 0.0
}
[orchestrator] === dqn_qoe rep_seed968 batch 1 (2 episodes, batch_seed=968001, 2/5 done so far) ===
[orchestrator] $ bash /home/kmanojp/oranslice_rig/experiments/scripts/health_check.sh
[health] FAIL: UE1 (embb) unreachable
[health] FAIL: UE2 (mmtc) unreachable
[health] FAIL: UE3 (urllc) unreachable
[orchestrator] health check failed, restarting stack (attempt 1)
[orchestrator] $ bash /home/kmanojp/oranslice_rig/experiments/scripts/restart_ran_stack.sh
[restart] stopping all RAN processes and tmux sessions
/home/kmanojp/oranslice_rig/experiments/scripts/restart_ran_stack.sh: line 23: 620575 Killed                  sudo pkill -9 -f "nr-uesoftmodem" 2> /dev/null
/home/kmanojp/oranslice_rig/experiments/scripts/restart_ran_stack.sh: line 24: 620584 Killed                  sudo pkill -9 -f "nr-softmodem" 2> /dev/null
[restart] confirmed clean: no RAN processes running
[restart] launching gNB
[restart] gNB up, E2 agent alive
[restart] launching UE1 (embb, default netns)
[restart] UE1 attached
[restart] launching UE2 (mmtc, ue2ns)
[restart] UE2 attached
[restart] launching UE3 (urllc, ue3ns)
[restart] UE3 attached
[restart] verifying connectivity all 3 UEs
[restart] SUCCESS: all 3 UEs attached and reachable
[orchestrator] $ bash /home/kmanojp/oranslice_rig/experiments/scripts/health_check.sh
[health] OK: all 3 UEs reachable, 16 RAN processes alive, no recent segfault
[orchestrator] $ python3 /home/kmanojp/oranslice_rig/framework/qoe_oran_framework/xapp/saclb_xapp.py --config /home/kmanojp/oranslice_rig/experiments/configs/saclb_campaign_v2.yaml --algorithm dqn --checkpoint /home/kmanojp/oranslice_rig/experiments/results/offline_v2/qoe/seed256/dqn/offline_closed_loop/rep_0/checkpoint.pt --gnb-id gnb-0 --episodes 2 --seed 968001 --run-id dqn_qoe_qoe_seed968_batch1 --omega-jsonl /home/kmanojp/oranslice_rig/experiments/results/live_campaign_v2/dqn_qoe/qoe/rep_seed968/omega_log.jsonl --reward-mode qoe
[dqn_qoe_qoe_seed968_batch1] talking to gNB E2 agent (listen=6600, gNB=6655)...

Omega log: /home/kmanojp/oranslice_rig/experiments/results/live_campaign_v2/dqn_qoe/qoe/rep_seed968/omega_log.jsonl
{
  "run_id": "dqn_qoe_qoe_seed968_batch1",
  "algorithm": "dqn",
  "mode": "live_testbed",
  "seed": 968001,
  "n_episodes": 2,
  "mean_reward_per_step": 0.57866524950001,
  "mean_blocks_per_episode": 115.0,
  "mean_urllc_blocks_per_episode": 39.5,
  "blocks_per_episode": [
    110,
    120
  ],
  "blocks_per_episode_by_slice": [
    {
      "mmtc": 41,
      "embb": 33,
      "urllc": 36
    },
    {
      "embb": 40,
      "urllc": 43,
      "mmtc": 37
    }
  ],
  "mean_rho": null,
  "omega_path": "/home/kmanojp/oranslice_rig/experiments/results/live_campaign_v2/dqn_qoe/qoe/rep_seed968/omega_log.jsonl",
  "checkpoint_path": "",
  "drift_flag": true,
  "drift_reason": "mean URLLC block rate 39.50/episode exceeds 2x the 1.0/episode acceptance bar",
  "sla_compliance_by_slice": {
    "embb": 1.0,
    "urllc": 1.0,
    "mmtc": 1.0
  },
  "sla_compliance_all_slices": 1.0,
  "sla_compliance_by_slice_per_episode": [
    {
      "embb": 1.0,
      "urllc": 1.0,
      "mmtc": 1.0
    },
    {
      "embb": 1.0,
      "urllc": 1.0,
      "mmtc": 1.0
    }
  ],
  "sla_margin_by_slice": {
    "embb": 0.7349999973077765,
    "urllc": 0.7196912777734303,
    "mmtc": 0.7074988832881393
  },
  "sla_margin_by_slice_per_episode": [
    {
      "embb": 0.7699999946155528,
      "urllc": 0.7393825555468604,
      "mmtc": 0.7149977665762781
    },
    {
      "embb": 0.7000000000000004,
      "urllc": 0.7000000000000004,
      "mmtc": 0.7000000000000004
    }
  ],
  "mean_mos_by_slice": {
    "embb": 2.17114449540774,
    "urllc": 3.0514283378918967,
    "mmtc": 4.75741016070048
  },
  "mean_cost": 0.015000000000000003,
  "mean_sla_viol": 0.0
}
[orchestrator] === dqn_qoe rep_seed968 batch 2 (1 episodes, batch_seed=968002, 4/5 done so far) ===
[orchestrator] $ bash /home/kmanojp/oranslice_rig/experiments/scripts/health_check.sh
[health] FAIL: UE1 (embb) unreachable
[health] FAIL: UE2 (mmtc) unreachable
[health] FAIL: UE3 (urllc) unreachable
[orchestrator] health check failed, restarting stack (attempt 1)
[orchestrator] $ bash /home/kmanojp/oranslice_rig/experiments/scripts/restart_ran_stack.sh
[restart] stopping all RAN processes and tmux sessions
/home/kmanojp/oranslice_rig/experiments/scripts/restart_ran_stack.sh: line 23: 626010 Killed                  sudo pkill -9 -f "nr-uesoftmodem" 2> /dev/null
/home/kmanojp/oranslice_rig/experiments/scripts/restart_ran_stack.sh: line 24: 626012 Killed                  sudo pkill -9 -f "nr-softmodem" 2> /dev/null
[restart] confirmed clean: no RAN processes running
[restart] launching gNB
[restart] gNB up, E2 agent alive
[restart] launching UE1 (embb, default netns)
[restart] UE1 attached
[restart] launching UE2 (mmtc, ue2ns)
[restart] UE2 attached
[restart] launching UE3 (urllc, ue3ns)
[restart] UE3 attached
[restart] verifying connectivity all 3 UEs
[restart] SUCCESS: all 3 UEs attached and reachable
[orchestrator] $ bash /home/kmanojp/oranslice_rig/experiments/scripts/health_check.sh
[health] OK: all 3 UEs reachable, 16 RAN processes alive, no recent segfault
[orchestrator] $ python3 /home/kmanojp/oranslice_rig/framework/qoe_oran_framework/xapp/saclb_xapp.py --config /home/kmanojp/oranslice_rig/experiments/configs/saclb_campaign_v2.yaml --algorithm dqn --checkpoint /home/kmanojp/oranslice_rig/experiments/results/offline_v2/qoe/seed256/dqn/offline_closed_loop/rep_0/checkpoint.pt --gnb-id gnb-0 --episodes 1 --seed 968002 --run-id dqn_qoe_qoe_seed968_batch2 --omega-jsonl /home/kmanojp/oranslice_rig/experiments/results/live_campaign_v2/dqn_qoe/qoe/rep_seed968/omega_log.jsonl --reward-mode qoe
[dqn_qoe_qoe_seed968_batch2] talking to gNB E2 agent (listen=6600, gNB=6655)...

Omega log: /home/kmanojp/oranslice_rig/experiments/results/live_campaign_v2/dqn_qoe/qoe/rep_seed968/omega_log.jsonl
{
  "run_id": "dqn_qoe_qoe_seed968_batch2",
  "algorithm": "dqn",
  "mode": "live_testbed",
  "seed": 968002,
  "n_episodes": 1,
  "mean_reward_per_step": 0.5887221360471515,
  "mean_blocks_per_episode": 109.0,
  "mean_urllc_blocks_per_episode": 38.0,
  "blocks_per_episode": [
    109
  ],
  "blocks_per_episode_by_slice": [
    {
      "mmtc": 42,
      "urllc": 38,
      "embb": 29
    }
  ],
  "mean_rho": null,
  "omega_path": "/home/kmanojp/oranslice_rig/experiments/results/live_campaign_v2/dqn_qoe/qoe/rep_seed968/omega_log.jsonl",
  "checkpoint_path": "",
  "drift_flag": true,
  "drift_reason": "mean URLLC block rate 38.00/episode exceeds 2x the 1.0/episode acceptance bar",
  "sla_compliance_by_slice": {
    "embb": 1.0,
    "urllc": 1.0,
    "mmtc": 1.0
  },
  "sla_compliance_all_slices": 1.0,
  "sla_compliance_by_slice_per_episode": [
    {
      "embb": 1.0,
      "urllc": 1.0,
      "mmtc": 1.0
    }
  ],
  "sla_margin_by_slice": {
    "embb": 0.7599999928342226,
    "urllc": 0.7295794702786956,
    "mmtc": 0.7199955394672555
  },
  "sla_margin_by_slice_per_episode": [
    {
      "embb": 0.7599999928342226,
      "urllc": 0.7295794702786956,
      "mmtc": 0.7199955394672555
    }
  ],
  "mean_mos_by_slice": {
    "embb": 2.1710942943890887,
    "urllc": 3.2063082416852313,
    "mmtc": 4.765263096491496
  },
  "mean_cost": 0.0325,
  "mean_sla_viol": 0.0
}
[orchestrator] DONE: 5/5 episodes completed for dqn_qoe rep_seed968. omega log: /home/kmanojp/oranslice_rig/experiments/results/live_campaign_v2/dqn_qoe/qoe/rep_seed968/omega_log.jsonl
=== 12:36:21 DONE arm=dqn_qoe seed=968 (1760s, 1 attempt(s)) ===
=== seed=969 episodes=5 arm_order=baseline dqn_sla dqn_qoe static_at_cap ===
=== 12:36:21 DRAIN before arm=baseline seed=969 ===
     rnti=38670: mean=5.00 PRB  max=5.00  n=10
     rnti=43807: mean=5.00 PRB  max=5.00  n=10
     rnti=63925: mean=5.00 PRB  max=5.00  n=10

Done. NEVER send SUBSCRIPTION-type messages: still assert(0!=0) in handle_subscription() on this OAI base (verified 2026-07-14).
=== 12:36:56 RUN arm=baseline seed=969 algo=baseline_static mode=sla episodes=5 ===
[orchestrator] === baseline rep_seed969 batch 0 (2 episodes, batch_seed=969000, 0/5 done so far) ===
[orchestrator] $ bash /home/kmanojp/oranslice_rig/experiments/scripts/health_check.sh
[health] OK: all 3 UEs reachable, 16 RAN processes alive, no recent segfault
[orchestrator] $ python3 /home/kmanojp/oranslice_rig/experiments/scripts/run_baseline_static.py --config /home/kmanojp/oranslice_rig/experiments/configs/saclb_campaign_baseline_v2.yaml --gnb-id gnb-0 --episodes 2 --seed 969000 --run-id baseline_sla_seed969_batch0 --omega-jsonl /home/kmanojp/oranslice_rig/experiments/results/live_campaign_v2/baseline/sla/rep_seed969/omega_log.jsonl --reward-mode sla
[baseline_sla_seed969_batch0] baseline_static: talking to gNB E2 agent (listen=6600, gNB=6655)...

Omega log: /home/kmanojp/oranslice_rig/experiments/results/live_campaign_v2/baseline/sla/rep_seed969/omega_log.jsonl
{
  "run_id": "baseline_sla_seed969_batch0",
  "algorithm": "baseline_static",
  "mode": "live_testbed",
  "seed": 969000,
  "n_episodes": 2,
  "mean_reward_per_step": 5.419583333333334,
  "mean_blocks_per_episode": 0.0,
  "mean_urllc_blocks_per_episode": 0.0,
  "blocks_per_episode": [
    0,
    0
  ],
  "blocks_per_episode_by_slice": [
    {},
    {}
  ],
  "mean_rho": null,
  "omega_path": "/home/kmanojp/oranslice_rig/experiments/results/live_campaign_v2/baseline/sla/rep_seed969/omega_log.jsonl",
  "checkpoint_path": "",
  "drift_flag": false,
  "drift_reason": "",
  "sla_compliance_by_slice": {
    "embb": 1.0,
    "urllc": 1.0,
    "mmtc": 1.0
  },
  "sla_compliance_all_slices": 1.0,
  "sla_compliance_by_slice_per_episode": [
    {
      "embb": 1.0,
      "urllc": 1.0,
      "mmtc": 1.0
    },
    {
      "embb": 1.0,
      "urllc": 1.0,
      "mmtc": 1.0
    }
  ],
  "sla_margin_by_slice": {
    "embb": 0.7699999998959945,
    "urllc": 0.7624827186776513,
    "mmtc": 0.8024995094573062
  },
  "sla_margin_by_slice_per_episode": [
    {
      "embb": 0.8399999997919887,
      "urllc": 0.824965437355302,
      "mmtc": 0.9049990189146121
    },
    {
      "embb": 0.7000000000000004,
      "urllc": 0.7000000000000004,
      "mmtc": 0.7000000000000004
    }
  ],
  "mean_mos_by_slice": {
    "embb": 2.1711591482162476,
    "urllc": 4.23781461318334,
    "mmtc": 4.817579905192058
  },
  "mean_cost": 0.3025,
  "mean_sla_viol": 0.0
}
[orchestrator] === baseline rep_seed969 batch 1 (2 episodes, batch_seed=969001, 2/5 done so far) ===
[orchestrator] $ bash /home/kmanojp/oranslice_rig/experiments/scripts/health_check.sh
[health] FAIL: UE1 (embb) unreachable
[health] FAIL: UE2 (mmtc) unreachable
[health] FAIL: UE3 (urllc) unreachable
[orchestrator] health check failed, restarting stack (attempt 1)
[orchestrator] $ bash /home/kmanojp/oranslice_rig/experiments/scripts/restart_ran_stack.sh
[restart] stopping all RAN processes and tmux sessions
/home/kmanojp/oranslice_rig/experiments/scripts/restart_ran_stack.sh: line 23: 634156 Killed                  sudo pkill -9 -f "nr-uesoftmodem" 2> /dev/null
/home/kmanojp/oranslice_rig/experiments/scripts/restart_ran_stack.sh: line 24: 634158 Killed                  sudo pkill -9 -f "nr-softmodem" 2> /dev/null
[restart] confirmed clean: no RAN processes running
[restart] launching gNB
[restart] gNB up, E2 agent alive
[restart] launching UE1 (embb, default netns)
[restart] UE1 attached
[restart] launching UE2 (mmtc, ue2ns)
[restart] UE2 attached
[restart] launching UE3 (urllc, ue3ns)
[restart] UE3 attached
[restart] verifying connectivity all 3 UEs
[restart] SUCCESS: all 3 UEs attached and reachable
[orchestrator] $ bash /home/kmanojp/oranslice_rig/experiments/scripts/health_check.sh
[health] FAIL: UE1 (embb) unreachable
[orchestrator] health check failed, restarting stack (attempt 2)
[orchestrator] $ bash /home/kmanojp/oranslice_rig/experiments/scripts/restart_ran_stack.sh
[restart] stopping all RAN processes and tmux sessions
/home/kmanojp/oranslice_rig/experiments/scripts/restart_ran_stack.sh: line 23: 635069 Killed                  sudo pkill -9 -f "nr-uesoftmodem" 2> /dev/null
/home/kmanojp/oranslice_rig/experiments/scripts/restart_ran_stack.sh: line 24: 635071 Killed                  sudo pkill -9 -f "nr-softmodem" 2> /dev/null
[restart] confirmed clean: no RAN processes running
[restart] launching gNB
[restart] gNB up, E2 agent alive
[restart] launching UE1 (embb, default netns)
[restart] UE1 attached
[restart] launching UE2 (mmtc, ue2ns)
[restart] UE2 attached
[restart] launching UE3 (urllc, ue3ns)
[restart] UE3 attached
[restart] verifying connectivity all 3 UEs
[restart] SUCCESS: all 3 UEs attached and reachable
[orchestrator] $ bash /home/kmanojp/oranslice_rig/experiments/scripts/health_check.sh
[health] OK: all 3 UEs reachable, 16 RAN processes alive, no recent segfault
[orchestrator] $ python3 /home/kmanojp/oranslice_rig/experiments/scripts/run_baseline_static.py --config /home/kmanojp/oranslice_rig/experiments/configs/saclb_campaign_baseline_v2.yaml --gnb-id gnb-0 --episodes 2 --seed 969001 --run-id baseline_sla_seed969_batch1 --omega-jsonl /home/kmanojp/oranslice_rig/experiments/results/live_campaign_v2/baseline/sla/rep_seed969/omega_log.jsonl --reward-mode sla
[baseline_sla_seed969_batch1] baseline_static: talking to gNB E2 agent (listen=6600, gNB=6655)...

Omega log: /home/kmanojp/oranslice_rig/experiments/results/live_campaign_v2/baseline/sla/rep_seed969/omega_log.jsonl
{
  "run_id": "baseline_sla_seed969_batch1",
  "algorithm": "baseline_static",
  "mode": "live_testbed",
  "seed": 969001,
  "n_episodes": 2,
  "mean_reward_per_step": 5.637083333333335,
  "mean_blocks_per_episode": 0.0,
  "mean_urllc_blocks_per_episode": 0.0,
  "blocks_per_episode": [
    0,
    0
  ],
  "blocks_per_episode_by_slice": [
    {},
    {}
  ],
  "mean_rho": null,
  "omega_path": "/home/kmanojp/oranslice_rig/experiments/results/live_campaign_v2/baseline/sla/rep_seed969/omega_log.jsonl",
  "checkpoint_path": "",
  "drift_flag": false,
  "drift_reason": "",
  "sla_compliance_by_slice": {
    "embb": 1.0,
    "urllc": 1.0,
    "mmtc": 1.0
  },
  "sla_compliance_all_slices": 1.0,
  "sla_compliance_by_slice_per_episode": [
    {
      "embb": 1.0,
      "urllc": 1.0,
      "mmtc": 1.0
    },
    {
      "embb": 1.0,
      "urllc": 1.0,
      "mmtc": 1.0
    }
  ],
  "sla_margin_by_slice": {
    "embb": 0.7399999889023678,
    "urllc": 0.7171986945198543,
    "mmtc": 0.7074984681591745
  },
  "sla_margin_by_slice_per_episode": [
    {
      "embb": 0.7799999778047352,
      "urllc": 0.7343973890397082,
      "mmtc": 0.7149969363183485
    },
    {
      "embb": 0.7000000000000004,
      "urllc": 0.7000000000000004,
      "mmtc": 0.7000000000000004
    }
  ],
  "mean_mos_by_slice": {
    "embb": 2.1711466034253437,
    "urllc": 2.9143561164538068,
    "mmtc": 4.757497795422872
  },
  "mean_cost": 0.3025,
  "mean_sla_viol": 0.0
}
[orchestrator] === baseline rep_seed969 batch 2 (1 episodes, batch_seed=969002, 4/5 done so far) ===
[orchestrator] $ bash /home/kmanojp/oranslice_rig/experiments/scripts/health_check.sh
[health] FAIL: UE1 (embb) unreachable
[health] FAIL: UE2 (mmtc) unreachable
[health] FAIL: UE3 (urllc) unreachable
[orchestrator] health check failed, restarting stack (attempt 1)
[orchestrator] $ bash /home/kmanojp/oranslice_rig/experiments/scripts/restart_ran_stack.sh
[restart] stopping all RAN processes and tmux sessions
/home/kmanojp/oranslice_rig/experiments/scripts/restart_ran_stack.sh: line 23: 640484 Killed                  sudo pkill -9 -f "nr-uesoftmodem" 2> /dev/null
/home/kmanojp/oranslice_rig/experiments/scripts/restart_ran_stack.sh: line 24: 640486 Killed                  sudo pkill -9 -f "nr-softmodem" 2> /dev/null
[restart] confirmed clean: no RAN processes running
[restart] launching gNB
[restart] gNB up, E2 agent alive
[restart] launching UE1 (embb, default netns)
[restart] UE1 attached
[restart] launching UE2 (mmtc, ue2ns)
[restart] UE2 attached
[restart] launching UE3 (urllc, ue3ns)
[restart] UE3 attached
[restart] verifying connectivity all 3 UEs
[restart] SUCCESS: all 3 UEs attached and reachable
[orchestrator] $ bash /home/kmanojp/oranslice_rig/experiments/scripts/health_check.sh
[health] OK: all 3 UEs reachable, 16 RAN processes alive, no recent segfault
[orchestrator] $ python3 /home/kmanojp/oranslice_rig/experiments/scripts/run_baseline_static.py --config /home/kmanojp/oranslice_rig/experiments/configs/saclb_campaign_baseline_v2.yaml --gnb-id gnb-0 --episodes 1 --seed 969002 --run-id baseline_sla_seed969_batch2 --omega-jsonl /home/kmanojp/oranslice_rig/experiments/results/live_campaign_v2/baseline/sla/rep_seed969/omega_log.jsonl --reward-mode sla
[baseline_sla_seed969_batch2] baseline_static: talking to gNB E2 agent (listen=6600, gNB=6655)...

Omega log: /home/kmanojp/oranslice_rig/experiments/results/live_campaign_v2/baseline/sla/rep_seed969/omega_log.jsonl
{
  "run_id": "baseline_sla_seed969_batch2",
  "algorithm": "baseline_static",
  "mode": "live_testbed",
  "seed": 969002,
  "n_episodes": 1,
  "mean_reward_per_step": 5.124166666666668,
  "mean_blocks_per_episode": 0.0,
  "mean_urllc_blocks_per_episode": 0.0,
  "blocks_per_episode": [
    0
  ],
  "blocks_per_episode_by_slice": [
    {}
  ],
  "mean_rho": null,
  "omega_path": "/home/kmanojp/oranslice_rig/experiments/results/live_campaign_v2/baseline/sla/rep_seed969/omega_log.jsonl",
  "checkpoint_path": "",
  "drift_flag": false,
  "drift_reason": "",
  "sla_compliance_by_slice": {
    "embb": 1.0,
    "urllc": 1.0,
    "mmtc": 1.0
  },
  "sla_compliance_all_slices": 1.0,
  "sla_compliance_by_slice_per_episode": [
    {
      "embb": 1.0,
      "urllc": 1.0,
      "mmtc": 1.0
    }
  ],
  "sla_margin_by_slice": {
    "embb": 0.7799999867009715,
    "urllc": 0.7344576501427224,
    "mmtc": 0.7249938700280233
  },
  "sla_margin_by_slice_per_episode": [
    {
      "embb": 0.7799999867009715,
      "urllc": 0.7344576501427224,
      "mmtc": 0.7249938700280233
    }
  ],
  "mean_mos_by_slice": {
    "embb": 2.1711026787757874,
    "urllc": 3.0914410829544066,
    "mmtc": 4.76848193804423
  },
  "mean_cost": 0.3050000000000001,
  "mean_sla_viol": 0.0
}
[orchestrator] DONE: 5/5 episodes completed for baseline rep_seed969. omega log: /home/kmanojp/oranslice_rig/experiments/results/live_campaign_v2/baseline/sla/rep_seed969/omega_log.jsonl
=== 13:07:03 DONE arm=baseline seed=969 (1842s, 1 attempt(s)) ===
=== 13:07:03 DRAIN before arm=dqn_sla seed=969 ===
     rnti=5321: mean=5.00 PRB  max=5.00  n=10
     rnti=6272: mean=5.00 PRB  max=5.00  n=10
     rnti=47905: mean=5.00 PRB  max=5.00  n=10

Done. NEVER send SUBSCRIPTION-type messages: still assert(0!=0) in handle_subscription() on this OAI base (verified 2026-07-14).
=== 13:07:38 RUN arm=dqn_sla seed=969 algo=dqn mode=sla episodes=5 ===
[orchestrator] === dqn_sla rep_seed969 batch 0 (2 episodes, batch_seed=969000, 0/5 done so far) ===
[orchestrator] $ bash /home/kmanojp/oranslice_rig/experiments/scripts/health_check.sh
[health] OK: all 3 UEs reachable, 16 RAN processes alive, no recent segfault
[orchestrator] $ python3 /home/kmanojp/oranslice_rig/framework/qoe_oran_framework/xapp/saclb_xapp.py --config /home/kmanojp/oranslice_rig/experiments/configs/saclb_campaign_v2.yaml --algorithm dqn --checkpoint /home/kmanojp/oranslice_rig/experiments/results/offline_v2/sla/seed256/dqn/offline_closed_loop/rep_0/checkpoint.pt --gnb-id gnb-0 --episodes 2 --seed 969000 --run-id dqn_sla_sla_seed969_batch0 --omega-jsonl /home/kmanojp/oranslice_rig/experiments/results/live_campaign_v2/dqn_sla/sla/rep_seed969/omega_log.jsonl --reward-mode sla
[dqn_sla_sla_seed969_batch0] talking to gNB E2 agent (listen=6600, gNB=6655)...

Omega log: /home/kmanojp/oranslice_rig/experiments/results/live_campaign_v2/dqn_sla/sla/rep_seed969/omega_log.jsonl
{
  "run_id": "dqn_sla_sla_seed969_batch0",
  "algorithm": "dqn",
  "mode": "live_testbed",
  "seed": 969000,
  "n_episodes": 2,
  "mean_reward_per_step": 0.0,
  "mean_blocks_per_episode": 121.0,
  "mean_urllc_blocks_per_episode": 39.0,
  "blocks_per_episode": [
    122,
    120
  ],
  "blocks_per_episode_by_slice": [
    {
      "mmtc": 42,
      "urllc": 32,
      "embb": 48
    },
    {
      "urllc": 46,
      "mmtc": 39,
      "embb": 35
    }
  ],
  "mean_rho": null,
  "omega_path": "/home/kmanojp/oranslice_rig/experiments/results/live_campaign_v2/dqn_sla/sla/rep_seed969/omega_log.jsonl",
  "checkpoint_path": "",
  "drift_flag": true,
  "drift_reason": "mean URLLC block rate 39.00/episode exceeds 2x the 1.0/episode acceptance bar",
  "sla_compliance_by_slice": {
    "embb": 1.0,
    "urllc": 1.0,
    "mmtc": 1.0
  },
  "sla_compliance_all_slices": 1.0,
  "sla_compliance_by_slice_per_episode": [
    {
      "embb": 1.0,
      "urllc": 1.0,
      "mmtc": 1.0
    },
    {
      "embb": 1.0,
      "urllc": 1.0,
      "mmtc": 1.0
    }
  ],
  "sla_margin_by_slice": {
    "embb": 0.7974999998017237,
    "urllc": 0.7674813483525342,
    "mmtc": 0.779999654901236
  },
  "sla_margin_by_slice_per_episode": [
    {
      "embb": 0.894999999603447,
      "urllc": 0.834962696705068,
      "mmtc": 0.8599993098024716
    },
    {
      "embb": 0.7000000000000004,
      "urllc": 0.7000000000000004,
      "mmtc": 0.7000000000000004
    }
  ],
  "mean_mos_by_slice": {
    "embb": 2.1711706658204397,
    "urllc": 4.250354778766632,
    "mmtc": 4.80327437321345
  },
  "mean_cost": 0.0,
  "mean_sla_viol": 0.0
}
[orchestrator] === dqn_sla rep_seed969 batch 1 (2 episodes, batch_seed=969001, 2/5 done so far) ===
[orchestrator] $ bash /home/kmanojp/oranslice_rig/experiments/scripts/health_check.sh
[health] FAIL: UE1 (embb) unreachable
[health] FAIL: UE2 (mmtc) unreachable
[health] FAIL: UE3 (urllc) unreachable
[orchestrator] health check failed, restarting stack (attempt 1)
[orchestrator] $ bash /home/kmanojp/oranslice_rig/experiments/scripts/restart_ran_stack.sh
[restart] stopping all RAN processes and tmux sessions
/home/kmanojp/oranslice_rig/experiments/scripts/restart_ran_stack.sh: line 23: 648502 Killed                  sudo pkill -9 -f "nr-uesoftmodem" 2> /dev/null
/home/kmanojp/oranslice_rig/experiments/scripts/restart_ran_stack.sh: line 24: 648504 Killed                  sudo pkill -9 -f "nr-softmodem" 2> /dev/null
[restart] confirmed clean: no RAN processes running
[restart] launching gNB
[restart] gNB up, E2 agent alive
[restart] launching UE1 (embb, default netns)
[restart] UE1 attached
[restart] launching UE2 (mmtc, ue2ns)
[restart] UE2 attached
[restart] launching UE3 (urllc, ue3ns)
[restart] UE3 attached
[restart] verifying connectivity all 3 UEs
[restart] SUCCESS: all 3 UEs attached and reachable
[orchestrator] $ bash /home/kmanojp/oranslice_rig/experiments/scripts/health_check.sh
[health] OK: all 3 UEs reachable, 16 RAN processes alive, no recent segfault
[orchestrator] $ python3 /home/kmanojp/oranslice_rig/framework/qoe_oran_framework/xapp/saclb_xapp.py --config /home/kmanojp/oranslice_rig/experiments/configs/saclb_campaign_v2.yaml --algorithm dqn --checkpoint /home/kmanojp/oranslice_rig/experiments/results/offline_v2/sla/seed256/dqn/offline_closed_loop/rep_0/checkpoint.pt --gnb-id gnb-0 --episodes 2 --seed 969001 --run-id dqn_sla_sla_seed969_batch1 --omega-jsonl /home/kmanojp/oranslice_rig/experiments/results/live_campaign_v2/dqn_sla/sla/rep_seed969/omega_log.jsonl --reward-mode sla
[dqn_sla_sla_seed969_batch1] talking to gNB E2 agent (listen=6600, gNB=6655)...

Omega log: /home/kmanojp/oranslice_rig/experiments/results/live_campaign_v2/dqn_sla/sla/rep_seed969/omega_log.jsonl
{
  "run_id": "dqn_sla_sla_seed969_batch1",
  "algorithm": "dqn",
  "mode": "live_testbed",
  "seed": 969001,
  "n_episodes": 2,
  "mean_reward_per_step": 0.0,
  "mean_blocks_per_episode": 121.0,
  "mean_urllc_blocks_per_episode": 44.5,
  "blocks_per_episode": [
    122,
    120
  ],
  "blocks_per_episode_by_slice": [
    {
      "mmtc": 44,
      "urllc": 48,
      "embb": 30
    },
    {
      "urllc": 41,
      "embb": 45,
      "mmtc": 34
    }
  ],
  "mean_rho": null,
  "omega_path": "/home/kmanojp/oranslice_rig/experiments/results/live_campaign_v2/dqn_sla/sla/rep_seed969/omega_log.jsonl",
  "checkpoint_path": "",
  "drift_flag": true,
  "drift_reason": "mean URLLC block rate 44.50/episode exceeds 2x the 1.0/episode acceptance bar",
  "sla_compliance_by_slice": {
    "embb": 1.0,
    "urllc": 1.0,
    "mmtc": 1.0
  },
  "sla_compliance_all_slices": 1.0,
  "sla_compliance_by_slice_per_episode": [
    {
      "embb": 1.0,
      "urllc": 1.0,
      "mmtc": 1.0
    },
    {
      "embb": 1.0,
      "urllc": 1.0,
      "mmtc": 1.0
    }
  ],
  "sla_margin_by_slice": {
    "embb": 0.7299999948705373,
    "urllc": 0.7172803483235966,
    "mmtc": 0.707498759208982
  },
  "sla_margin_by_slice_per_episode": [
    {
      "embb": 0.7599999897410743,
      "urllc": 0.7345606966471926,
      "mmtc": 0.7149975184179636
    },
    {
      "embb": 0.7000000000000004,
      "urllc": 0.7000000000000004,
      "mmtc": 0.7000000000000004
    }
  ],
  "mean_mos_by_slice": {
    "embb": 2.1711433589458466,
    "urllc": 3.2857986867427824,
    "mmtc": 4.757459386189779
  },
  "mean_cost": 0.0,
  "mean_sla_viol": 0.0
}
[orchestrator] === dqn_sla rep_seed969 batch 2 (1 episodes, batch_seed=969002, 4/5 done so far) ===
[orchestrator] $ bash /home/kmanojp/oranslice_rig/experiments/scripts/health_check.sh
[health] FAIL: UE1 (embb) unreachable
[health] FAIL: UE2 (mmtc) unreachable
[health] FAIL: UE3 (urllc) unreachable
[orchestrator] health check failed, restarting stack (attempt 1)
[orchestrator] $ bash /home/kmanojp/oranslice_rig/experiments/scripts/restart_ran_stack.sh
[restart] stopping all RAN processes and tmux sessions
/home/kmanojp/oranslice_rig/experiments/scripts/restart_ran_stack.sh: line 23: 653938 Killed                  sudo pkill -9 -f "nr-uesoftmodem" 2> /dev/null
/home/kmanojp/oranslice_rig/experiments/scripts/restart_ran_stack.sh: line 24: 653940 Killed                  sudo pkill -9 -f "nr-softmodem" 2> /dev/null
[restart] confirmed clean: no RAN processes running
[restart] launching gNB
[restart] gNB up, E2 agent alive
[restart] launching UE1 (embb, default netns)
[restart] UE1 attached
[restart] launching UE2 (mmtc, ue2ns)
[restart] UE2 attached
[restart] launching UE3 (urllc, ue3ns)
[restart] UE3 attached
[restart] verifying connectivity all 3 UEs
[restart] SUCCESS: all 3 UEs attached and reachable
[orchestrator] $ bash /home/kmanojp/oranslice_rig/experiments/scripts/health_check.sh
[health] OK: all 3 UEs reachable, 16 RAN processes alive, no recent segfault
[orchestrator] $ python3 /home/kmanojp/oranslice_rig/framework/qoe_oran_framework/xapp/saclb_xapp.py --config /home/kmanojp/oranslice_rig/experiments/configs/saclb_campaign_v2.yaml --algorithm dqn --checkpoint /home/kmanojp/oranslice_rig/experiments/results/offline_v2/sla/seed256/dqn/offline_closed_loop/rep_0/checkpoint.pt --gnb-id gnb-0 --episodes 1 --seed 969002 --run-id dqn_sla_sla_seed969_batch2 --omega-jsonl /home/kmanojp/oranslice_rig/experiments/results/live_campaign_v2/dqn_sla/sla/rep_seed969/omega_log.jsonl --reward-mode sla
[dqn_sla_sla_seed969_batch2] talking to gNB E2 agent (listen=6600, gNB=6655)...

Omega log: /home/kmanojp/oranslice_rig/experiments/results/live_campaign_v2/dqn_sla/sla/rep_seed969/omega_log.jsonl
{
  "run_id": "dqn_sla_sla_seed969_batch2",
  "algorithm": "dqn",
  "mode": "live_testbed",
  "seed": 969002,
  "n_episodes": 1,
  "mean_reward_per_step": 0.0,
  "mean_blocks_per_episode": 122.0,
  "mean_urllc_blocks_per_episode": 41.0,
  "blocks_per_episode": [
    122
  ],
  "blocks_per_episode_by_slice": [
    {
      "mmtc": 48,
      "urllc": 41,
      "embb": 33
    }
  ],
  "mean_rho": null,
  "omega_path": "/home/kmanojp/oranslice_rig/experiments/results/live_campaign_v2/dqn_sla/sla/rep_seed969/omega_log.jsonl",
  "checkpoint_path": "",
  "drift_flag": true,
  "drift_reason": "mean URLLC block rate 41.00/episode exceeds 2x the 1.0/episode acceptance bar",
  "sla_compliance_by_slice": {
    "embb": 1.0,
    "urllc": 1.0,
    "mmtc": 1.0
  },
  "sla_compliance_all_slices": 1.0,
  "sla_compliance_by_slice_per_episode": [
    {
      "embb": 1.0,
      "urllc": 1.0,
      "mmtc": 1.0
    }
  ],
  "sla_margin_by_slice": {
    "embb": 0.7699999856300959,
    "urllc": 0.729621523264796,
    "mmtc": 0.7249963803132972
  },
  "sla_margin_by_slice_per_episode": [
    {
      "embb": 0.7699999856300959,
      "urllc": 0.729621523264796,
      "mmtc": 0.7249963803132972
    }
  ],
  "mean_mos_by_slice": {
    "embb": 2.1710984826087953,
    "urllc": 3.335337706406911,
    "mmtc": 4.768317874272665
  },
  "mean_cost": 0.0,
  "mean_sla_viol": 0.0
}
[orchestrator] DONE: 5/5 episodes completed for dqn_sla rep_seed969. omega log: /home/kmanojp/oranslice_rig/experiments/results/live_campaign_v2/dqn_sla/sla/rep_seed969/omega_log.jsonl
=== 13:36:23 DONE arm=dqn_sla seed=969 (1760s, 1 attempt(s)) ===
=== 13:36:23 DRAIN before arm=dqn_qoe seed=969 ===
     rnti=9050: mean=5.00 PRB  max=5.00  n=10
     rnti=22544: mean=5.00 PRB  max=5.00  n=10
     rnti=31114: mean=5.00 PRB  max=5.00  n=10

Done. NEVER send SUBSCRIPTION-type messages: still assert(0!=0) in handle_subscription() on this OAI base (verified 2026-07-14).
=== 13:36:57 RUN arm=dqn_qoe seed=969 algo=dqn mode=qoe episodes=5 ===
[orchestrator] === dqn_qoe rep_seed969 batch 0 (2 episodes, batch_seed=969000, 0/5 done so far) ===
[orchestrator] $ bash /home/kmanojp/oranslice_rig/experiments/scripts/health_check.sh
[health] OK: all 3 UEs reachable, 16 RAN processes alive, no recent segfault
[orchestrator] $ python3 /home/kmanojp/oranslice_rig/framework/qoe_oran_framework/xapp/saclb_xapp.py --config /home/kmanojp/oranslice_rig/experiments/configs/saclb_campaign_v2.yaml --algorithm dqn --checkpoint /home/kmanojp/oranslice_rig/experiments/results/offline_v2/qoe/seed256/dqn/offline_closed_loop/rep_0/checkpoint.pt --gnb-id gnb-0 --episodes 2 --seed 969000 --run-id dqn_qoe_qoe_seed969_batch0 --omega-jsonl /home/kmanojp/oranslice_rig/experiments/results/live_campaign_v2/dqn_qoe/qoe/rep_seed969/omega_log.jsonl --reward-mode qoe
[dqn_qoe_qoe_seed969_batch0] talking to gNB E2 agent (listen=6600, gNB=6655)...

Omega log: /home/kmanojp/oranslice_rig/experiments/results/live_campaign_v2/dqn_qoe/qoe/rep_seed969/omega_log.jsonl
{
  "run_id": "dqn_qoe_qoe_seed969_batch0",
  "algorithm": "dqn",
  "mode": "live_testbed",
  "seed": 969000,
  "n_episodes": 2,
  "mean_reward_per_step": 0.6697199574444028,
  "mean_blocks_per_episode": 93.5,
  "mean_urllc_blocks_per_episode": 27.5,
  "blocks_per_episode": [
    67,
    120
  ],
  "blocks_per_episode_by_slice": [
    {
      "mmtc": 28,
      "embb": 30,
      "urllc": 9
    },
    {
      "urllc": 46,
      "mmtc": 39,
      "embb": 35
    }
  ],
  "mean_rho": null,
  "omega_path": "/home/kmanojp/oranslice_rig/experiments/results/live_campaign_v2/dqn_qoe/qoe/rep_seed969/omega_log.jsonl",
  "checkpoint_path": "",
  "drift_flag": true,
  "drift_reason": "mean URLLC block rate 27.50/episode exceeds 2x the 1.0/episode acceptance bar",
  "sla_compliance_by_slice": {
    "embb": 1.0,
    "urllc": 1.0,
    "mmtc": 1.0
  },
  "sla_compliance_all_slices": 1.0,
  "sla_compliance_by_slice_per_episode": [
    {
      "embb": 1.0,
      "urllc": 1.0,
      "mmtc": 1.0
    },
    {
      "embb": 1.0,
      "urllc": 1.0,
      "mmtc": 1.0
    }
  ],
  "sla_margin_by_slice": {
    "embb": 0.9999999999613709,
    "urllc": 0.7524893998517115,
    "mmtc": 0.8024997653749812
  },
  "sla_margin_by_slice_per_episode": [
    {
      "embb": 0.9999999999227422,
      "urllc": 0.8049787997034227,
      "mmtc": 0.904999530749962
    },
    {
      "embb": 0.9999999999999997,
      "urllc": 0.7000000000000004,
      "mmtc": 0.7000000000000004
    }
  ],
  "mean_mos_by_slice": {
    "embb": 2.171316146850586,
    "urllc": 4.212747895717621,
    "mmtc": 4.817575446764628
  },
  "mean_cost": 0.06875000000000002,
  "mean_sla_viol": 0.0
}
[orchestrator] === dqn_qoe rep_seed969 batch 1 (2 episodes, batch_seed=969001, 2/5 done so far) ===
[orchestrator] $ bash /home/kmanojp/oranslice_rig/experiments/scripts/health_check.sh
[health] FAIL: UE1 (embb) unreachable
[health] FAIL: UE2 (mmtc) unreachable
[health] FAIL: UE3 (urllc) unreachable
[orchestrator] health check failed, restarting stack (attempt 1)
[orchestrator] $ bash /home/kmanojp/oranslice_rig/experiments/scripts/restart_ran_stack.sh
[restart] stopping all RAN processes and tmux sessions
/home/kmanojp/oranslice_rig/experiments/scripts/restart_ran_stack.sh: line 23: 661978 Killed                  sudo pkill -9 -f "nr-uesoftmodem" 2> /dev/null
/home/kmanojp/oranslice_rig/experiments/scripts/restart_ran_stack.sh: line 24: 661982 Killed                  sudo pkill -9 -f "nr-softmodem" 2> /dev/null
[restart] confirmed clean: no RAN processes running
[restart] launching gNB
[restart] gNB up, E2 agent alive
[restart] launching UE1 (embb, default netns)
[restart] UE1 attached
[restart] launching UE2 (mmtc, ue2ns)
[restart] UE2 attached
[restart] launching UE3 (urllc, ue3ns)
[restart] UE3 attached
[restart] verifying connectivity all 3 UEs
[restart] SUCCESS: all 3 UEs attached and reachable
[orchestrator] $ bash /home/kmanojp/oranslice_rig/experiments/scripts/health_check.sh
[health] OK: all 3 UEs reachable, 16 RAN processes alive, no recent segfault
[orchestrator] $ python3 /home/kmanojp/oranslice_rig/framework/qoe_oran_framework/xapp/saclb_xapp.py --config /home/kmanojp/oranslice_rig/experiments/configs/saclb_campaign_v2.yaml --algorithm dqn --checkpoint /home/kmanojp/oranslice_rig/experiments/results/offline_v2/qoe/seed256/dqn/offline_closed_loop/rep_0/checkpoint.pt --gnb-id gnb-0 --episodes 2 --seed 969001 --run-id dqn_qoe_qoe_seed969_batch1 --omega-jsonl /home/kmanojp/oranslice_rig/experiments/results/live_campaign_v2/dqn_qoe/qoe/rep_seed969/omega_log.jsonl --reward-mode qoe
[dqn_qoe_qoe_seed969_batch1] talking to gNB E2 agent (listen=6600, gNB=6655)...

Omega log: /home/kmanojp/oranslice_rig/experiments/results/live_campaign_v2/dqn_qoe/qoe/rep_seed969/omega_log.jsonl
{
  "run_id": "dqn_qoe_qoe_seed969_batch1",
  "algorithm": "dqn",
  "mode": "live_testbed",
  "seed": 969001,
  "n_episodes": 2,
  "mean_reward_per_step": 0.5873377135793367,
  "mean_blocks_per_episode": 114.0,
  "mean_urllc_blocks_per_episode": 41.5,
  "blocks_per_episode": [
    108,
    120
  ],
  "blocks_per_episode_by_slice": [
    {
      "urllc": 42,
      "mmtc": 40,
      "embb": 26
    },
    {
      "urllc": 41,
      "embb": 45,
      "mmtc": 34
    }
  ],
  "mean_rho": null,
  "omega_path": "/home/kmanojp/oranslice_rig/experiments/results/live_campaign_v2/dqn_qoe/qoe/rep_seed969/omega_log.jsonl",
  "checkpoint_path": "",
  "drift_flag": true,
  "drift_reason": "mean URLLC block rate 41.50/episode exceeds 2x the 1.0/episode acceptance bar",
  "sla_compliance_by_slice": {
    "embb": 1.0,
    "urllc": 1.0,
    "mmtc": 1.0
  },
  "sla_compliance_all_slices": 1.0,
  "sla_compliance_by_slice_per_episode": [
    {
      "embb": 1.0,
      "urllc": 1.0,
      "mmtc": 1.0
    },
    {
      "embb": 1.0,
      "urllc": 1.0,
      "mmtc": 1.0
    }
  ],
  "sla_margin_by_slice": {
    "embb": 0.7974999966469323,
    "urllc": 0.714789735139348,
    "mmtc": 0.7124977656253104
  },
  "sla_margin_by_slice_per_episode": [
    {
      "embb": 0.8949999932938643,
      "urllc": 0.7295794702786956,
      "mmtc": 0.7249955312506206
    },
    {
      "embb": 0.7000000000000004,
      "urllc": 0.7000000000000004,
      "mmtc": 0.7000000000000004
    }
  ],
  "mean_mos_by_slice": {
    "embb": 2.1711706717809043,
    "urllc": 3.158237514893214,
    "mmtc": 4.760644376277924
  },
  "mean_cost": 0.017500000000000005,
  "mean_sla_viol": 0.0
}
[orchestrator] === dqn_qoe rep_seed969 batch 2 (1 episodes, batch_seed=969002, 4/5 done so far) ===
[orchestrator] $ bash /home/kmanojp/oranslice_rig/experiments/scripts/health_check.sh
[health] FAIL: UE1 (embb) unreachable
[health] FAIL: UE2 (mmtc) unreachable
[health] FAIL: UE3 (urllc) unreachable
[orchestrator] health check failed, restarting stack (attempt 1)
[orchestrator] $ bash /home/kmanojp/oranslice_rig/experiments/scripts/restart_ran_stack.sh
[restart] stopping all RAN processes and tmux sessions
/home/kmanojp/oranslice_rig/experiments/scripts/restart_ran_stack.sh: line 23: 667423 Killed                  sudo pkill -9 -f "nr-uesoftmodem" 2> /dev/null
/home/kmanojp/oranslice_rig/experiments/scripts/restart_ran_stack.sh: line 24: 667425 Killed                  sudo pkill -9 -f "nr-softmodem" 2> /dev/null
[restart] confirmed clean: no RAN processes running
[restart] launching gNB
[restart] gNB up, E2 agent alive
[restart] launching UE1 (embb, default netns)
[restart] UE1 attached
[restart] launching UE2 (mmtc, ue2ns)
[restart] UE2 attached
[restart] launching UE3 (urllc, ue3ns)
[restart] UE3 attached
[restart] verifying connectivity all 3 UEs
[restart] SUCCESS: all 3 UEs attached and reachable
[orchestrator] $ bash /home/kmanojp/oranslice_rig/experiments/scripts/health_check.sh
[health] OK: all 3 UEs reachable, 16 RAN processes alive, no recent segfault
[orchestrator] $ python3 /home/kmanojp/oranslice_rig/framework/qoe_oran_framework/xapp/saclb_xapp.py --config /home/kmanojp/oranslice_rig/experiments/configs/saclb_campaign_v2.yaml --algorithm dqn --checkpoint /home/kmanojp/oranslice_rig/experiments/results/offline_v2/qoe/seed256/dqn/offline_closed_loop/rep_0/checkpoint.pt --gnb-id gnb-0 --episodes 1 --seed 969002 --run-id dqn_qoe_qoe_seed969_batch2 --omega-jsonl /home/kmanojp/oranslice_rig/experiments/results/live_campaign_v2/dqn_qoe/qoe/rep_seed969/omega_log.jsonl --reward-mode qoe
[dqn_qoe_qoe_seed969_batch2] talking to gNB E2 agent (listen=6600, gNB=6655)...

Omega log: /home/kmanojp/oranslice_rig/experiments/results/live_campaign_v2/dqn_qoe/qoe/rep_seed969/omega_log.jsonl
{
  "run_id": "dqn_qoe_qoe_seed969_batch2",
  "algorithm": "dqn",
  "mode": "live_testbed",
  "seed": 969002,
  "n_episodes": 1,
  "mean_reward_per_step": 0.6013661054372785,
  "mean_blocks_per_episode": 109.0,
  "mean_urllc_blocks_per_episode": 34.0,
  "blocks_per_episode": [
    109
  ],
  "blocks_per_episode_by_slice": [
    {
      "mmtc": 43,
      "embb": 32,
      "urllc": 34
    }
  ],
  "mean_rho": null,
  "omega_path": "/home/kmanojp/oranslice_rig/experiments/results/live_campaign_v2/dqn_qoe/qoe/rep_seed969/omega_log.jsonl",
  "checkpoint_path": "",
  "drift_flag": true,
  "drift_reason": "mean URLLC block rate 34.00/episode exceeds 2x the 1.0/episode acceptance bar",
  "sla_compliance_by_slice": {
    "embb": 1.0,
    "urllc": 1.0,
    "mmtc": 1.0
  },
  "sla_compliance_all_slices": 1.0,
  "sla_compliance_by_slice_per_episode": [
    {
      "embb": 1.0,
      "urllc": 1.0,
      "mmtc": 1.0
    }
  ],
  "sla_margin_by_slice": {
    "embb": 0.7499999921350137,
    "urllc": 0.7345606966471926,
    "mmtc": 0.7199970734447876
  },
  "sla_margin_by_slice_per_episode": [
    {
      "embb": 0.7499999921350137,
      "urllc": 0.7345606966471926,
      "mmtc": 0.7199970734447876
    }
  ],
  "mean_mos_by_slice": {
    "embb": 2.1710920174916586,
    "urllc": 3.3581624388694764,
    "mmtc": 4.76513880888621
  },
  "mean_cost": 0.0325,
  "mean_sla_viol": 0.0
}
[orchestrator] DONE: 5/5 episodes completed for dqn_qoe rep_seed969. omega log: /home/kmanojp/oranslice_rig/experiments/results/live_campaign_v2/dqn_qoe/qoe/rep_seed969/omega_log.jsonl
=== 14:05:42 DONE arm=dqn_qoe seed=969 (1759s, 1 attempt(s)) ===
=== 14:05:43 DRAIN before arm=static_at_cap seed=969 ===
     rnti=24752: mean=5.00 PRB  max=5.00  n=10
     rnti=30570: mean=5.00 PRB  max=5.00  n=10
     rnti=44115: mean=5.00 PRB  max=5.00  n=10

Done. NEVER send SUBSCRIPTION-type messages: still assert(0!=0) in handle_subscription() on this OAI base (verified 2026-07-14).
=== 14:06:17 RUN arm=static_at_cap seed=969 algo=baseline_static mode=sla episodes=5 ===
[orchestrator] === static_at_cap rep_seed969 batch 0 (2 episodes, batch_seed=969000, 0/5 done so far) ===
[orchestrator] $ bash /home/kmanojp/oranslice_rig/experiments/scripts/health_check.sh
[health] OK: all 3 UEs reachable, 16 RAN processes alive, no recent segfault
[orchestrator] $ python3 /home/kmanojp/oranslice_rig/experiments/scripts/run_baseline_static.py --config /home/kmanojp/oranslice_rig/experiments/configs/saclb_campaign_static_at_cap_v2.yaml --gnb-id gnb-0 --episodes 2 --seed 969000 --run-id static_at_cap_sla_seed969_batch0 --omega-jsonl /home/kmanojp/oranslice_rig/experiments/results/live_campaign_v2/static_at_cap/sla/rep_seed969/omega_log.jsonl --reward-mode sla
[static_at_cap_sla_seed969_batch0] baseline_static: talking to gNB E2 agent (listen=6600, gNB=6655)...

Omega log: /home/kmanojp/oranslice_rig/experiments/results/live_campaign_v2/static_at_cap/sla/rep_seed969/omega_log.jsonl
{
  "run_id": "static_at_cap_sla_seed969_batch0",
  "algorithm": "baseline_static",
  "mode": "live_testbed",
  "seed": 969000,
  "n_episodes": 2,
  "mean_reward_per_step": 5.419583333333334,
  "mean_blocks_per_episode": 0.0,
  "mean_urllc_blocks_per_episode": 0.0,
  "blocks_per_episode": [
    0,
    0
  ],
  "blocks_per_episode_by_slice": [
    {},
    {}
  ],
  "mean_rho": null,
  "omega_path": "/home/kmanojp/oranslice_rig/experiments/results/live_campaign_v2/static_at_cap/sla/rep_seed969/omega_log.jsonl",
  "checkpoint_path": "",
  "drift_flag": false,
  "drift_reason": "",
  "sla_compliance_by_slice": {
    "embb": 1.0,
    "urllc": 1.0,
    "mmtc": 1.0
  },
  "sla_compliance_all_slices": 1.0,
  "sla_compliance_by_slice_per_episode": [
    {
      "embb": 1.0,
      "urllc": 1.0,
      "mmtc": 1.0
    },
    {
      "embb": 1.0,
      "urllc": 1.0,
      "mmtc": 1.0
    }
  ],
  "sla_margin_by_slice": {
    "embb": 0.9999999999734404,
    "urllc": 0.7699785146549896,
    "mmtc": 0.7924996412162815
  },
  "sla_margin_by_slice_per_episode": [
    {
      "embb": 0.9999999999468806,
      "urllc": 0.8399570293099786,
      "mmtc": 0.8849992824325624
    },
    {
      "embb": 1.0,
      "urllc": 0.7000000000000004,
      "mmtc": 0.7000000000000004
    }
  ],
  "mean_mos_by_slice": {
    "embb": 2.171316146850586,
    "urllc": 4.256618392467499,
    "mmtc": 4.81122045914332
  },
  "mean_cost": 0.3025,
  "mean_sla_viol": 0.0
}
[orchestrator] === static_at_cap rep_seed969 batch 1 (2 episodes, batch_seed=969001, 2/5 done so far) ===
[orchestrator] $ bash /home/kmanojp/oranslice_rig/experiments/scripts/health_check.sh
[health] FAIL: UE2 (mmtc) unreachable
[health] FAIL: UE3 (urllc) unreachable
[orchestrator] health check failed, restarting stack (attempt 1)
[orchestrator] $ bash /home/kmanojp/oranslice_rig/experiments/scripts/restart_ran_stack.sh
[restart] stopping all RAN processes and tmux sessions
/home/kmanojp/oranslice_rig/experiments/scripts/restart_ran_stack.sh: line 23: 675627 Killed                  sudo pkill -9 -f "nr-uesoftmodem" 2> /dev/null
/home/kmanojp/oranslice_rig/experiments/scripts/restart_ran_stack.sh: line 24: 675629 Killed                  sudo pkill -9 -f "nr-softmodem" 2> /dev/null
[restart] confirmed clean: no RAN processes running
[restart] launching gNB
[restart] gNB up, E2 agent alive
[restart] launching UE1 (embb, default netns)
[restart] UE1 attached
[restart] launching UE2 (mmtc, ue2ns)
[restart] UE2 attached
[restart] launching UE3 (urllc, ue3ns)
[restart] UE3 attached
[restart] verifying connectivity all 3 UEs
[restart] SUCCESS: all 3 UEs attached and reachable
[orchestrator] $ bash /home/kmanojp/oranslice_rig/experiments/scripts/health_check.sh
[health] OK: all 3 UEs reachable, 16 RAN processes alive, no recent segfault
[orchestrator] $ python3 /home/kmanojp/oranslice_rig/experiments/scripts/run_baseline_static.py --config /home/kmanojp/oranslice_rig/experiments/configs/saclb_campaign_static_at_cap_v2.yaml --gnb-id gnb-0 --episodes 2 --seed 969001 --run-id static_at_cap_sla_seed969_batch1 --omega-jsonl /home/kmanojp/oranslice_rig/experiments/results/live_campaign_v2/static_at_cap/sla/rep_seed969/omega_log.jsonl --reward-mode sla
[static_at_cap_sla_seed969_batch1] baseline_static: talking to gNB E2 agent (listen=6600, gNB=6655)...

Omega log: /home/kmanojp/oranslice_rig/experiments/results/live_campaign_v2/static_at_cap/sla/rep_seed969/omega_log.jsonl
{
  "run_id": "static_at_cap_sla_seed969_batch1",
  "algorithm": "baseline_static",
  "mode": "live_testbed",
  "seed": 969001,
  "n_episodes": 2,
  "mean_reward_per_step": 5.637083333333335,
  "mean_blocks_per_episode": 0.0,
  "mean_urllc_blocks_per_episode": 0.0,
  "blocks_per_episode": [
    0,
    0
  ],
  "blocks_per_episode_by_slice": [
    {},
    {}
  ],
  "mean_rho": null,
  "omega_path": "/home/kmanojp/oranslice_rig/experiments/results/live_campaign_v2/static_at_cap/sla/rep_seed969/omega_log.jsonl",
  "checkpoint_path": "",
  "drift_flag": false,
  "drift_reason": "",
  "sla_compliance_by_slice": {
    "embb": 1.0,
    "urllc": 1.0,
    "mmtc": 1.0
  },
  "sla_compliance_all_slices": 1.0,
  "sla_compliance_by_slice_per_episode": [
    {
      "embb": 1.0,
      "urllc": 1.0,
      "mmtc": 1.0
    },
    {
      "embb": 1.0,
      "urllc": 1.0,
      "mmtc": 1.0
    }
  ],
  "sla_margin_by_slice": {
    "embb": 0.9999999951220255,
    "urllc": 0.7172559425731504,
    "mmtc": 0.704998943558049
  },
  "sla_margin_by_slice_per_episode": [
    {
      "embb": 0.9999999902440511,
      "urllc": 0.7345118851463005,
      "mmtc": 0.7099978871160978
    },
    {
      "embb": 1.0,
      "urllc": 0.7000000000000004,
      "mmtc": 0.7000000000000004
    }
  ],
  "mean_mos_by_slice": {
    "embb": 2.1713161528110505,
    "urllc": 3.1671854058901467,
    "mmtc": 4.755908195177714
  },
  "mean_cost": 0.3025,
  "mean_sla_viol": 0.0
}
[orchestrator] === static_at_cap rep_seed969 batch 2 (1 episodes, batch_seed=969002, 4/5 done so far) ===
[orchestrator] $ bash /home/kmanojp/oranslice_rig/experiments/scripts/health_check.sh
[health] FAIL: UE2 (mmtc) unreachable
[health] FAIL: UE3 (urllc) unreachable
[orchestrator] health check failed, restarting stack (attempt 1)
[orchestrator] $ bash /home/kmanojp/oranslice_rig/experiments/scripts/restart_ran_stack.sh
[restart] stopping all RAN processes and tmux sessions
/home/kmanojp/oranslice_rig/experiments/scripts/restart_ran_stack.sh: line 23: 681047 Killed                  sudo pkill -9 -f "nr-uesoftmodem" 2> /dev/null
/home/kmanojp/oranslice_rig/experiments/scripts/restart_ran_stack.sh: line 24: 681049 Killed                  sudo pkill -9 -f "nr-softmodem" 2> /dev/null
[restart] confirmed clean: no RAN processes running
[restart] launching gNB
[restart] gNB up, E2 agent alive
[restart] launching UE1 (embb, default netns)
[restart] UE1 attached
[restart] launching UE2 (mmtc, ue2ns)
[restart] UE2 attached
[restart] launching UE3 (urllc, ue3ns)
[restart] UE3 attached
[restart] verifying connectivity all 3 UEs
[restart] SUCCESS: all 3 UEs attached and reachable
[orchestrator] $ bash /home/kmanojp/oranslice_rig/experiments/scripts/health_check.sh
[health] OK: all 3 UEs reachable, 16 RAN processes alive, no recent segfault
[orchestrator] $ python3 /home/kmanojp/oranslice_rig/experiments/scripts/run_baseline_static.py --config /home/kmanojp/oranslice_rig/experiments/configs/saclb_campaign_static_at_cap_v2.yaml --gnb-id gnb-0 --episodes 1 --seed 969002 --run-id static_at_cap_sla_seed969_batch2 --omega-jsonl /home/kmanojp/oranslice_rig/experiments/results/live_campaign_v2/static_at_cap/sla/rep_seed969/omega_log.jsonl --reward-mode sla
[static_at_cap_sla_seed969_batch2] baseline_static: talking to gNB E2 agent (listen=6600, gNB=6655)...

Omega log: /home/kmanojp/oranslice_rig/experiments/results/live_campaign_v2/static_at_cap/sla/rep_seed969/omega_log.jsonl
{
  "run_id": "static_at_cap_sla_seed969_batch2",
  "algorithm": "baseline_static",
  "mode": "live_testbed",
  "seed": 969002,
  "n_episodes": 1,
  "mean_reward_per_step": 5.124166666666668,
  "mean_blocks_per_episode": 0.0,
  "mean_urllc_blocks_per_episode": 0.0,
  "blocks_per_episode": [
    0
  ],
  "blocks_per_episode_by_slice": [
    {}
  ],
  "mean_rho": null,
  "omega_path": "/home/kmanojp/oranslice_rig/experiments/results/live_campaign_v2/static_at_cap/sla/rep_seed969/omega_log.jsonl",
  "checkpoint_path": "",
  "drift_flag": false,
  "drift_reason": "",
  "sla_compliance_by_slice": {
    "embb": 1.0,
    "urllc": 1.0,
    "mmtc": 1.0
  },
  "sla_compliance_all_slices": 1.0,
  "sla_compliance_by_slice_per_episode": [
    {
      "embb": 1.0,
      "urllc": 1.0,
      "mmtc": 1.0
    }
  ],
  "sla_margin_by_slice": {
    "embb": 0.999999992048491,
    "urllc": 0.7343973890397082,
    "mmtc": 0.7149969363183485
  },
  "sla_margin_by_slice_per_episode": [
    {
      "embb": 0.999999992048491,
      "urllc": 0.7343973890397082,
      "mmtc": 0.7149969363183485
    }
  ],
  "mean_mos_by_slice": {
    "embb": 2.171316158771515,
    "urllc": 2.9563539107640584,
    "mmtc": 4.762047783533732
  },
  "mean_cost": 0.3050000000000001,
  "mean_sla_viol": 0.0
}
[orchestrator] DONE: 5/5 episodes completed for static_at_cap rep_seed969. omega log: /home/kmanojp/oranslice_rig/experiments/results/live_campaign_v2/static_at_cap/sla/rep_seed969/omega_log.jsonl
=== 14:34:48 DONE arm=static_at_cap seed=969 (1745s, 1 attempt(s)) ===
=== seed=970 episodes=5 arm_order=dqn_sla dqn_qoe static_at_cap baseline ===
=== 14:34:48 DRAIN before arm=dqn_sla seed=970 ===
     rnti=13753: mean=5.00 PRB  max=5.00  n=10
     rnti=41474: mean=5.00 PRB  max=5.00  n=10
     rnti=58745: mean=5.00 PRB  max=5.00  n=10

Done. NEVER send SUBSCRIPTION-type messages: still assert(0!=0) in handle_subscription() on this OAI base (verified 2026-07-14).
=== 14:35:23 RUN arm=dqn_sla seed=970 algo=dqn mode=sla episodes=5 ===
[orchestrator] === dqn_sla rep_seed970 batch 0 (2 episodes, batch_seed=970000, 0/5 done so far) ===
[orchestrator] $ bash /home/kmanojp/oranslice_rig/experiments/scripts/health_check.sh
[health] OK: all 3 UEs reachable, 16 RAN processes alive, no recent segfault
[orchestrator] $ python3 /home/kmanojp/oranslice_rig/framework/qoe_oran_framework/xapp/saclb_xapp.py --config /home/kmanojp/oranslice_rig/experiments/configs/saclb_campaign_v2.yaml --algorithm dqn --checkpoint /home/kmanojp/oranslice_rig/experiments/results/offline_v2/sla/seed256/dqn/offline_closed_loop/rep_0/checkpoint.pt --gnb-id gnb-0 --episodes 2 --seed 970000 --run-id dqn_sla_sla_seed970_batch0 --omega-jsonl /home/kmanojp/oranslice_rig/experiments/results/live_campaign_v2/dqn_sla/sla/rep_seed970/omega_log.jsonl --reward-mode sla
[dqn_sla_sla_seed970_batch0] talking to gNB E2 agent (listen=6600, gNB=6655)...

Omega log: /home/kmanojp/oranslice_rig/experiments/results/live_campaign_v2/dqn_sla/sla/rep_seed970/omega_log.jsonl
{
  "run_id": "dqn_sla_sla_seed970_batch0",
  "algorithm": "dqn",
  "mode": "live_testbed",
  "seed": 970000,
  "n_episodes": 2,
  "mean_reward_per_step": 0.0,
  "mean_blocks_per_episode": 121.0,
  "mean_urllc_blocks_per_episode": 45.5,
  "blocks_per_episode": [
    122,
    120
  ],
  "blocks_per_episode_by_slice": [
    {
      "mmtc": 34,
      "urllc": 51,
      "embb": 37
    },
    {
      "mmtc": 42,
      "embb": 38,
      "urllc": 40
    }
  ],
  "mean_rho": null,
  "omega_path": "/home/kmanojp/oranslice_rig/experiments/results/live_campaign_v2/dqn_sla/sla/rep_seed970/omega_log.jsonl",
  "checkpoint_path": "",
  "drift_flag": true,
  "drift_reason": "mean URLLC block rate 45.50/episode exceeds 2x the 1.0/episode acceptance bar",
  "sla_compliance_by_slice": {
    "embb": 1.0,
    "urllc": 1.0,
    "mmtc": 1.0
  },
  "sla_compliance_all_slices": 1.0,
  "sla_compliance_by_slice_per_episode": [
    {
      "embb": 1.0,
      "urllc": 1.0,
      "mmtc": 1.0
    },
    {
      "embb": 1.0,
      "urllc": 1.0,
      "mmtc": 1.0
    }
  ],
  "sla_margin_by_slice": {
    "embb": 0.7400000000000007,
    "urllc": 0.7699825968721181,
    "mmtc": 0.7149999514196137
  },
  "sla_margin_by_slice_per_episode": [
    {
      "embb": 0.7800000000000008,
      "urllc": 0.8399651937442358,
      "mmtc": 0.7299999028392271
    },
    {
      "embb": 0.7000000000000004,
      "urllc": 0.7000000000000004,
      "mmtc": 0.7000000000000004
    }
  ],
  "mean_mos_by_slice": {
    "embb": 2.171146583557129,
    "urllc": 4.256630818049113,
    "mmtc": 4.76194798151652
  },
  "mean_cost": 0.0,
  "mean_sla_viol": 0.0
}
[orchestrator] === dqn_sla rep_seed970 batch 1 (2 episodes, batch_seed=970001, 2/5 done so far) ===
[orchestrator] $ bash /home/kmanojp/oranslice_rig/experiments/scripts/health_check.sh
[health] FAIL: UE1 (embb) unreachable
[health] FAIL: UE2 (mmtc) unreachable
[health] FAIL: UE3 (urllc) unreachable
[orchestrator] health check failed, restarting stack (attempt 1)
[orchestrator] $ bash /home/kmanojp/oranslice_rig/experiments/scripts/restart_ran_stack.sh
[restart] stopping all RAN processes and tmux sessions
/home/kmanojp/oranslice_rig/experiments/scripts/restart_ran_stack.sh: line 23: 689130 Killed                  sudo pkill -9 -f "nr-uesoftmodem" 2> /dev/null
/home/kmanojp/oranslice_rig/experiments/scripts/restart_ran_stack.sh: line 24: 689132 Killed                  sudo pkill -9 -f "nr-softmodem" 2> /dev/null
[restart] confirmed clean: no RAN processes running
[restart] launching gNB
[restart] gNB up, E2 agent alive
[restart] launching UE1 (embb, default netns)
[restart] UE1 attached
[restart] launching UE2 (mmtc, ue2ns)
[restart] UE2 attached
[restart] launching UE3 (urllc, ue3ns)
[restart] UE3 attached
[restart] verifying connectivity all 3 UEs
[restart] SUCCESS: all 3 UEs attached and reachable
[orchestrator] $ bash /home/kmanojp/oranslice_rig/experiments/scripts/health_check.sh
[health] OK: all 3 UEs reachable, 16 RAN processes alive, no recent segfault
[orchestrator] $ python3 /home/kmanojp/oranslice_rig/framework/qoe_oran_framework/xapp/saclb_xapp.py --config /home/kmanojp/oranslice_rig/experiments/configs/saclb_campaign_v2.yaml --algorithm dqn --checkpoint /home/kmanojp/oranslice_rig/experiments/results/offline_v2/sla/seed256/dqn/offline_closed_loop/rep_0/checkpoint.pt --gnb-id gnb-0 --episodes 2 --seed 970001 --run-id dqn_sla_sla_seed970_batch1 --omega-jsonl /home/kmanojp/oranslice_rig/experiments/results/live_campaign_v2/dqn_sla/sla/rep_seed970/omega_log.jsonl --reward-mode sla
[dqn_sla_sla_seed970_batch1] talking to gNB E2 agent (listen=6600, gNB=6655)...

Omega log: /home/kmanojp/oranslice_rig/experiments/results/live_campaign_v2/dqn_sla/sla/rep_seed970/omega_log.jsonl
{
  "run_id": "dqn_sla_sla_seed970_batch1",
  "algorithm": "dqn",
  "mode": "live_testbed",
  "seed": 970001,
  "n_episodes": 2,
  "mean_reward_per_step": 0.0,
  "mean_blocks_per_episode": 121.0,
  "mean_urllc_blocks_per_episode": 39.5,
  "blocks_per_episode": [
    122,
    120
  ],
  "blocks_per_episode_by_slice": [
    {
      "mmtc": 40,
      "urllc": 38,
      "embb": 44
    },
    {
      "urllc": 41,
      "mmtc": 36,
      "embb": 43
    }
  ],
  "mean_rho": null,
  "omega_path": "/home/kmanojp/oranslice_rig/experiments/results/live_campaign_v2/dqn_sla/sla/rep_seed970/omega_log.jsonl",
  "checkpoint_path": "",
  "drift_flag": true,
  "drift_reason": "mean URLLC block rate 39.50/episode exceeds 2x the 1.0/episode acceptance bar",
  "sla_compliance_by_slice": {
    "embb": 1.0,
    "urllc": 1.0,
    "mmtc": 1.0
  },
  "sla_compliance_all_slices": 1.0,
  "sla_compliance_by_slice_per_episode": [
    {
      "embb": 1.0,
      "urllc": 1.0,
      "mmtc": 1.0
    },
    {
      "embb": 1.0,
      "urllc": 1.0,
      "mmtc": 1.0
    }
  ],
  "sla_margin_by_slice": {
    "embb": 0.7299999921343243,
    "urllc": 0.714789735139348,
    "mmtc": 0.7074982979546036
  },
  "sla_margin_by_slice_per_episode": [
    {
      "embb": 0.754999985555759,
      "urllc": 0.7295794702786956,
      "mmtc": 0.7149965959092068
    },
    {
      "embb": 0.7049999987128897,
      "urllc": 0.7000000000000004,
      "mmtc": 0.7000000000000004
    }
  ],
  "mean_mos_by_slice": {
    "embb": 2.171144990126292,
    "urllc": 3.158237514893214,
    "mmtc": 4.7575337290763855
  },
  "mean_cost": 0.0,
  "mean_sla_viol": 0.0
}
[orchestrator] === dqn_sla rep_seed970 batch 2 (1 episodes, batch_seed=970002, 4/5 done so far) ===
[orchestrator] $ bash /home/kmanojp/oranslice_rig/experiments/scripts/health_check.sh
[health] FAIL: UE1 (embb) unreachable
[health] FAIL: UE2 (mmtc) unreachable
[health] FAIL: UE3 (urllc) unreachable
[orchestrator] health check failed, restarting stack (attempt 1)
[orchestrator] $ bash /home/kmanojp/oranslice_rig/experiments/scripts/restart_ran_stack.sh
[restart] stopping all RAN processes and tmux sessions
/home/kmanojp/oranslice_rig/experiments/scripts/restart_ran_stack.sh: line 23: 694626 Killed                  sudo pkill -9 -f "nr-uesoftmodem" 2> /dev/null
/home/kmanojp/oranslice_rig/experiments/scripts/restart_ran_stack.sh: line 24: 694628 Killed                  sudo pkill -9 -f "nr-softmodem" 2> /dev/null
[restart] confirmed clean: no RAN processes running
[restart] launching gNB
[restart] gNB up, E2 agent alive
[restart] launching UE1 (embb, default netns)
[restart] UE1 attached
[restart] launching UE2 (mmtc, ue2ns)
[restart] UE2 attached
[restart] launching UE3 (urllc, ue3ns)
[restart] UE3 attached
[restart] verifying connectivity all 3 UEs
[restart] SUCCESS: all 3 UEs attached and reachable
[orchestrator] $ bash /home/kmanojp/oranslice_rig/experiments/scripts/health_check.sh
[health] OK: all 3 UEs reachable, 16 RAN processes alive, no recent segfault
[orchestrator] $ python3 /home/kmanojp/oranslice_rig/framework/qoe_oran_framework/xapp/saclb_xapp.py --config /home/kmanojp/oranslice_rig/experiments/configs/saclb_campaign_v2.yaml --algorithm dqn --checkpoint /home/kmanojp/oranslice_rig/experiments/results/offline_v2/sla/seed256/dqn/offline_closed_loop/rep_0/checkpoint.pt --gnb-id gnb-0 --episodes 1 --seed 970002 --run-id dqn_sla_sla_seed970_batch2 --omega-jsonl /home/kmanojp/oranslice_rig/experiments/results/live_campaign_v2/dqn_sla/sla/rep_seed970/omega_log.jsonl --reward-mode sla
[dqn_sla_sla_seed970_batch2] talking to gNB E2 agent (listen=6600, gNB=6655)...

Omega log: /home/kmanojp/oranslice_rig/experiments/results/live_campaign_v2/dqn_sla/sla/rep_seed970/omega_log.jsonl
{
  "run_id": "dqn_sla_sla_seed970_batch2",
  "algorithm": "dqn",
  "mode": "live_testbed",
  "seed": 970002,
  "n_episodes": 1,
  "mean_reward_per_step": 0.0,
  "mean_blocks_per_episode": 122.0,
  "mean_urllc_blocks_per_episode": 42.0,
  "blocks_per_episode": [
    122
  ],
  "blocks_per_episode_by_slice": [
    {
      "mmtc": 34,
      "urllc": 42,
      "embb": 46
    }
  ],
  "mean_rho": null,
  "omega_path": "/home/kmanojp/oranslice_rig/experiments/results/live_campaign_v2/dqn_sla/sla/rep_seed970/omega_log.jsonl",
  "checkpoint_path": "",
  "drift_flag": true,
  "drift_reason": "mean URLLC block rate 42.00/episode exceeds 2x the 1.0/episode acceptance bar",
  "sla_compliance_by_slice": {
    "embb": 1.0,
    "urllc": 1.0,
    "mmtc": 1.0
  },
  "sla_compliance_all_slices": 1.0,
  "sla_compliance_by_slice_per_episode": [
    {
      "embb": 1.0,
      "urllc": 1.0,
      "mmtc": 1.0
    }
  ],
  "sla_margin_by_slice": {
    "embb": 0.7549999883001665,
    "urllc": 0.7345118851463005,
    "mmtc": 0.7149969363183485
  },
  "sla_margin_by_slice_per_episode": [
    {
      "embb": 0.7549999883001665,
      "urllc": 0.7345118851463005,
      "mmtc": 0.7149969363183485
    }
  ],
  "mean_mos_by_slice": {
    "embb": 2.1710921923319497,
    "urllc": 3.2242040236790976,
    "mmtc": 4.762047783533732
  },
  "mean_cost": 0.0,
  "mean_sla_viol": 0.0
}
[orchestrator] DONE: 5/5 episodes completed for dqn_sla rep_seed970. omega log: /home/kmanojp/oranslice_rig/experiments/results/live_campaign_v2/dqn_sla/sla/rep_seed970/omega_log.jsonl
=== 15:04:08 DONE arm=dqn_sla seed=970 (1760s, 1 attempt(s)) ===
=== 15:04:08 DRAIN before arm=dqn_qoe seed=970 ===
     rnti=7594: mean=5.00 PRB  max=5.00  n=10
     rnti=30628: mean=5.00 PRB  max=5.00  n=10
     rnti=39447: mean=5.00 PRB  max=5.00  n=10

Done. NEVER send SUBSCRIPTION-type messages: still assert(0!=0) in handle_subscription() on this OAI base (verified 2026-07-14).
=== 15:04:43 RUN arm=dqn_qoe seed=970 algo=dqn mode=qoe episodes=5 ===
[orchestrator] === dqn_qoe rep_seed970 batch 0 (2 episodes, batch_seed=970000, 0/5 done so far) ===
[orchestrator] $ bash /home/kmanojp/oranslice_rig/experiments/scripts/health_check.sh
[health] OK: all 3 UEs reachable, 16 RAN processes alive, no recent segfault
[orchestrator] $ python3 /home/kmanojp/oranslice_rig/framework/qoe_oran_framework/xapp/saclb_xapp.py --config /home/kmanojp/oranslice_rig/experiments/configs/saclb_campaign_v2.yaml --algorithm dqn --checkpoint /home/kmanojp/oranslice_rig/experiments/results/offline_v2/qoe/seed256/dqn/offline_closed_loop/rep_0/checkpoint.pt --gnb-id gnb-0 --episodes 2 --seed 970000 --run-id dqn_qoe_qoe_seed970_batch0 --omega-jsonl /home/kmanojp/oranslice_rig/experiments/results/live_campaign_v2/dqn_qoe/qoe/rep_seed970/omega_log.jsonl --reward-mode qoe
[dqn_qoe_qoe_seed970_batch0] talking to gNB E2 agent (listen=6600, gNB=6655)...

Omega log: /home/kmanojp/oranslice_rig/experiments/results/live_campaign_v2/dqn_qoe/qoe/rep_seed970/omega_log.jsonl
{
  "run_id": "dqn_qoe_qoe_seed970_batch0",
  "algorithm": "dqn",
  "mode": "live_testbed",
  "seed": 970000,
  "n_episodes": 2,
  "mean_reward_per_step": 0.670103262755606,
  "mean_blocks_per_episode": 93.0,
  "mean_urllc_blocks_per_episode": 34.0,
  "blocks_per_episode": [
    66,
    120
  ],
  "blocks_per_episode_by_slice": [
    {
      "embb": 22,
      "mmtc": 16,
      "urllc": 28
    },
    {
      "mmtc": 42,
      "embb": 38,
      "urllc": 40
    }
  ],
  "mean_rho": null,
  "omega_path": "/home/kmanojp/oranslice_rig/experiments/results/live_campaign_v2/dqn_qoe/qoe/rep_seed970/omega_log.jsonl",
  "checkpoint_path": "",
  "drift_flag": true,
  "drift_reason": "mean URLLC block rate 34.00/episode exceeds 2x the 1.0/episode acceptance bar",
  "sla_compliance_by_slice": {
    "embb": 1.0,
    "urllc": 1.0,
    "mmtc": 1.0
  },
  "sla_compliance_all_slices": 1.0,
  "sla_compliance_by_slice_per_episode": [
    {
      "embb": 1.0,
      "urllc": 1.0,
      "mmtc": 1.0
    },
    {
      "embb": 1.0,
      "urllc": 1.0,
      "mmtc": 1.0
    }
  ],
  "sla_margin_by_slice": {
    "embb": 0.9999999999560251,
    "urllc": 0.7624874019180128,
    "mmtc": 0.7749997640381227
  },
  "sla_margin_by_slice_per_episode": [
    {
      "embb": 0.9999999999120501,
      "urllc": 0.8249748038360253,
      "mmtc": 0.8499995280762449
    },
    {
      "embb": 1.0,
      "urllc": 0.7000000000000004,
      "mmtc": 0.7000000000000004
    }
  ],
  "mean_mos_by_slice": {
    "embb": 2.171316146850586,
    "urllc": 4.237829577922821,
    "mmtc": 4.800093428293864
  },
  "mean_cost": 0.07000000000000002,
  "mean_sla_viol": 0.0
}
[orchestrator] === dqn_qoe rep_seed970 batch 1 (2 episodes, batch_seed=970001, 2/5 done so far) ===
[orchestrator] $ bash /home/kmanojp/oranslice_rig/experiments/scripts/health_check.sh
[health] FAIL: UE1 (embb) unreachable
[health] FAIL: UE2 (mmtc) unreachable
[health] FAIL: UE3 (urllc) unreachable
[orchestrator] health check failed, restarting stack (attempt 1)
[orchestrator] $ bash /home/kmanojp/oranslice_rig/experiments/scripts/restart_ran_stack.sh
[restart] stopping all RAN processes and tmux sessions
/home/kmanojp/oranslice_rig/experiments/scripts/restart_ran_stack.sh: line 23: 702691 Killed                  sudo pkill -9 -f "nr-uesoftmodem" 2> /dev/null
/home/kmanojp/oranslice_rig/experiments/scripts/restart_ran_stack.sh: line 24: 702693 Killed                  sudo pkill -9 -f "nr-softmodem" 2> /dev/null
[restart] confirmed clean: no RAN processes running
[restart] launching gNB
[restart] gNB up, E2 agent alive
[restart] launching UE1 (embb, default netns)
[restart] UE1 attached
[restart] launching UE2 (mmtc, ue2ns)
[restart] UE2 attached
[restart] launching UE3 (urllc, ue3ns)
[restart] UE3 attached
[restart] verifying connectivity all 3 UEs
[restart] SUCCESS: all 3 UEs attached and reachable
[orchestrator] $ bash /home/kmanojp/oranslice_rig/experiments/scripts/health_check.sh
[health] OK: all 3 UEs reachable, 16 RAN processes alive, no recent segfault
[orchestrator] $ python3 /home/kmanojp/oranslice_rig/framework/qoe_oran_framework/xapp/saclb_xapp.py --config /home/kmanojp/oranslice_rig/experiments/configs/saclb_campaign_v2.yaml --algorithm dqn --checkpoint /home/kmanojp/oranslice_rig/experiments/results/offline_v2/qoe/seed256/dqn/offline_closed_loop/rep_0/checkpoint.pt --gnb-id gnb-0 --episodes 2 --seed 970001 --run-id dqn_qoe_qoe_seed970_batch1 --omega-jsonl /home/kmanojp/oranslice_rig/experiments/results/live_campaign_v2/dqn_qoe/qoe/rep_seed970/omega_log.jsonl --reward-mode qoe
[dqn_qoe_qoe_seed970_batch1] talking to gNB E2 agent (listen=6600, gNB=6655)...

Omega log: /home/kmanojp/oranslice_rig/experiments/results/live_campaign_v2/dqn_qoe/qoe/rep_seed970/omega_log.jsonl
{
  "run_id": "dqn_qoe_qoe_seed970_batch1",
  "algorithm": "dqn",
  "mode": "live_testbed",
  "seed": 970001,
  "n_episodes": 2,
  "mean_reward_per_step": 0.5901777742902435,
  "mean_blocks_per_episode": 115.5,
  "mean_urllc_blocks_per_episode": 37.5,
  "blocks_per_episode": [
    111,
    120
  ],
  "blocks_per_episode_by_slice": [
    {
      "embb": 39,
      "mmtc": 38,
      "urllc": 34
    },
    {
      "urllc": 41,
      "mmtc": 36,
      "embb": 43
    }
  ],
  "mean_rho": null,
  "omega_path": "/home/kmanojp/oranslice_rig/experiments/results/live_campaign_v2/dqn_qoe/qoe/rep_seed970/omega_log.jsonl",
  "checkpoint_path": "",
  "drift_flag": true,
  "drift_reason": "mean URLLC block rate 37.50/episode exceeds 2x the 1.0/episode acceptance bar",
  "sla_compliance_by_slice": {
    "embb": 1.0,
    "urllc": 1.0,
    "mmtc": 1.0
  },
  "sla_compliance_all_slices": 1.0,
  "sla_compliance_by_slice_per_episode": [
    {
      "embb": 1.0,
      "urllc": 1.0,
      "mmtc": 1.0
    },
    {
      "embb": 1.0,
      "urllc": 1.0,
      "mmtc": 1.0
    }
  ],
  "sla_margin_by_slice": {
    "embb": 0.7349999955117961,
    "urllc": 0.7221883574407553,
    "mmtc": 0.709998683050217
  },
  "sla_margin_by_slice_per_episode": [
    {
      "embb": 0.7699999910235918,
      "urllc": 0.74437671488151,
      "mmtc": 0.7199973661004336
    },
    {
      "embb": 0.7000000000000004,
      "urllc": 0.7000000000000004,
      "mmtc": 0.7000000000000004
    }
  ],
  "mean_mos_by_slice": {
    "embb": 2.1711444993813833,
    "urllc": 3.1850125829378766,
    "mmtc": 4.758976209163666
  },
  "mean_cost": 0.013750000000000004,
  "mean_sla_viol": 0.0
}
[orchestrator] === dqn_qoe rep_seed970 batch 2 (1 episodes, batch_seed=970002, 4/5 done so far) ===
[orchestrator] $ bash /home/kmanojp/oranslice_rig/experiments/scripts/health_check.sh
[health] FAIL: UE1 (embb) unreachable
[health] FAIL: UE2 (mmtc) unreachable
[health] FAIL: UE3 (urllc) unreachable
[orchestrator] health check failed, restarting stack (attempt 1)
[orchestrator] $ bash /home/kmanojp/oranslice_rig/experiments/scripts/restart_ran_stack.sh
[restart] stopping all RAN processes and tmux sessions
/home/kmanojp/oranslice_rig/experiments/scripts/restart_ran_stack.sh: line 23: 708139 Killed                  sudo pkill -9 -f "nr-uesoftmodem" 2> /dev/null
/home/kmanojp/oranslice_rig/experiments/scripts/restart_ran_stack.sh: line 24: 708141 Killed                  sudo pkill -9 -f "nr-softmodem" 2> /dev/null
[restart] confirmed clean: no RAN processes running
[restart] launching gNB
[restart] gNB up, E2 agent alive
[restart] launching UE1 (embb, default netns)
[restart] UE1 attached
[restart] launching UE2 (mmtc, ue2ns)
[restart] UE2 attached
[restart] launching UE3 (urllc, ue3ns)
[restart] UE3 attached
[restart] verifying connectivity all 3 UEs
[restart] SUCCESS: all 3 UEs attached and reachable
[orchestrator] $ bash /home/kmanojp/oranslice_rig/experiments/scripts/health_check.sh
[health] OK: all 3 UEs reachable, 16 RAN processes alive, no recent segfault
[orchestrator] $ python3 /home/kmanojp/oranslice_rig/framework/qoe_oran_framework/xapp/saclb_xapp.py --config /home/kmanojp/oranslice_rig/experiments/configs/saclb_campaign_v2.yaml --algorithm dqn --checkpoint /home/kmanojp/oranslice_rig/experiments/results/offline_v2/qoe/seed256/dqn/offline_closed_loop/rep_0/checkpoint.pt --gnb-id gnb-0 --episodes 1 --seed 970002 --run-id dqn_qoe_qoe_seed970_batch2 --omega-jsonl /home/kmanojp/oranslice_rig/experiments/results/live_campaign_v2/dqn_qoe/qoe/rep_seed970/omega_log.jsonl --reward-mode qoe
[dqn_qoe_qoe_seed970_batch2] talking to gNB E2 agent (listen=6600, gNB=6655)...

Omega log: /home/kmanojp/oranslice_rig/experiments/results/live_campaign_v2/dqn_qoe/qoe/rep_seed970/omega_log.jsonl
{
  "run_id": "dqn_qoe_qoe_seed970_batch2",
  "algorithm": "dqn",
  "mode": "live_testbed",
  "seed": 970002,
  "n_episodes": 1,
  "mean_reward_per_step": 0.591196237617069,
  "mean_blocks_per_episode": 108.0,
  "mean_urllc_blocks_per_episode": 34.0,
  "blocks_per_episode": [
    108
  ],
  "blocks_per_episode_by_slice": [
    {
      "embb": 44,
      "mmtc": 30,
      "urllc": 34
    }
  ],
  "mean_rho": null,
  "omega_path": "/home/kmanojp/oranslice_rig/experiments/results/live_campaign_v2/dqn_qoe/qoe/rep_seed970/omega_log.jsonl",
  "checkpoint_path": "",
  "drift_flag": true,
  "drift_reason": "mean URLLC block rate 34.00/episode exceeds 2x the 1.0/episode acceptance bar",
  "sla_compliance_by_slice": {
    "embb": 1.0,
    "urllc": 1.0,
    "mmtc": 1.0
  },
  "sla_compliance_all_slices": 1.0,
  "sla_compliance_by_slice_per_episode": [
    {
      "embb": 1.0,
      "urllc": 1.0,
      "mmtc": 1.0
    }
  ],
  "sla_margin_by_slice": {
    "embb": 0.7599999869674293,
    "urllc": 0.7394443000139053,
    "mmtc": 0.7199967482718477
  },
  "sla_margin_by_slice_per_episode": [
    {
      "embb": 0.7599999869674293,
      "urllc": 0.7394443000139053,
      "mmtc": 0.7199967482718477
    }
  ],
  "mean_mos_by_slice": {
    "embb": 2.17109622557958,
    "urllc": 3.2420470356941222,
    "mmtc": 4.765211590131124
  },
  "mean_cost": 0.035,
  "mean_sla_viol": 0.0
}
[orchestrator] DONE: 5/5 episodes completed for dqn_qoe rep_seed970. omega log: /home/kmanojp/oranslice_rig/experiments/results/live_campaign_v2/dqn_qoe/qoe/rep_seed970/omega_log.jsonl
=== 15:33:28 DONE arm=dqn_qoe seed=970 (1760s, 1 attempt(s)) ===
=== 15:33:28 DRAIN before arm=static_at_cap seed=970 ===
     rnti=2470: mean=5.00 PRB  max=5.00  n=10
     rnti=7959: mean=5.00 PRB  max=5.00  n=10
     rnti=27371: mean=5.00 PRB  max=5.00  n=10

Done. NEVER send SUBSCRIPTION-type messages: still assert(0!=0) in handle_subscription() on this OAI base (verified 2026-07-14).
=== 15:34:03 RUN arm=static_at_cap seed=970 algo=baseline_static mode=sla episodes=5 ===
[orchestrator] === static_at_cap rep_seed970 batch 0 (2 episodes, batch_seed=970000, 0/5 done so far) ===
[orchestrator] $ bash /home/kmanojp/oranslice_rig/experiments/scripts/health_check.sh
[health] OK: all 3 UEs reachable, 16 RAN processes alive, no recent segfault
[orchestrator] $ python3 /home/kmanojp/oranslice_rig/experiments/scripts/run_baseline_static.py --config /home/kmanojp/oranslice_rig/experiments/configs/saclb_campaign_static_at_cap_v2.yaml --gnb-id gnb-0 --episodes 2 --seed 970000 --run-id static_at_cap_sla_seed970_batch0 --omega-jsonl /home/kmanojp/oranslice_rig/experiments/results/live_campaign_v2/static_at_cap/sla/rep_seed970/omega_log.jsonl --reward-mode sla
[static_at_cap_sla_seed970_batch0] baseline_static: talking to gNB E2 agent (listen=6600, gNB=6655)...

Omega log: /home/kmanojp/oranslice_rig/experiments/results/live_campaign_v2/static_at_cap/sla/rep_seed970/omega_log.jsonl
{
  "run_id": "static_at_cap_sla_seed970_batch0",
  "algorithm": "baseline_static",
  "mode": "live_testbed",
  "seed": 970000,
  "n_episodes": 2,
  "mean_reward_per_step": 5.715416666666668,
  "mean_blocks_per_episode": 0.0,
  "mean_urllc_blocks_per_episode": 0.0,
  "blocks_per_episode": [
    0,
    0
  ],
  "blocks_per_episode_by_slice": [
    {},
    {}
  ],
  "mean_rho": null,
  "omega_path": "/home/kmanojp/oranslice_rig/experiments/results/live_campaign_v2/static_at_cap/sla/rep_seed970/omega_log.jsonl",
  "checkpoint_path": "",
  "drift_flag": false,
  "drift_reason": "",
  "sla_compliance_by_slice": {
    "embb": 1.0,
    "urllc": 1.0,
    "mmtc": 1.0
  },
  "sla_compliance_all_slices": 1.0,
  "sla_compliance_by_slice_per_episode": [
    {
      "embb": 1.0,
      "urllc": 1.0,
      "mmtc": 1.0
    },
    {
      "embb": 1.0,
      "urllc": 1.0,
      "mmtc": 1.0
    }
  ],
  "sla_margin_by_slice": {
    "embb": 0.9999999999615432,
    "urllc": 0.7774786077023002,
    "mmtc": 0.7649997725204124
  },
  "sla_margin_by_slice_per_episode": [
    {
      "embb": 0.9999999999230863,
      "urllc": 0.8549572154046,
      "mmtc": 0.8299995450408244
    },
    {
      "embb": 1.0,
      "urllc": 0.7000000000000004,
      "mmtc": 0.7000000000000004
    }
  ],
  "mean_mos_by_slice": {
    "embb": 2.171316146850586,
    "urllc": 4.275435109933217,
    "mmtc": 4.793736696243286
  },
  "mean_cost": 0.3025,
  "mean_sla_viol": 0.0
}
[orchestrator] === static_at_cap rep_seed970 batch 1 (2 episodes, batch_seed=970001, 2/5 done so far) ===
[orchestrator] $ bash /home/kmanojp/oranslice_rig/experiments/scripts/health_check.sh
[health] FAIL: UE2 (mmtc) unreachable
[health] FAIL: UE3 (urllc) unreachable
[orchestrator] health check failed, restarting stack (attempt 1)
[orchestrator] $ bash /home/kmanojp/oranslice_rig/experiments/scripts/restart_ran_stack.sh
[restart] stopping all RAN processes and tmux sessions
/home/kmanojp/oranslice_rig/experiments/scripts/restart_ran_stack.sh: line 23: 716146 Killed                  sudo pkill -9 -f "nr-uesoftmodem" 2> /dev/null
/home/kmanojp/oranslice_rig/experiments/scripts/restart_ran_stack.sh: line 24: 716148 Killed                  sudo pkill -9 -f "nr-softmodem" 2> /dev/null
[restart] confirmed clean: no RAN processes running
[restart] launching gNB
[restart] gNB up, E2 agent alive
[restart] launching UE1 (embb, default netns)
[restart] UE1 attached
[restart] launching UE2 (mmtc, ue2ns)
[restart] UE2 attached
[restart] launching UE3 (urllc, ue3ns)
[restart] UE3 attached
[restart] verifying connectivity all 3 UEs
[restart] SUCCESS: all 3 UEs attached and reachable
[orchestrator] $ bash /home/kmanojp/oranslice_rig/experiments/scripts/health_check.sh
[health] OK: all 3 UEs reachable, 16 RAN processes alive, no recent segfault
[orchestrator] $ python3 /home/kmanojp/oranslice_rig/experiments/scripts/run_baseline_static.py --config /home/kmanojp/oranslice_rig/experiments/configs/saclb_campaign_static_at_cap_v2.yaml --gnb-id gnb-0 --episodes 2 --seed 970001 --run-id static_at_cap_sla_seed970_batch1 --omega-jsonl /home/kmanojp/oranslice_rig/experiments/results/live_campaign_v2/static_at_cap/sla/rep_seed970/omega_log.jsonl --reward-mode sla
[static_at_cap_sla_seed970_batch1] baseline_static: talking to gNB E2 agent (listen=6600, gNB=6655)...

Omega log: /home/kmanojp/oranslice_rig/experiments/results/live_campaign_v2/static_at_cap/sla/rep_seed970/omega_log.jsonl
{
  "run_id": "static_at_cap_sla_seed970_batch1",
  "algorithm": "baseline_static",
  "mode": "live_testbed",
  "seed": 970001,
  "n_episodes": 2,
  "mean_reward_per_step": 5.565416666666668,
  "mean_blocks_per_episode": 0.0,
  "mean_urllc_blocks_per_episode": 0.0,
  "blocks_per_episode": [
    0,
    0
  ],
  "blocks_per_episode_by_slice": [
    {},
    {}
  ],
  "mean_rho": null,
  "omega_path": "/home/kmanojp/oranslice_rig/experiments/results/live_campaign_v2/static_at_cap/sla/rep_seed970/omega_log.jsonl",
  "checkpoint_path": "",
  "drift_flag": false,
  "drift_reason": "",
  "sla_compliance_by_slice": {
    "embb": 1.0,
    "urllc": 1.0,
    "mmtc": 1.0
  },
  "sla_compliance_all_slices": 1.0,
  "sla_compliance_by_slice_per_episode": [
    {
      "embb": 1.0,
      "urllc": 1.0,
      "mmtc": 1.0
    },
    {
      "embb": 1.0,
      "urllc": 1.0,
      "mmtc": 1.0
    }
  ],
  "sla_margin_by_slice": {
    "embb": 0.999999996024975,
    "urllc": 0.7171652161120441,
    "mmtc": 0.7124975173614252
  },
  "sla_margin_by_slice_per_episode": [
    {
      "embb": 0.9999999920499499,
      "urllc": 0.7343304322240879,
      "mmtc": 0.7249950347228501
    },
    {
      "embb": 1.0,
      "urllc": 0.7000000000000004,
      "mmtc": 0.7000000000000004
    }
  ],
  "mean_mos_by_slice": {
    "embb": 2.1713161528110505,
    "urllc": 2.7750889817873636,
    "mmtc": 4.760676960150401
  },
  "mean_cost": 0.3025,
  "mean_sla_viol": 0.0
}
[orchestrator] === static_at_cap rep_seed970 batch 2 (1 episodes, batch_seed=970002, 4/5 done so far) ===
[orchestrator] $ bash /home/kmanojp/oranslice_rig/experiments/scripts/health_check.sh
[health] FAIL: UE2 (mmtc) unreachable
[health] FAIL: UE3 (urllc) unreachable
[orchestrator] health check failed, restarting stack (attempt 1)
[orchestrator] $ bash /home/kmanojp/oranslice_rig/experiments/scripts/restart_ran_stack.sh
[restart] stopping all RAN processes and tmux sessions
/home/kmanojp/oranslice_rig/experiments/scripts/restart_ran_stack.sh: line 23: 721540 Killed                  sudo pkill -9 -f "nr-uesoftmodem" 2> /dev/null
/home/kmanojp/oranslice_rig/experiments/scripts/restart_ran_stack.sh: line 24: 721542 Killed                  sudo pkill -9 -f "nr-softmodem" 2> /dev/null
[restart] confirmed clean: no RAN processes running
[restart] launching gNB
[restart] gNB up, E2 agent alive
[restart] launching UE1 (embb, default netns)
[restart] UE1 attached
[restart] launching UE2 (mmtc, ue2ns)
[restart] UE2 attached
[restart] launching UE3 (urllc, ue3ns)
[restart] UE3 attached
[restart] verifying connectivity all 3 UEs
[restart] SUCCESS: all 3 UEs attached and reachable
[orchestrator] $ bash /home/kmanojp/oranslice_rig/experiments/scripts/health_check.sh
[health] OK: all 3 UEs reachable, 16 RAN processes alive, no recent segfault
[orchestrator] $ python3 /home/kmanojp/oranslice_rig/experiments/scripts/run_baseline_static.py --config /home/kmanojp/oranslice_rig/experiments/configs/saclb_campaign_static_at_cap_v2.yaml --gnb-id gnb-0 --episodes 1 --seed 970002 --run-id static_at_cap_sla_seed970_batch2 --omega-jsonl /home/kmanojp/oranslice_rig/experiments/results/live_campaign_v2/static_at_cap/sla/rep_seed970/omega_log.jsonl --reward-mode sla
[static_at_cap_sla_seed970_batch2] baseline_static: talking to gNB E2 agent (listen=6600, gNB=6655)...

Omega log: /home/kmanojp/oranslice_rig/experiments/results/live_campaign_v2/static_at_cap/sla/rep_seed970/omega_log.jsonl
{
  "run_id": "static_at_cap_sla_seed970_batch2",
  "algorithm": "baseline_static",
  "mode": "live_testbed",
  "seed": 970002,
  "n_episodes": 1,
  "mean_reward_per_step": 5.895833333333334,
  "mean_blocks_per_episode": 0.0,
  "mean_urllc_blocks_per_episode": 0.0,
  "blocks_per_episode": [
    0
  ],
  "blocks_per_episode_by_slice": [
    {}
  ],
  "mean_rho": null,
  "omega_path": "/home/kmanojp/oranslice_rig/experiments/results/live_campaign_v2/static_at_cap/sla/rep_seed970/omega_log.jsonl",
  "checkpoint_path": "",
  "drift_flag": false,
  "drift_reason": "",
  "sla_compliance_by_slice": {
    "embb": 1.0,
    "urllc": 1.0,
    "mmtc": 1.0
  },
  "sla_compliance_all_slices": 1.0,
  "sla_compliance_by_slice_per_episode": [
    {
      "embb": 1.0,
      "urllc": 1.0,
      "mmtc": 1.0
    }
  ],
  "sla_margin_by_slice": {
    "embb": 0.9999999935533219,
    "urllc": 0.734256035770911,
    "mmtc": 0.7149957974185239
  },
  "sla_margin_by_slice_per_episode": [
    {
      "embb": 0.9999999935533219,
      "urllc": 0.734256035770911,
      "mmtc": 0.7149957974185239
    }
  ],
  "mean_mos_by_slice": {
    "embb": 2.171316146850586,
    "urllc": 2.661434765656789,
    "mmtc": 4.762168089548747
  },
  "mean_cost": 0.3050000000000001,
  "mean_sla_viol": 0.0
}
[orchestrator] DONE: 5/5 episodes completed for static_at_cap rep_seed970. omega log: /home/kmanojp/oranslice_rig/experiments/results/live_campaign_v2/static_at_cap/sla/rep_seed970/omega_log.jsonl
=== 16:02:34 DONE arm=static_at_cap seed=970 (1746s, 1 attempt(s)) ===
=== 16:02:34 DRAIN before arm=baseline seed=970 ===
     rnti=20881: mean=5.00 PRB  max=5.00  n=10
     rnti=24927: mean=5.00 PRB  max=5.00  n=10
     rnti=26671: mean=5.00 PRB  max=5.00  n=10

Done. NEVER send SUBSCRIPTION-type messages: still assert(0!=0) in handle_subscription() on this OAI base (verified 2026-07-14).
=== 16:03:09 RUN arm=baseline seed=970 algo=baseline_static mode=sla episodes=5 ===
[orchestrator] === baseline rep_seed970 batch 0 (2 episodes, batch_seed=970000, 0/5 done so far) ===
[orchestrator] $ bash /home/kmanojp/oranslice_rig/experiments/scripts/health_check.sh
[health] OK: all 3 UEs reachable, 16 RAN processes alive, no recent segfault
[orchestrator] $ python3 /home/kmanojp/oranslice_rig/experiments/scripts/run_baseline_static.py --config /home/kmanojp/oranslice_rig/experiments/configs/saclb_campaign_baseline_v2.yaml --gnb-id gnb-0 --episodes 2 --seed 970000 --run-id baseline_sla_seed970_batch0 --omega-jsonl /home/kmanojp/oranslice_rig/experiments/results/live_campaign_v2/baseline/sla/rep_seed970/omega_log.jsonl --reward-mode sla
[baseline_sla_seed970_batch0] baseline_static: talking to gNB E2 agent (listen=6600, gNB=6655)...

Omega log: /home/kmanojp/oranslice_rig/experiments/results/live_campaign_v2/baseline/sla/rep_seed970/omega_log.jsonl
{
  "run_id": "baseline_sla_seed970_batch0",
  "algorithm": "baseline_static",
  "mode": "live_testbed",
  "seed": 970000,
  "n_episodes": 2,
  "mean_reward_per_step": 5.715416666666668,
  "mean_blocks_per_episode": 0.0,
  "mean_urllc_blocks_per_episode": 0.0,
  "blocks_per_episode": [
    0,
    0
  ],
  "blocks_per_episode_by_slice": [
    {},
    {}
  ],
  "mean_rho": null,
  "omega_path": "/home/kmanojp/oranslice_rig/experiments/results/live_campaign_v2/baseline/sla/rep_seed970/omega_log.jsonl",
  "checkpoint_path": "",
  "drift_flag": false,
  "drift_reason": "",
  "sla_compliance_by_slice": {
    "embb": 1.0,
    "urllc": 1.0,
    "mmtc": 1.0
  },
  "sla_compliance_all_slices": 1.0,
  "sla_compliance_by_slice_per_episode": [
    {
      "embb": 1.0,
      "urllc": 1.0,
      "mmtc": 1.0
    },
    {
      "embb": 1.0,
      "urllc": 1.0,
      "mmtc": 1.0
    }
  ],
  "sla_margin_by_slice": {
    "embb": 0.7550000000000007,
    "urllc": 0.7549767934219569,
    "mmtc": 0.7499997029091431
  },
  "sla_margin_by_slice_per_episode": [
    {
      "embb": 0.8100000000000009,
      "urllc": 0.8099535868439135,
      "mmtc": 0.7999994058182858
    },
    {
      "embb": 0.7000000000000004,
      "urllc": 0.7000000000000004,
      "mmtc": 0.7000000000000004
    }
  ],
  "mean_mos_by_slice": {
    "embb": 2.1711528658866883,
    "urllc": 4.218977097670237,
    "mmtc": 4.78420459429423
  },
  "mean_cost": 0.3025,
  "mean_sla_viol": 0.0
}
[orchestrator] === baseline rep_seed970 batch 1 (2 episodes, batch_seed=970001, 2/5 done so far) ===
[orchestrator] $ bash /home/kmanojp/oranslice_rig/experiments/scripts/health_check.sh
[health] FAIL: UE1 (embb) unreachable
[health] FAIL: UE2 (mmtc) unreachable
[health] FAIL: UE3 (urllc) unreachable
[orchestrator] health check failed, restarting stack (attempt 1)
[orchestrator] $ bash /home/kmanojp/oranslice_rig/experiments/scripts/restart_ran_stack.sh
[restart] stopping all RAN processes and tmux sessions
/home/kmanojp/oranslice_rig/experiments/scripts/restart_ran_stack.sh: line 23: 729528 Killed                  sudo pkill -9 -f "nr-uesoftmodem" 2> /dev/null
/home/kmanojp/oranslice_rig/experiments/scripts/restart_ran_stack.sh: line 24: 729530 Killed                  sudo pkill -9 -f "nr-softmodem" 2> /dev/null
[restart] confirmed clean: no RAN processes running
[restart] launching gNB
[restart] gNB up, E2 agent alive
[restart] launching UE1 (embb, default netns)
[restart] UE1 attached
[restart] launching UE2 (mmtc, ue2ns)
[restart] UE2 attached
[restart] launching UE3 (urllc, ue3ns)
[restart] UE3 attached
[restart] verifying connectivity all 3 UEs
[restart] SUCCESS: all 3 UEs attached and reachable
[orchestrator] $ bash /home/kmanojp/oranslice_rig/experiments/scripts/health_check.sh
[health] OK: all 3 UEs reachable, 16 RAN processes alive, no recent segfault
[orchestrator] $ python3 /home/kmanojp/oranslice_rig/experiments/scripts/run_baseline_static.py --config /home/kmanojp/oranslice_rig/experiments/configs/saclb_campaign_baseline_v2.yaml --gnb-id gnb-0 --episodes 2 --seed 970001 --run-id baseline_sla_seed970_batch1 --omega-jsonl /home/kmanojp/oranslice_rig/experiments/results/live_campaign_v2/baseline/sla/rep_seed970/omega_log.jsonl --reward-mode sla
[baseline_sla_seed970_batch1] baseline_static: talking to gNB E2 agent (listen=6600, gNB=6655)...

Omega log: /home/kmanojp/oranslice_rig/experiments/results/live_campaign_v2/baseline/sla/rep_seed970/omega_log.jsonl
{
  "run_id": "baseline_sla_seed970_batch1",
  "algorithm": "baseline_static",
  "mode": "live_testbed",
  "seed": 970001,
  "n_episodes": 2,
  "mean_reward_per_step": 5.565416666666668,
  "mean_blocks_per_episode": 0.0,
  "mean_urllc_blocks_per_episode": 0.0,
  "blocks_per_episode": [
    0,
    0
  ],
  "blocks_per_episode_by_slice": [
    {},
    {}
  ],
  "mean_rho": null,
  "omega_path": "/home/kmanojp/oranslice_rig/experiments/results/live_campaign_v2/baseline/sla/rep_seed970/omega_log.jsonl",
  "checkpoint_path": "",
  "drift_flag": false,
  "drift_reason": "",
  "sla_compliance_by_slice": {
    "embb": 1.0,
    "urllc": 1.0,
    "mmtc": 1.0
  },
  "sla_compliance_all_slices": 1.0,
  "sla_compliance_by_slice_per_episode": [
    {
      "embb": 1.0,
      "urllc": 1.0,
      "mmtc": 1.0
    },
    {
      "embb": 1.0,
      "urllc": 1.0,
      "mmtc": 1.0
    }
  ],
  "sla_margin_by_slice": {
    "embb": 0.7349999898302371,
    "urllc": 0.7171280178854558,
    "mmtc": 0.7099979927602998
  },
  "sla_margin_by_slice_per_episode": [
    {
      "embb": 0.7699999796604737,
      "urllc": 0.734256035770911,
      "mmtc": 0.7199959855205993
    },
    {
      "embb": 0.7000000000000004,
      "urllc": 0.7000000000000004,
      "mmtc": 0.7000000000000004
    }
  ],
  "mean_mos_by_slice": {
    "embb": 2.1711444993813833,
    "urllc": 2.623999772469203,
    "mmtc": 4.7590873757998144
  },
  "mean_cost": 0.3025,
  "mean_sla_viol": 0.0
}
[orchestrator] === baseline rep_seed970 batch 2 (1 episodes, batch_seed=970002, 4/5 done so far) ===
[orchestrator] $ bash /home/kmanojp/oranslice_rig/experiments/scripts/health_check.sh
[health] FAIL: UE1 (embb) unreachable
[health] FAIL: UE2 (mmtc) unreachable
[health] FAIL: UE3 (urllc) unreachable
[orchestrator] health check failed, restarting stack (attempt 1)
[orchestrator] $ bash /home/kmanojp/oranslice_rig/experiments/scripts/restart_ran_stack.sh
[restart] stopping all RAN processes and tmux sessions
/home/kmanojp/oranslice_rig/experiments/scripts/restart_ran_stack.sh: line 23: 734960 Killed                  sudo pkill -9 -f "nr-uesoftmodem" 2> /dev/null
/home/kmanojp/oranslice_rig/experiments/scripts/restart_ran_stack.sh: line 24: 734962 Killed                  sudo pkill -9 -f "nr-softmodem" 2> /dev/null
[restart] confirmed clean: no RAN processes running
[restart] launching gNB
[restart] gNB up, E2 agent alive
[restart] launching UE1 (embb, default netns)
[restart] UE1 attached
[restart] launching UE2 (mmtc, ue2ns)
[restart] UE2 attached
[restart] launching UE3 (urllc, ue3ns)
[restart] UE3 attached
[restart] verifying connectivity all 3 UEs
[restart] SUCCESS: all 3 UEs attached and reachable
[orchestrator] $ bash /home/kmanojp/oranslice_rig/experiments/scripts/health_check.sh
[health] OK: all 3 UEs reachable, 16 RAN processes alive, no recent segfault
[orchestrator] $ python3 /home/kmanojp/oranslice_rig/experiments/scripts/run_baseline_static.py --config /home/kmanojp/oranslice_rig/experiments/configs/saclb_campaign_baseline_v2.yaml --gnb-id gnb-0 --episodes 1 --seed 970002 --run-id baseline_sla_seed970_batch2 --omega-jsonl /home/kmanojp/oranslice_rig/experiments/results/live_campaign_v2/baseline/sla/rep_seed970/omega_log.jsonl --reward-mode sla
[baseline_sla_seed970_batch2] baseline_static: talking to gNB E2 agent (listen=6600, gNB=6655)...

Omega log: /home/kmanojp/oranslice_rig/experiments/results/live_campaign_v2/baseline/sla/rep_seed970/omega_log.jsonl
{
  "run_id": "baseline_sla_seed970_batch2",
  "algorithm": "baseline_static",
  "mode": "live_testbed",
  "seed": 970002,
  "n_episodes": 1,
  "mean_reward_per_step": 5.895833333333334,
  "mean_blocks_per_episode": 0.0,
  "mean_urllc_blocks_per_episode": 0.0,
  "blocks_per_episode": [
    0
  ],
  "blocks_per_episode_by_slice": [
    {}
  ],
  "mean_rho": null,
  "omega_path": "/home/kmanojp/oranslice_rig/experiments/results/live_campaign_v2/baseline/sla/rep_seed970/omega_log.jsonl",
  "checkpoint_path": "",
  "drift_flag": false,
  "drift_reason": "",
  "sla_compliance_by_slice": {
    "embb": 1.0,
    "urllc": 1.0,
    "mmtc": 1.0
  },
  "sla_compliance_all_slices": 1.0,
  "sla_compliance_by_slice_per_episode": [
    {
      "embb": 1.0,
      "urllc": 1.0,
      "mmtc": 1.0
    }
  ],
  "sla_margin_by_slice": {
    "embb": 0.7599999784414518,
    "urllc": 0.7390589170251046,
    "mmtc": 0.7149965959092068
  },
  "sla_margin_by_slice_per_episode": [
    {
      "embb": 0.7599999784414518,
      "urllc": 0.7390589170251046,
      "mmtc": 0.7149965959092068
    }
  ],
  "mean_mos_by_slice": {
    "embb": 2.171094290415446,
    "urllc": 2.506810506184896,
    "mmtc": 4.762083888053894
  },
  "mean_cost": 0.3050000000000001,
  "mean_sla_viol": 0.0
}
[orchestrator] DONE: 5/5 episodes completed for baseline rep_seed970. omega log: /home/kmanojp/oranslice_rig/experiments/results/live_campaign_v2/baseline/sla/rep_seed970/omega_log.jsonl
=== 16:31:44 DONE arm=baseline seed=970 (1750s, 1 attempt(s)) ===
=== seed=971 episodes=5 arm_order=dqn_qoe static_at_cap baseline dqn_sla ===
=== 16:31:44 DRAIN before arm=dqn_qoe seed=971 ===
     rnti=10717: mean=5.00 PRB  max=5.00  n=10
     rnti=15463: mean=5.00 PRB  max=5.00  n=10
     rnti=28054: mean=5.00 PRB  max=5.00  n=10

Done. NEVER send SUBSCRIPTION-type messages: still assert(0!=0) in handle_subscription() on this OAI base (verified 2026-07-14).
=== 16:32:19 RUN arm=dqn_qoe seed=971 algo=dqn mode=qoe episodes=5 ===
[orchestrator] === dqn_qoe rep_seed971 batch 0 (2 episodes, batch_seed=971000, 0/5 done so far) ===
[orchestrator] $ bash /home/kmanojp/oranslice_rig/experiments/scripts/health_check.sh
[health] OK: all 3 UEs reachable, 16 RAN processes alive, no recent segfault
[orchestrator] $ python3 /home/kmanojp/oranslice_rig/framework/qoe_oran_framework/xapp/saclb_xapp.py --config /home/kmanojp/oranslice_rig/experiments/configs/saclb_campaign_v2.yaml --algorithm dqn --checkpoint /home/kmanojp/oranslice_rig/experiments/results/offline_v2/qoe/seed256/dqn/offline_closed_loop/rep_0/checkpoint.pt --gnb-id gnb-0 --episodes 2 --seed 971000 --run-id dqn_qoe_qoe_seed971_batch0 --omega-jsonl /home/kmanojp/oranslice_rig/experiments/results/live_campaign_v2/dqn_qoe/qoe/rep_seed971/omega_log.jsonl --reward-mode qoe
[dqn_qoe_qoe_seed971_batch0] talking to gNB E2 agent (listen=6600, gNB=6655)...

Omega log: /home/kmanojp/oranslice_rig/experiments/results/live_campaign_v2/dqn_qoe/qoe/rep_seed971/omega_log.jsonl
{
  "run_id": "dqn_qoe_qoe_seed971_batch0",
  "algorithm": "dqn",
  "mode": "live_testbed",
  "seed": 971000,
  "n_episodes": 2,
  "mean_reward_per_step": 0.6748394667175079,
  "mean_blocks_per_episode": 96.5,
  "mean_urllc_blocks_per_episode": 31.0,
  "blocks_per_episode": [
    73,
    120
  ],
  "blocks_per_episode_by_slice": [
    {
      "mmtc": 25,
      "embb": 31,
      "urllc": 17
    },
    {
      "embb": 35,
      "mmtc": 40,
      "urllc": 45
    }
  ],
  "mean_rho": null,
  "omega_path": "/home/kmanojp/oranslice_rig/experiments/results/live_campaign_v2/dqn_qoe/qoe/rep_seed971/omega_log.jsonl",
  "checkpoint_path": "",
  "drift_flag": true,
  "drift_reason": "mean URLLC block rate 31.00/episode exceeds 2x the 1.0/episode acceptance bar",
  "sla_compliance_by_slice": {
    "embb": 1.0,
    "urllc": 1.0,
    "mmtc": 1.0
  },
  "sla_compliance_all_slices": 1.0,
  "sla_compliance_by_slice_per_episode": [
    {
      "embb": 1.0,
      "urllc": 1.0,
      "mmtc": 1.0
    },
    {
      "embb": 1.0,
      "urllc": 1.0,
      "mmtc": 1.0
    }
  ],
  "sla_margin_by_slice": {
    "embb": 0.9974999999417893,
    "urllc": 0.7824687755505884,
    "mmtc": 0.7524997954397308
  },
  "sla_margin_by_slice_per_episode": [
    {
      "embb": 0.999999999883579,
      "urllc": 0.8649375511011762,
      "mmtc": 0.8049995908794613
    },
    {
      "embb": 0.9949999999999997,
      "urllc": 0.7000000000000004,
      "mmtc": 0.7000000000000004
    }
  ],
  "mean_mos_by_slice": {
    "embb": 2.1713093598683675,
    "urllc": 4.287950686613718,
    "mmtc": 4.785813554128011
  },
  "mean_cost": 0.06125000000000001,
  "mean_sla_viol": 0.0
}
[orchestrator] === dqn_qoe rep_seed971 batch 1 (2 episodes, batch_seed=971001, 2/5 done so far) ===
[orchestrator] $ bash /home/kmanojp/oranslice_rig/experiments/scripts/health_check.sh
[health] FAIL: UE1 (embb) unreachable
[health] FAIL: UE2 (mmtc) unreachable
[health] FAIL: UE3 (urllc) unreachable
[orchestrator] health check failed, restarting stack (attempt 1)
[orchestrator] $ bash /home/kmanojp/oranslice_rig/experiments/scripts/restart_ran_stack.sh
[restart] stopping all RAN processes and tmux sessions
/home/kmanojp/oranslice_rig/experiments/scripts/restart_ran_stack.sh: line 23: 742991 Killed                  sudo pkill -9 -f "nr-uesoftmodem" 2> /dev/null
/home/kmanojp/oranslice_rig/experiments/scripts/restart_ran_stack.sh: line 24: 742993 Killed                  sudo pkill -9 -f "nr-softmodem" 2> /dev/null
[restart] confirmed clean: no RAN processes running
[restart] launching gNB
[restart] gNB up, E2 agent alive
[restart] launching UE1 (embb, default netns)
[restart] UE1 attached
[restart] launching UE2 (mmtc, ue2ns)
[restart] UE2 attached
[restart] launching UE3 (urllc, ue3ns)
[restart] UE3 attached
[restart] verifying connectivity all 3 UEs
[restart] SUCCESS: all 3 UEs attached and reachable
[orchestrator] $ bash /home/kmanojp/oranslice_rig/experiments/scripts/health_check.sh
[health] OK: all 3 UEs reachable, 16 RAN processes alive, no recent segfault
[orchestrator] $ python3 /home/kmanojp/oranslice_rig/framework/qoe_oran_framework/xapp/saclb_xapp.py --config /home/kmanojp/oranslice_rig/experiments/configs/saclb_campaign_v2.yaml --algorithm dqn --checkpoint /home/kmanojp/oranslice_rig/experiments/results/offline_v2/qoe/seed256/dqn/offline_closed_loop/rep_0/checkpoint.pt --gnb-id gnb-0 --episodes 2 --seed 971001 --run-id dqn_qoe_qoe_seed971_batch1 --omega-jsonl /home/kmanojp/oranslice_rig/experiments/results/live_campaign_v2/dqn_qoe/qoe/rep_seed971/omega_log.jsonl --reward-mode qoe
[dqn_qoe_qoe_seed971_batch1] talking to gNB E2 agent (listen=6600, gNB=6655)...

Omega log: /home/kmanojp/oranslice_rig/experiments/results/live_campaign_v2/dqn_qoe/qoe/rep_seed971/omega_log.jsonl
{
  "run_id": "dqn_qoe_qoe_seed971_batch1",
  "algorithm": "dqn",
  "mode": "live_testbed",
  "seed": 971001,
  "n_episodes": 2,
  "mean_reward_per_step": 0.5644856403536265,
  "mean_blocks_per_episode": 115.5,
  "mean_urllc_blocks_per_episode": 37.0,
  "blocks_per_episode": [
    111,
    120
  ],
  "blocks_per_episode_by_slice": [
    {
      "mmtc": 33,
      "embb": 46,
      "urllc": 32
    },
    {
      "urllc": 42,
      "embb": 41,
      "mmtc": 37
    }
  ],
  "mean_rho": null,
  "omega_path": "/home/kmanojp/oranslice_rig/experiments/results/live_campaign_v2/dqn_qoe/qoe/rep_seed971/omega_log.jsonl",
  "checkpoint_path": "",
  "drift_flag": true,
  "drift_reason": "mean URLLC block rate 37.00/episode exceeds 2x the 1.0/episode acceptance bar",
  "sla_compliance_by_slice": {
    "embb": 1.0,
    "urllc": 1.0,
    "mmtc": 1.0
  },
  "sla_compliance_all_slices": 1.0,
  "sla_compliance_by_slice_per_episode": [
    {
      "embb": 1.0,
      "urllc": 1.0,
      "mmtc": 1.0
    },
    {
      "embb": 1.0,
      "urllc": 1.0,
      "mmtc": 1.0
    }
  ],
  "sla_margin_by_slice": {
    "embb": 0.7249999951450699,
    "urllc": 0.7196459223174805,
    "mmtc": 0.7049991442820399
  },
  "sla_margin_by_slice_per_episode": [
    {
      "embb": 0.7499999902901392,
      "urllc": 0.7392918446349606,
      "mmtc": 0.7099982885640794
    },
    {
      "embb": 0.7000000000000004,
      "urllc": 0.7000000000000004,
      "mmtc": 0.7000000000000004
    }
  ],
  "mean_mos_by_slice": {
    "embb": 2.171140307188034,
    "urllc": 2.8798408885796865,
    "mmtc": 4.755846488475799
  },
  "mean_cost": 0.013750000000000004,
  "mean_sla_viol": 0.0
}
[orchestrator] === dqn_qoe rep_seed971 batch 2 (1 episodes, batch_seed=971002, 4/5 done so far) ===
[orchestrator] $ bash /home/kmanojp/oranslice_rig/experiments/scripts/health_check.sh
[health] FAIL: UE1 (embb) unreachable
[health] FAIL: UE2 (mmtc) unreachable
[health] FAIL: UE3 (urllc) unreachable
[orchestrator] health check failed, restarting stack (attempt 1)
[orchestrator] $ bash /home/kmanojp/oranslice_rig/experiments/scripts/restart_ran_stack.sh
[restart] stopping all RAN processes and tmux sessions
/home/kmanojp/oranslice_rig/experiments/scripts/restart_ran_stack.sh: line 23: 748437 Killed                  sudo pkill -9 -f "nr-uesoftmodem" 2> /dev/null
/home/kmanojp/oranslice_rig/experiments/scripts/restart_ran_stack.sh: line 24: 748439 Killed                  sudo pkill -9 -f "nr-softmodem" 2> /dev/null
[restart] confirmed clean: no RAN processes running
[restart] launching gNB
[restart] gNB up, E2 agent alive
[restart] launching UE1 (embb, default netns)
[restart] UE1 attached
[restart] launching UE2 (mmtc, ue2ns)
[restart] UE2 attached
[restart] launching UE3 (urllc, ue3ns)
[restart] UE3 attached
[restart] verifying connectivity all 3 UEs
[restart] SUCCESS: all 3 UEs attached and reachable
[orchestrator] $ bash /home/kmanojp/oranslice_rig/experiments/scripts/health_check.sh
[health] OK: all 3 UEs reachable, 16 RAN processes alive, no recent segfault
[orchestrator] $ python3 /home/kmanojp/oranslice_rig/framework/qoe_oran_framework/xapp/saclb_xapp.py --config /home/kmanojp/oranslice_rig/experiments/configs/saclb_campaign_v2.yaml --algorithm dqn --checkpoint /home/kmanojp/oranslice_rig/experiments/results/offline_v2/qoe/seed256/dqn/offline_closed_loop/rep_0/checkpoint.pt --gnb-id gnb-0 --episodes 1 --seed 971002 --run-id dqn_qoe_qoe_seed971_batch2 --omega-jsonl /home/kmanojp/oranslice_rig/experiments/results/live_campaign_v2/dqn_qoe/qoe/rep_seed971/omega_log.jsonl --reward-mode qoe
[dqn_qoe_qoe_seed971_batch2] talking to gNB E2 agent (listen=6600, gNB=6655)...

Omega log: /home/kmanojp/oranslice_rig/experiments/results/live_campaign_v2/dqn_qoe/qoe/rep_seed971/omega_log.jsonl
{
  "run_id": "dqn_qoe_qoe_seed971_batch2",
  "algorithm": "dqn",
  "mode": "live_testbed",
  "seed": 971002,
  "n_episodes": 1,
  "mean_reward_per_step": 0.5903162907229531,
  "mean_blocks_per_episode": 102.0,
  "mean_urllc_blocks_per_episode": 24.0,
  "blocks_per_episode": [
    102
  ],
  "blocks_per_episode_by_slice": [
    {
      "embb": 38,
      "mmtc": 40,
      "urllc": 24
    }
  ],
  "mean_rho": null,
  "omega_path": "/home/kmanojp/oranslice_rig/experiments/results/live_campaign_v2/dqn_qoe/qoe/rep_seed971/omega_log.jsonl",
  "checkpoint_path": "",
  "drift_flag": true,
  "drift_reason": "mean URLLC block rate 24.00/episode exceeds 2x the 1.0/episode acceptance bar",
  "sla_compliance_by_slice": {
    "embb": 1.0,
    "urllc": 1.0,
    "mmtc": 1.0
  },
  "sla_compliance_all_slices": 1.0,
  "sla_compliance_by_slice_per_episode": [
    {
      "embb": 1.0,
      "urllc": 1.0,
      "mmtc": 1.0
    }
  ],
  "sla_margin_by_slice": {
    "embb": 0.8949999932011061,
    "urllc": 0.7394443000139053,
    "mmtc": 0.7599905871029207
  },
  "sla_margin_by_slice_per_episode": [
    {
      "embb": 0.8949999932011061,
      "urllc": 0.7394443000139053,
      "mmtc": 0.7599905871029207
    }
  ],
  "mean_mos_by_slice": {
    "embb": 2.17115083138148,
    "urllc": 3.2420470356941222,
    "mmtc": 4.790597621599833
  },
  "mean_cost": 0.05000000000000001,
  "mean_sla_viol": 0.0
}
[orchestrator] DONE: 5/5 episodes completed for dqn_qoe rep_seed971. omega log: /home/kmanojp/oranslice_rig/experiments/results/live_campaign_v2/dqn_qoe/qoe/rep_seed971/omega_log.jsonl
=== 17:01:04 DONE arm=dqn_qoe seed=971 (1760s, 1 attempt(s)) ===
=== 17:01:04 DRAIN before arm=static_at_cap seed=971 ===
     rnti=29817: mean=5.00 PRB  max=5.00  n=10
     rnti=32927: mean=5.00 PRB  max=5.00  n=10
     rnti=47194: mean=5.00 PRB  max=5.00  n=10

Done. NEVER send SUBSCRIPTION-type messages: still assert(0!=0) in handle_subscription() on this OAI base (verified 2026-07-14).
=== 17:01:39 RUN arm=static_at_cap seed=971 algo=baseline_static mode=sla episodes=5 ===
[orchestrator] === static_at_cap rep_seed971 batch 0 (2 episodes, batch_seed=971000, 0/5 done so far) ===
[orchestrator] $ bash /home/kmanojp/oranslice_rig/experiments/scripts/health_check.sh
[health] OK: all 3 UEs reachable, 16 RAN processes alive, no recent segfault
[orchestrator] $ python3 /home/kmanojp/oranslice_rig/experiments/scripts/run_baseline_static.py --config /home/kmanojp/oranslice_rig/experiments/configs/saclb_campaign_static_at_cap_v2.yaml --gnb-id gnb-0 --episodes 2 --seed 971000 --run-id static_at_cap_sla_seed971_batch0 --omega-jsonl /home/kmanojp/oranslice_rig/experiments/results/live_campaign_v2/static_at_cap/sla/rep_seed971/omega_log.jsonl --reward-mode sla
[static_at_cap_sla_seed971_batch0] baseline_static: talking to gNB E2 agent (listen=6600, gNB=6655)...

Omega log: /home/kmanojp/oranslice_rig/experiments/results/live_campaign_v2/static_at_cap/sla/rep_seed971/omega_log.jsonl
{
  "run_id": "static_at_cap_sla_seed971_batch0",
  "algorithm": "baseline_static",
  "mode": "live_testbed",
  "seed": 971000,
  "n_episodes": 2,
  "mean_reward_per_step": 5.638750000000002,
  "mean_blocks_per_episode": 0.0,
  "mean_urllc_blocks_per_episode": 0.0,
  "blocks_per_episode": [
    0,
    0
  ],
  "blocks_per_episode_by_slice": [
    {},
    {}
  ],
  "mean_rho": null,
  "omega_path": "/home/kmanojp/oranslice_rig/experiments/results/live_campaign_v2/static_at_cap/sla/rep_seed971/omega_log.jsonl",
  "checkpoint_path": "",
  "drift_flag": false,
  "drift_reason": "",
  "sla_compliance_by_slice": {
    "embb": 1.0,
    "urllc": 1.0,
    "mmtc": 1.0
  },
  "sla_compliance_all_slices": 1.0,
  "sla_compliance_by_slice_per_episode": [
    {
      "embb": 1.0,
      "urllc": 1.0,
      "mmtc": 1.0
    },
    {
      "embb": 1.0,
      "urllc": 1.0,
      "mmtc": 1.0
    }
  ],
  "sla_margin_by_slice": {
    "embb": 0.9999999999998077,
    "urllc": 0.7724799780274172,
    "mmtc": 0.7174999436120516
  },
  "sla_margin_by_slice_per_episode": [
    {
      "embb": 0.9999999999996153,
      "urllc": 0.8449599560548341,
      "mmtc": 0.7349998872241028
    },
    {
      "embb": 1.0,
      "urllc": 0.7000000000000004,
      "mmtc": 0.7000000000000004
    }
  ],
  "mean_mos_by_slice": {
    "embb": 2.171316146850586,
    "urllc": 4.262894944349925,
    "mmtc": 4.763537375132243
  },
  "mean_cost": 0.3025,
  "mean_sla_viol": 0.0
}
[orchestrator] === static_at_cap rep_seed971 batch 1 (2 episodes, batch_seed=971001, 2/5 done so far) ===
[orchestrator] $ bash /home/kmanojp/oranslice_rig/experiments/scripts/health_check.sh
[health] FAIL: UE2 (mmtc) unreachable
[health] FAIL: UE3 (urllc) unreachable
[orchestrator] health check failed, restarting stack (attempt 1)
[orchestrator] $ bash /home/kmanojp/oranslice_rig/experiments/scripts/restart_ran_stack.sh
[restart] stopping all RAN processes and tmux sessions
/home/kmanojp/oranslice_rig/experiments/scripts/restart_ran_stack.sh: line 23: 756727 Killed                  sudo pkill -9 -f "nr-uesoftmodem" 2> /dev/null
/home/kmanojp/oranslice_rig/experiments/scripts/restart_ran_stack.sh: line 24: 756729 Killed                  sudo pkill -9 -f "nr-softmodem" 2> /dev/null
[restart] confirmed clean: no RAN processes running
[restart] launching gNB
[restart] gNB up, E2 agent alive
[restart] launching UE1 (embb, default netns)
[restart] UE1 attached
[restart] launching UE2 (mmtc, ue2ns)
[restart] UE2 attached
[restart] launching UE3 (urllc, ue3ns)
[restart] UE3 attached
[restart] verifying connectivity all 3 UEs
[restart] SUCCESS: all 3 UEs attached and reachable
[orchestrator] $ bash /home/kmanojp/oranslice_rig/experiments/scripts/health_check.sh
[health] OK: all 3 UEs reachable, 16 RAN processes alive, no recent segfault
[orchestrator] $ python3 /home/kmanojp/oranslice_rig/experiments/scripts/run_baseline_static.py --config /home/kmanojp/oranslice_rig/experiments/configs/saclb_campaign_static_at_cap_v2.yaml --gnb-id gnb-0 --episodes 2 --seed 971001 --run-id static_at_cap_sla_seed971_batch1 --omega-jsonl /home/kmanojp/oranslice_rig/experiments/results/live_campaign_v2/static_at_cap/sla/rep_seed971/omega_log.jsonl --reward-mode sla
[static_at_cap_sla_seed971_batch1] baseline_static: talking to gNB E2 agent (listen=6600, gNB=6655)...

Omega log: /home/kmanojp/oranslice_rig/experiments/results/live_campaign_v2/static_at_cap/sla/rep_seed971/omega_log.jsonl
{
  "run_id": "static_at_cap_sla_seed971_batch1",
  "algorithm": "baseline_static",
  "mode": "live_testbed",
  "seed": 971001,
  "n_episodes": 2,
  "mean_reward_per_step": 5.670416666666668,
  "mean_blocks_per_episode": 0.0,
  "mean_urllc_blocks_per_episode": 0.0,
  "blocks_per_episode": [
    0,
    0
  ],
  "blocks_per_episode_by_slice": [
    {},
    {}
  ],
  "mean_rho": null,
  "omega_path": "/home/kmanojp/oranslice_rig/experiments/results/live_campaign_v2/static_at_cap/sla/rep_seed971/omega_log.jsonl",
  "checkpoint_path": "",
  "drift_flag": false,
  "drift_reason": "",
  "sla_compliance_by_slice": {
    "embb": 1.0,
    "urllc": 1.0,
    "mmtc": 1.0
  },
  "sla_compliance_all_slices": 1.0,
  "sla_compliance_by_slice_per_episode": [
    {
      "embb": 1.0,
      "urllc": 1.0,
      "mmtc": 1.0
    },
    {
      "embb": 1.0,
      "urllc": 1.0,
      "mmtc": 1.0
    }
  ],
  "sla_margin_by_slice": {
    "embb": 0.9999999969892259,
    "urllc": 0.7220725067293586,
    "mmtc": 0.7074984681591745
  },
  "sla_margin_by_slice_per_episode": [
    {
      "embb": 0.9999999939784519,
      "urllc": 0.7441450134587169,
      "mmtc": 0.7149969363183485
    },
    {
      "embb": 1.0,
      "urllc": 0.7000000000000004,
      "mmtc": 0.7000000000000004
    }
  ],
  "mean_mos_by_slice": {
    "embb": 2.171316146850586,
    "urllc": 2.787105812629064,
    "mmtc": 4.757497795422872
  },
  "mean_cost": 0.3025,
  "mean_sla_viol": 0.0
}
[orchestrator] === static_at_cap rep_seed971 batch 2 (1 episodes, batch_seed=971002, 4/5 done so far) ===
[orchestrator] $ bash /home/kmanojp/oranslice_rig/experiments/scripts/health_check.sh
[health] FAIL: UE2 (mmtc) unreachable
[health] FAIL: UE3 (urllc) unreachable
[orchestrator] health check failed, restarting stack (attempt 1)
[orchestrator] $ bash /home/kmanojp/oranslice_rig/experiments/scripts/restart_ran_stack.sh
[restart] stopping all RAN processes and tmux sessions
/home/kmanojp/oranslice_rig/experiments/scripts/restart_ran_stack.sh: line 23: 762129 Killed                  sudo pkill -9 -f "nr-uesoftmodem" 2> /dev/null
/home/kmanojp/oranslice_rig/experiments/scripts/restart_ran_stack.sh: line 24: 762131 Killed                  sudo pkill -9 -f "nr-softmodem" 2> /dev/null
[restart] confirmed clean: no RAN processes running
[restart] launching gNB
[restart] gNB up, E2 agent alive
[restart] launching UE1 (embb, default netns)
[restart] UE1 attached
[restart] launching UE2 (mmtc, ue2ns)
[restart] UE2 attached
[restart] launching UE3 (urllc, ue3ns)
[restart] UE3 attached
[restart] verifying connectivity all 3 UEs
[restart] SUCCESS: all 3 UEs attached and reachable
[orchestrator] $ bash /home/kmanojp/oranslice_rig/experiments/scripts/health_check.sh
[health] OK: all 3 UEs reachable, 16 RAN processes alive, no recent segfault
[orchestrator] $ python3 /home/kmanojp/oranslice_rig/experiments/scripts/run_baseline_static.py --config /home/kmanojp/oranslice_rig/experiments/configs/saclb_campaign_static_at_cap_v2.yaml --gnb-id gnb-0 --episodes 1 --seed 971002 --run-id static_at_cap_sla_seed971_batch2 --omega-jsonl /home/kmanojp/oranslice_rig/experiments/results/live_campaign_v2/static_at_cap/sla/rep_seed971/omega_log.jsonl --reward-mode sla
[static_at_cap_sla_seed971_batch2] baseline_static: talking to gNB E2 agent (listen=6600, gNB=6655)...

Omega log: /home/kmanojp/oranslice_rig/experiments/results/live_campaign_v2/static_at_cap/sla/rep_seed971/omega_log.jsonl
{
  "run_id": "static_at_cap_sla_seed971_batch2",
  "algorithm": "baseline_static",
  "mode": "live_testbed",
  "seed": 971002,
  "n_episodes": 1,
  "mean_reward_per_step": 5.005833333333333,
  "mean_blocks_per_episode": 0.0,
  "mean_urllc_blocks_per_episode": 0.0,
  "blocks_per_episode": [
    0
  ],
  "blocks_per_episode_by_slice": [
    {}
  ],
  "mean_rho": null,
  "omega_path": "/home/kmanojp/oranslice_rig/experiments/results/live_campaign_v2/static_at_cap/sla/rep_seed971/omega_log.jsonl",
  "checkpoint_path": "",
  "drift_flag": false,
  "drift_reason": "",
  "sla_compliance_by_slice": {
    "embb": 1.0,
    "urllc": 1.0,
    "mmtc": 1.0
  },
  "sla_compliance_all_slices": 1.0,
  "sla_compliance_by_slice_per_episode": [
    {
      "embb": 1.0,
      "urllc": 1.0,
      "mmtc": 1.0
    }
  ],
  "sla_margin_by_slice": {
    "embb": 0.9999999890425225,
    "urllc": 0.734256035770911,
    "mmtc": 0.7249950347228501
  },
  "sla_margin_by_slice_per_episode": [
    {
      "embb": 0.9999999890425225,
      "urllc": 0.734256035770911,
      "mmtc": 0.7249950347228501
    }
  ],
  "mean_mos_by_slice": {
    "embb": 2.171316162745158,
    "urllc": 2.661434765656789,
    "mmtc": 4.76840611298879
  },
  "mean_cost": 0.3050000000000001,
  "mean_sla_viol": 0.0
}
[orchestrator] DONE: 5/5 episodes completed for static_at_cap rep_seed971. omega log: /home/kmanojp/oranslice_rig/experiments/results/live_campaign_v2/static_at_cap/sla/rep_seed971/omega_log.jsonl
=== 20:47:15 DONE arm=static_at_cap seed=971 (13571s, 1 attempt(s)) ===
=== 20:47:15 DRAIN before arm=baseline seed=971 ===
     rnti=17431: mean=5.00 PRB  max=5.00  n=10
     rnti=20296: mean=5.00 PRB  max=5.00  n=10
     rnti=60944: mean=5.00 PRB  max=5.00  n=10

Done. NEVER send SUBSCRIPTION-type messages: still assert(0!=0) in handle_subscription() on this OAI base (verified 2026-07-14).
=== 20:47:50 RUN arm=baseline seed=971 algo=baseline_static mode=sla episodes=5 ===
[orchestrator] === baseline rep_seed971 batch 0 (2 episodes, batch_seed=971000, 0/5 done so far) ===
[orchestrator] $ bash /home/kmanojp/oranslice_rig/experiments/scripts/health_check.sh
[health] OK: all 3 UEs reachable, 16 RAN processes alive, no recent segfault
[orchestrator] $ python3 /home/kmanojp/oranslice_rig/experiments/scripts/run_baseline_static.py --config /home/kmanojp/oranslice_rig/experiments/configs/saclb_campaign_baseline_v2.yaml --gnb-id gnb-0 --episodes 2 --seed 971000 --run-id baseline_sla_seed971_batch0 --omega-jsonl /home/kmanojp/oranslice_rig/experiments/results/live_campaign_v2/baseline/sla/rep_seed971/omega_log.jsonl --reward-mode sla
[baseline_sla_seed971_batch0] baseline_static: talking to gNB E2 agent (listen=6600, gNB=6655)...

Omega log: /home/kmanojp/oranslice_rig/experiments/results/live_campaign_v2/baseline/sla/rep_seed971/omega_log.jsonl
{
  "run_id": "baseline_sla_seed971_batch0",
  "algorithm": "baseline_static",
  "mode": "live_testbed",
  "seed": 971000,
  "n_episodes": 2,
  "mean_reward_per_step": 5.638750000000002,
  "mean_blocks_per_episode": 0.0,
  "mean_urllc_blocks_per_episode": 0.0,
  "blocks_per_episode": [
    0,
    0
  ],
  "blocks_per_episode_by_slice": [
    {},
    {}
  ],
  "mean_rho": null,
  "omega_path": "/home/kmanojp/oranslice_rig/experiments/results/live_campaign_v2/baseline/sla/rep_seed971/omega_log.jsonl",
  "checkpoint_path": "",
  "drift_flag": false,
  "drift_reason": "",
  "sla_compliance_by_slice": {
    "embb": 1.0,
    "urllc": 1.0,
    "mmtc": 1.0
  },
  "sla_compliance_all_slices": 1.0,
  "sla_compliance_by_slice_per_episode": [
    {
      "embb": 1.0,
      "urllc": 1.0,
      "mmtc": 1.0
    },
    {
      "embb": 1.0,
      "urllc": 1.0,
      "mmtc": 1.0
    }
  ],
  "sla_margin_by_slice": {
    "embb": 0.7450000000000006,
    "urllc": 0.7574757491259523,
    "mmtc": 0.784999592757009
  },
  "sla_margin_by_slice_per_episode": [
    {
      "embb": 0.7900000000000008,
      "urllc": 0.8149514982519042,
      "mmtc": 0.8699991855140178
    },
    {
      "embb": 0.7000000000000004,
      "urllc": 0.7000000000000004,
      "mmtc": 0.7000000000000004
    }
  ],
  "mean_mos_by_slice": {
    "embb": 2.171148677666982,
    "urllc": 4.225246524810791,
    "mmtc": 4.8064541776975
  },
  "mean_cost": 0.3025,
  "mean_sla_viol": 0.0
}
[orchestrator] === baseline rep_seed971 batch 1 (2 episodes, batch_seed=971001, 2/5 done so far) ===
[orchestrator] $ bash /home/kmanojp/oranslice_rig/experiments/scripts/health_check.sh
[health] FAIL: UE1 (embb) unreachable
[health] FAIL: UE2 (mmtc) unreachable
[health] FAIL: UE3 (urllc) unreachable
[orchestrator] health check failed, restarting stack (attempt 1)
[orchestrator] $ bash /home/kmanojp/oranslice_rig/experiments/scripts/restart_ran_stack.sh
[restart] stopping all RAN processes and tmux sessions
/home/kmanojp/oranslice_rig/experiments/scripts/restart_ran_stack.sh: line 23: 770183 Killed                  sudo pkill -9 -f "nr-uesoftmodem" 2> /dev/null
/home/kmanojp/oranslice_rig/experiments/scripts/restart_ran_stack.sh: line 24: 770185 Killed                  sudo pkill -9 -f "nr-softmodem" 2> /dev/null
[restart] confirmed clean: no RAN processes running
[restart] launching gNB
[restart] gNB up, E2 agent alive
[restart] launching UE1 (embb, default netns)
[restart] UE1 attached
[restart] launching UE2 (mmtc, ue2ns)
[restart] UE2 attached
[restart] launching UE3 (urllc, ue3ns)
[restart] UE3 attached
[restart] verifying connectivity all 3 UEs
[restart] SUCCESS: all 3 UEs attached and reachable
[orchestrator] $ bash /home/kmanojp/oranslice_rig/experiments/scripts/health_check.sh
[health] OK: all 3 UEs reachable, 16 RAN processes alive, no recent segfault
[orchestrator] $ python3 /home/kmanojp/oranslice_rig/experiments/scripts/run_baseline_static.py --config /home/kmanojp/oranslice_rig/experiments/configs/saclb_campaign_baseline_v2.yaml --gnb-id gnb-0 --episodes 2 --seed 971001 --run-id baseline_sla_seed971_batch1 --omega-jsonl /home/kmanojp/oranslice_rig/experiments/results/live_campaign_v2/baseline/sla/rep_seed971/omega_log.jsonl --reward-mode sla
[baseline_sla_seed971_batch1] baseline_static: talking to gNB E2 agent (listen=6600, gNB=6655)...

Omega log: /home/kmanojp/oranslice_rig/experiments/results/live_campaign_v2/baseline/sla/rep_seed971/omega_log.jsonl
{
  "run_id": "baseline_sla_seed971_batch1",
  "algorithm": "baseline_static",
  "mode": "live_testbed",
  "seed": 971001,
  "n_episodes": 2,
  "mean_reward_per_step": 5.670416666666668,
  "mean_blocks_per_episode": 0.0,
  "mean_urllc_blocks_per_episode": 0.0,
  "blocks_per_episode": [
    0,
    0
  ],
  "blocks_per_episode_by_slice": [
    {},
    {}
  ],
  "mean_rho": null,
  "omega_path": "/home/kmanojp/oranslice_rig/experiments/results/live_campaign_v2/baseline/sla/rep_seed971/omega_log.jsonl",
  "checkpoint_path": "",
  "drift_flag": false,
  "drift_reason": "",
  "sla_compliance_by_slice": {
    "embb": 1.0,
    "urllc": 1.0,
    "mmtc": 1.0
  },
  "sla_compliance_all_slices": 1.0,
  "sla_compliance_by_slice_per_episode": [
    {
      "embb": 1.0,
      "urllc": 1.0,
      "mmtc": 1.0
    },
    {
      "embb": 1.0,
      "urllc": 1.0,
      "mmtc": 1.0
    }
  ],
  "sla_margin_by_slice": {
    "embb": 0.7374999882142015,
    "urllc": 0.7196569753003621,
    "mmtc": 0.7124977656253104
  },
  "sla_margin_by_slice_per_episode": [
    {
      "embb": 0.7749999764284026,
      "urllc": 0.7393139506007239,
      "mmtc": 0.719996386968581
    },
    {
      "embb": 0.7000000000000004,
      "urllc": 0.7000000000000004,
      "mmtc": 0.7049991442820398
    }
  ],
  "mean_mos_by_slice": {
    "embb": 2.1711455543835956,
    "urllc": 2.920806058247884,
    "mmtc": 4.760667717456817
  },
  "mean_cost": 0.3025,
  "mean_sla_viol": 0.0
}
[orchestrator] === baseline rep_seed971 batch 2 (1 episodes, batch_seed=971002, 4/5 done so far) ===
[orchestrator] $ bash /home/kmanojp/oranslice_rig/experiments/scripts/health_check.sh
[health] FAIL: UE1 (embb) unreachable
[health] FAIL: UE2 (mmtc) unreachable
[health] FAIL: UE3 (urllc) unreachable
[orchestrator] health check failed, restarting stack (attempt 1)
[orchestrator] $ bash /home/kmanojp/oranslice_rig/experiments/scripts/restart_ran_stack.sh
[restart] stopping all RAN processes and tmux sessions
/home/kmanojp/oranslice_rig/experiments/scripts/restart_ran_stack.sh: line 23: 775594 Killed                  sudo pkill -9 -f "nr-uesoftmodem" 2> /dev/null
/home/kmanojp/oranslice_rig/experiments/scripts/restart_ran_stack.sh: line 24: 775596 Killed                  sudo pkill -9 -f "nr-softmodem" 2> /dev/null
[restart] confirmed clean: no RAN processes running
[restart] launching gNB
[restart] gNB up, E2 agent alive
[restart] launching UE1 (embb, default netns)
[restart] UE1 attached
[restart] launching UE2 (mmtc, ue2ns)
[restart] UE2 attached
[restart] launching UE3 (urllc, ue3ns)
[restart] UE3 attached
[restart] verifying connectivity all 3 UEs
[restart] SUCCESS: all 3 UEs attached and reachable
[orchestrator] $ bash /home/kmanojp/oranslice_rig/experiments/scripts/health_check.sh
[health] OK: all 3 UEs reachable, 16 RAN processes alive, no recent segfault
[orchestrator] $ python3 /home/kmanojp/oranslice_rig/experiments/scripts/run_baseline_static.py --config /home/kmanojp/oranslice_rig/experiments/configs/saclb_campaign_baseline_v2.yaml --gnb-id gnb-0 --episodes 1 --seed 971002 --run-id baseline_sla_seed971_batch2 --omega-jsonl /home/kmanojp/oranslice_rig/experiments/results/live_campaign_v2/baseline/sla/rep_seed971/omega_log.jsonl --reward-mode sla
[baseline_sla_seed971_batch2] baseline_static: talking to gNB E2 agent (listen=6600, gNB=6655)...

Omega log: /home/kmanojp/oranslice_rig/experiments/results/live_campaign_v2/baseline/sla/rep_seed971/omega_log.jsonl
{
  "run_id": "baseline_sla_seed971_batch2",
  "algorithm": "baseline_static",
  "mode": "live_testbed",
  "seed": 971002,
  "n_episodes": 1,
  "mean_reward_per_step": 5.005833333333333,
  "mean_blocks_per_episode": 0.0,
  "mean_urllc_blocks_per_episode": 0.0,
  "blocks_per_episode": [
    0
  ],
  "blocks_per_episode_by_slice": [
    {}
  ],
  "mean_rho": null,
  "omega_path": "/home/kmanojp/oranslice_rig/experiments/results/live_campaign_v2/baseline/sla/rep_seed971/omega_log.jsonl",
  "checkpoint_path": "",
  "drift_flag": false,
  "drift_reason": "",
  "sla_compliance_by_slice": {
    "embb": 1.0,
    "urllc": 1.0,
    "mmtc": 1.0
  },
  "sla_compliance_all_slices": 1.0,
  "sla_compliance_by_slice_per_episode": [
    {
      "embb": 1.0,
      "urllc": 1.0,
      "mmtc": 1.0
    }
  ],
  "sla_margin_by_slice": {
    "embb": 0.7549999892411817,
    "urllc": 0.7097173924930398,
    "mmtc": 0.7149965959092068
  },
  "sla_margin_by_slice_per_episode": [
    {
      "embb": 0.7549999892411817,
      "urllc": 0.7097173924930398,
      "mmtc": 0.7149965959092068
    }
  ],
  "mean_mos_by_slice": {
    "embb": 2.171092196305593,
    "urllc": 2.259824291865031,
    "mmtc": 4.762083888053894
  },
  "mean_cost": 0.3050000000000001,
  "mean_sla_viol": 0.0
}
[orchestrator] DONE: 5/5 episodes completed for baseline rep_seed971. omega log: /home/kmanojp/oranslice_rig/experiments/results/live_campaign_v2/baseline/sla/rep_seed971/omega_log.jsonl
=== 21:16:26 DONE arm=baseline seed=971 (1751s, 1 attempt(s)) ===
=== 21:16:26 DRAIN before arm=dqn_sla seed=971 ===
     rnti=40960: mean=5.00 PRB  max=5.00  n=10
     rnti=42490: mean=5.00 PRB  max=5.00  n=10
     rnti=43185: mean=5.00 PRB  max=5.00  n=10

Done. NEVER send SUBSCRIPTION-type messages: still assert(0!=0) in handle_subscription() on this OAI base (verified 2026-07-14).
=== 21:17:00 RUN arm=dqn_sla seed=971 algo=dqn mode=sla episodes=5 ===
[orchestrator] === dqn_sla rep_seed971 batch 0 (2 episodes, batch_seed=971000, 0/5 done so far) ===
[orchestrator] $ bash /home/kmanojp/oranslice_rig/experiments/scripts/health_check.sh
[health] OK: all 3 UEs reachable, 16 RAN processes alive, no recent segfault
[orchestrator] $ python3 /home/kmanojp/oranslice_rig/framework/qoe_oran_framework/xapp/saclb_xapp.py --config /home/kmanojp/oranslice_rig/experiments/configs/saclb_campaign_v2.yaml --algorithm dqn --checkpoint /home/kmanojp/oranslice_rig/experiments/results/offline_v2/sla/seed256/dqn/offline_closed_loop/rep_0/checkpoint.pt --gnb-id gnb-0 --episodes 2 --seed 971000 --run-id dqn_sla_sla_seed971_batch0 --omega-jsonl /home/kmanojp/oranslice_rig/experiments/results/live_campaign_v2/dqn_sla/sla/rep_seed971/omega_log.jsonl --reward-mode sla
[dqn_sla_sla_seed971_batch0] talking to gNB E2 agent (listen=6600, gNB=6655)...

Omega log: /home/kmanojp/oranslice_rig/experiments/results/live_campaign_v2/dqn_sla/sla/rep_seed971/omega_log.jsonl
{
  "run_id": "dqn_sla_sla_seed971_batch0",
  "algorithm": "dqn",
  "mode": "live_testbed",
  "seed": 971000,
  "n_episodes": 2,
  "mean_reward_per_step": 0.0,
  "mean_blocks_per_episode": 121.0,
  "mean_urllc_blocks_per_episode": 43.5,
  "blocks_per_episode": [
    122,
    120
  ],
  "blocks_per_episode_by_slice": [
    {
      "mmtc": 37,
      "urllc": 42,
      "embb": 43
    },
    {
      "embb": 35,
      "mmtc": 40,
      "urllc": 45
    }
  ],
  "mean_rho": null,
  "omega_path": "/home/kmanojp/oranslice_rig/experiments/results/live_campaign_v2/dqn_sla/sla/rep_seed971/omega_log.jsonl",
  "checkpoint_path": "",
  "drift_flag": true,
  "drift_reason": "mean URLLC block rate 43.50/episode exceeds 2x the 1.0/episode acceptance bar",
  "sla_compliance_by_slice": {
    "embb": 1.0,
    "urllc": 1.0,
    "mmtc": 1.0
  },
  "sla_compliance_all_slices": 1.0,
  "sla_compliance_by_slice_per_episode": [
    {
      "embb": 1.0,
      "urllc": 1.0,
      "mmtc": 1.0
    },
    {
      "embb": 1.0,
      "urllc": 1.0,
      "mmtc": 1.0
    }
  ],
  "sla_margin_by_slice": {
    "embb": 0.7249999999425831,
    "urllc": 0.8274465088378206,
    "mmtc": 0.7374998532735243
  },
  "sla_margin_by_slice_per_episode": [
    {
      "embb": 0.7499999998851657,
      "urllc": 0.9548930176756407,
      "mmtc": 0.7749997065470482
    },
    {
      "embb": 0.7000000000000004,
      "urllc": 0.7000000000000004,
      "mmtc": 0.7000000000000004
    }
  ],
  "mean_mos_by_slice": {
    "embb": 2.1711403012275694,
    "urllc": 4.400790484746297,
    "mmtc": 4.776253887017568
  },
  "mean_cost": 0.0,
  "mean_sla_viol": 0.0
}
[orchestrator] === dqn_sla rep_seed971 batch 1 (2 episodes, batch_seed=971001, 2/5 done so far) ===
[orchestrator] $ bash /home/kmanojp/oranslice_rig/experiments/scripts/health_check.sh
[health] FAIL: UE1 (embb) unreachable
[health] FAIL: UE2 (mmtc) unreachable
[health] FAIL: UE3 (urllc) unreachable
[orchestrator] health check failed, restarting stack (attempt 1)
[orchestrator] $ bash /home/kmanojp/oranslice_rig/experiments/scripts/restart_ran_stack.sh
[restart] stopping all RAN processes and tmux sessions
/home/kmanojp/oranslice_rig/experiments/scripts/restart_ran_stack.sh: line 23: 783641 Killed                  sudo pkill -9 -f "nr-uesoftmodem" 2> /dev/null
/home/kmanojp/oranslice_rig/experiments/scripts/restart_ran_stack.sh: line 24: 783643 Killed                  sudo pkill -9 -f "nr-softmodem" 2> /dev/null
[restart] confirmed clean: no RAN processes running
[restart] launching gNB
[restart] gNB up, E2 agent alive
[restart] launching UE1 (embb, default netns)
[restart] UE1 attached
[restart] launching UE2 (mmtc, ue2ns)
[restart] UE2 attached
[restart] launching UE3 (urllc, ue3ns)
[restart] UE3 attached
[restart] verifying connectivity all 3 UEs
[restart] SUCCESS: all 3 UEs attached and reachable
[orchestrator] $ bash /home/kmanojp/oranslice_rig/experiments/scripts/health_check.sh
[health] OK: all 3 UEs reachable, 16 RAN processes alive, no recent segfault
[orchestrator] $ python3 /home/kmanojp/oranslice_rig/framework/qoe_oran_framework/xapp/saclb_xapp.py --config /home/kmanojp/oranslice_rig/experiments/configs/saclb_campaign_v2.yaml --algorithm dqn --checkpoint /home/kmanojp/oranslice_rig/experiments/results/offline_v2/sla/seed256/dqn/offline_closed_loop/rep_0/checkpoint.pt --gnb-id gnb-0 --episodes 2 --seed 971001 --run-id dqn_sla_sla_seed971_batch1 --omega-jsonl /home/kmanojp/oranslice_rig/experiments/results/live_campaign_v2/dqn_sla/sla/rep_seed971/omega_log.jsonl --reward-mode sla
[dqn_sla_sla_seed971_batch1] talking to gNB E2 agent (listen=6600, gNB=6655)...

Omega log: /home/kmanojp/oranslice_rig/experiments/results/live_campaign_v2/dqn_sla/sla/rep_seed971/omega_log.jsonl
{
  "run_id": "dqn_sla_sla_seed971_batch1",
  "algorithm": "dqn",
  "mode": "live_testbed",
  "seed": 971001,
  "n_episodes": 2,
  "mean_reward_per_step": 0.0,
  "mean_blocks_per_episode": 121.0,
  "mean_urllc_blocks_per_episode": 40.5,
  "blocks_per_episode": [
    122,
    120
  ],
  "blocks_per_episode_by_slice": [
    {
      "mmtc": 36,
      "urllc": 39,
      "embb": 47
    },
    {
      "urllc": 42,
      "embb": 41,
      "mmtc": 37
    }
  ],
  "mean_rho": null,
  "omega_path": "/home/kmanojp/oranslice_rig/experiments/results/live_campaign_v2/dqn_sla/sla/rep_seed971/omega_log.jsonl",
  "checkpoint_path": "",
  "drift_flag": true,
  "drift_reason": "mean URLLC block rate 40.50/episode exceeds 2x the 1.0/episode acceptance bar",
  "sla_compliance_by_slice": {
    "embb": 1.0,
    "urllc": 1.0,
    "mmtc": 1.0
  },
  "sla_compliance_all_slices": 1.0,
  "sla_compliance_by_slice_per_episode": [
    {
      "embb": 1.0,
      "urllc": 1.0,
      "mmtc": 1.0
    },
    {
      "embb": 1.0,
      "urllc": 1.0,
      "mmtc": 1.0
    }
  ],
  "sla_margin_by_slice": {
    "embb": 0.7249999940062586,
    "urllc": 0.7172803483235966,
    "mmtc": 0.7124977656253104
  },
  "sla_margin_by_slice_per_episode": [
    {
      "embb": 0.7499999880125167,
      "urllc": 0.7345606966471926,
      "mmtc": 0.7249955312506206
    },
    {
      "embb": 0.7000000000000004,
      "urllc": 0.7000000000000004,
      "mmtc": 0.7000000000000004
    }
  ],
  "mean_mos_by_slice": {
    "embb": 2.1711403012275694,
    "urllc": 3.2857986867427824,
    "mmtc": 4.760644376277924
  },
  "mean_cost": 0.0,
  "mean_sla_viol": 0.0
}
[orchestrator] === dqn_sla rep_seed971 batch 2 (1 episodes, batch_seed=971002, 4/5 done so far) ===
[orchestrator] $ bash /home/kmanojp/oranslice_rig/experiments/scripts/health_check.sh
[health] FAIL: UE1 (embb) unreachable
[health] FAIL: UE2 (mmtc) unreachable
[health] FAIL: UE3 (urllc) unreachable
[orchestrator] health check failed, restarting stack (attempt 1)
[orchestrator] $ bash /home/kmanojp/oranslice_rig/experiments/scripts/restart_ran_stack.sh
[restart] stopping all RAN processes and tmux sessions
/home/kmanojp/oranslice_rig/experiments/scripts/restart_ran_stack.sh: line 23: 789083 Killed                  sudo pkill -9 -f "nr-uesoftmodem" 2> /dev/null
/home/kmanojp/oranslice_rig/experiments/scripts/restart_ran_stack.sh: line 24: 789085 Killed                  sudo pkill -9 -f "nr-softmodem" 2> /dev/null
[restart] confirmed clean: no RAN processes running
[restart] launching gNB
[restart] gNB up, E2 agent alive
[restart] launching UE1 (embb, default netns)
[restart] UE1 attached
[restart] launching UE2 (mmtc, ue2ns)
[restart] UE2 attached
[restart] launching UE3 (urllc, ue3ns)
[restart] UE3 attached
[restart] verifying connectivity all 3 UEs
[restart] SUCCESS: all 3 UEs attached and reachable
[orchestrator] $ bash /home/kmanojp/oranslice_rig/experiments/scripts/health_check.sh
[health] OK: all 3 UEs reachable, 16 RAN processes alive, no recent segfault
[orchestrator] $ python3 /home/kmanojp/oranslice_rig/framework/qoe_oran_framework/xapp/saclb_xapp.py --config /home/kmanojp/oranslice_rig/experiments/configs/saclb_campaign_v2.yaml --algorithm dqn --checkpoint /home/kmanojp/oranslice_rig/experiments/results/offline_v2/sla/seed256/dqn/offline_closed_loop/rep_0/checkpoint.pt --gnb-id gnb-0 --episodes 1 --seed 971002 --run-id dqn_sla_sla_seed971_batch2 --omega-jsonl /home/kmanojp/oranslice_rig/experiments/results/live_campaign_v2/dqn_sla/sla/rep_seed971/omega_log.jsonl --reward-mode sla
[dqn_sla_sla_seed971_batch2] talking to gNB E2 agent (listen=6600, gNB=6655)...

Omega log: /home/kmanojp/oranslice_rig/experiments/results/live_campaign_v2/dqn_sla/sla/rep_seed971/omega_log.jsonl
{
  "run_id": "dqn_sla_sla_seed971_batch2",
  "algorithm": "dqn",
  "mode": "live_testbed",
  "seed": 971002,
  "n_episodes": 1,
  "mean_reward_per_step": 0.0,
  "mean_blocks_per_episode": 122.0,
  "mean_urllc_blocks_per_episode": 32.0,
  "blocks_per_episode": [
    122
  ],
  "blocks_per_episode_by_slice": [
    {
      "mmtc": 46,
      "urllc": 32,
      "embb": 44
    }
  ],
  "mean_rho": null,
  "omega_path": "/home/kmanojp/oranslice_rig/experiments/results/live_campaign_v2/dqn_sla/sla/rep_seed971/omega_log.jsonl",
  "checkpoint_path": "",
  "drift_flag": true,
  "drift_reason": "mean URLLC block rate 32.00/episode exceeds 2x the 1.0/episode acceptance bar",
  "sla_compliance_by_slice": {
    "embb": 1.0,
    "urllc": 1.0,
    "mmtc": 1.0
  },
  "sla_compliance_all_slices": 1.0,
  "sla_compliance_by_slice_per_episode": [
    {
      "embb": 1.0,
      "urllc": 1.0,
      "mmtc": 1.0
    }
  ],
  "sla_margin_by_slice": {
    "embb": 0.7649999941997602,
    "urllc": 0.7443074609509985,
    "mmtc": 0.7099982885640794
  },
  "sla_margin_by_slice_per_episode": [
    {
      "embb": 0.7649999941997602,
      "urllc": 0.7443074609509985,
      "mmtc": 0.7099982885640794
    }
  ],
  "mean_mos_by_slice": {
    "embb": 2.1710963884989423,
    "urllc": 3.1207046230634052,
    "mmtc": 4.758806681632995
  },
  "mean_cost": 0.0,
  "mean_sla_viol": 0.0
}
[orchestrator] DONE: 5/5 episodes completed for dqn_sla rep_seed971. omega log: /home/kmanojp/oranslice_rig/experiments/results/live_campaign_v2/dqn_sla/sla/rep_seed971/omega_log.jsonl
=== 21:45:46 DONE arm=dqn_sla seed=971 (1760s, 1 attempt(s)) ===
=== seed=972 episodes=5 arm_order=static_at_cap baseline dqn_sla dqn_qoe ===
=== 21:45:46 DRAIN before arm=static_at_cap seed=972 ===
     rnti=8254: mean=5.00 PRB  max=5.00  n=10
     rnti=10965: mean=5.00 PRB  max=5.00  n=10
     rnti=26924: mean=5.00 PRB  max=5.00  n=10

Done. NEVER send SUBSCRIPTION-type messages: still assert(0!=0) in handle_subscription() on this OAI base (verified 2026-07-14).
=== 21:46:21 RUN arm=static_at_cap seed=972 algo=baseline_static mode=sla episodes=5 ===
[orchestrator] === static_at_cap rep_seed972 batch 0 (2 episodes, batch_seed=972000, 0/5 done so far) ===
[orchestrator] $ bash /home/kmanojp/oranslice_rig/experiments/scripts/health_check.sh
[health] OK: all 3 UEs reachable, 16 RAN processes alive, no recent segfault
[orchestrator] $ python3 /home/kmanojp/oranslice_rig/experiments/scripts/run_baseline_static.py --config /home/kmanojp/oranslice_rig/experiments/configs/saclb_campaign_static_at_cap_v2.yaml --gnb-id gnb-0 --episodes 2 --seed 972000 --run-id static_at_cap_sla_seed972_batch0 --omega-jsonl /home/kmanojp/oranslice_rig/experiments/results/live_campaign_v2/static_at_cap/sla/rep_seed972/omega_log.jsonl --reward-mode sla
[static_at_cap_sla_seed972_batch0] baseline_static: talking to gNB E2 agent (listen=6600, gNB=6655)...

Omega log: /home/kmanojp/oranslice_rig/experiments/results/live_campaign_v2/static_at_cap/sla/rep_seed972/omega_log.jsonl
{
  "run_id": "static_at_cap_sla_seed972_batch0",
  "algorithm": "baseline_static",
  "mode": "live_testbed",
  "seed": 972000,
  "n_episodes": 2,
  "mean_reward_per_step": 5.407083333333334,
  "mean_blocks_per_episode": 0.0,
  "mean_urllc_blocks_per_episode": 0.0,
  "blocks_per_episode": [
    0,
    0
  ],
  "blocks_per_episode_by_slice": [
    {},
    {}
  ],
  "mean_rho": null,
  "omega_path": "/home/kmanojp/oranslice_rig/experiments/results/live_campaign_v2/static_at_cap/sla/rep_seed972/omega_log.jsonl",
  "checkpoint_path": "",
  "drift_flag": false,
  "drift_reason": "",
  "sla_compliance_by_slice": {
    "embb": 1.0,
    "urllc": 1.0,
    "mmtc": 1.0
  },
  "sla_compliance_all_slices": 1.0,
  "sla_compliance_by_slice_per_episode": [
    {
      "embb": 1.0,
      "urllc": 1.0,
      "mmtc": 1.0
    },
    {
      "embb": 1.0,
      "urllc": 1.0,
      "mmtc": 1.0
    }
  ],
  "sla_margin_by_slice": {
    "embb": 0.9999999999876696,
    "urllc": 0.8149648114034552,
    "mmtc": 0.7374998369705839
  },
  "sla_margin_by_slice_per_episode": [
    {
      "embb": 0.9999999999753394,
      "urllc": 0.92992962280691,
      "mmtc": 0.7749996739411674
    },
    {
      "embb": 1.0,
      "urllc": 0.7000000000000004,
      "mmtc": 0.7000000000000004
    }
  ],
  "mean_mos_by_slice": {
    "embb": 2.171316146850586,
    "urllc": 4.369477307796478,
    "mmtc": 4.7762548168500265
  },
  "mean_cost": 0.3025,
  "mean_sla_viol": 0.0
}
[orchestrator] === static_at_cap rep_seed972 batch 1 (2 episodes, batch_seed=972001, 2/5 done so far) ===
[orchestrator] $ bash /home/kmanojp/oranslice_rig/experiments/scripts/health_check.sh
[health] FAIL: UE2 (mmtc) unreachable
[health] FAIL: UE3 (urllc) unreachable
[orchestrator] health check failed, restarting stack (attempt 1)
[orchestrator] $ bash /home/kmanojp/oranslice_rig/experiments/scripts/restart_ran_stack.sh
[restart] stopping all RAN processes and tmux sessions
/home/kmanojp/oranslice_rig/experiments/scripts/restart_ran_stack.sh: line 23: 797090 Killed                  sudo pkill -9 -f "nr-uesoftmodem" 2> /dev/null
/home/kmanojp/oranslice_rig/experiments/scripts/restart_ran_stack.sh: line 24: 797092 Killed                  sudo pkill -9 -f "nr-softmodem" 2> /dev/null
[restart] confirmed clean: no RAN processes running
[restart] launching gNB
[restart] gNB up, E2 agent alive
[restart] launching UE1 (embb, default netns)
[restart] UE1 attached
[restart] launching UE2 (mmtc, ue2ns)
[restart] UE2 attached
[restart] launching UE3 (urllc, ue3ns)
[restart] UE3 attached
[restart] verifying connectivity all 3 UEs
[restart] SUCCESS: all 3 UEs attached and reachable
[orchestrator] $ bash /home/kmanojp/oranslice_rig/experiments/scripts/health_check.sh
[health] OK: all 3 UEs reachable, 16 RAN processes alive, no recent segfault
[orchestrator] $ python3 /home/kmanojp/oranslice_rig/experiments/scripts/run_baseline_static.py --config /home/kmanojp/oranslice_rig/experiments/configs/saclb_campaign_static_at_cap_v2.yaml --gnb-id gnb-0 --episodes 2 --seed 972001 --run-id static_at_cap_sla_seed972_batch1 --omega-jsonl /home/kmanojp/oranslice_rig/experiments/results/live_campaign_v2/static_at_cap/sla/rep_seed972/omega_log.jsonl --reward-mode sla
[static_at_cap_sla_seed972_batch1] baseline_static: talking to gNB E2 agent (listen=6600, gNB=6655)...

Omega log: /home/kmanojp/oranslice_rig/experiments/results/live_campaign_v2/static_at_cap/sla/rep_seed972/omega_log.jsonl
{
  "run_id": "static_at_cap_sla_seed972_batch1",
  "algorithm": "baseline_static",
  "mode": "live_testbed",
  "seed": 972001,
  "n_episodes": 2,
  "mean_reward_per_step": 5.366250000000001,
  "mean_blocks_per_episode": 0.0,
  "mean_urllc_blocks_per_episode": 0.0,
  "blocks_per_episode": [
    0,
    0
  ],
  "blocks_per_episode_by_slice": [
    {},
    {}
  ],
  "mean_rho": null,
  "omega_path": "/home/kmanojp/oranslice_rig/experiments/results/live_campaign_v2/static_at_cap/sla/rep_seed972/omega_log.jsonl",
  "checkpoint_path": "",
  "drift_flag": false,
  "drift_reason": "",
  "sla_compliance_by_slice": {
    "embb": 1.0,
    "urllc": 1.0,
    "mmtc": 1.0
  },
  "sla_compliance_all_slices": 1.0,
  "sla_compliance_by_slice_per_episode": [
    {
      "embb": 1.0,
      "urllc": 1.0,
      "mmtc": 1.0
    },
    {
      "embb": 1.0,
      "urllc": 1.0,
      "mmtc": 1.0
    }
  ],
  "sla_margin_by_slice": {
    "embb": 0.9999999964002897,
    "urllc": 0.7073155986036488,
    "mmtc": 0.7099977697336279
  },
  "sla_margin_by_slice_per_episode": [
    {
      "embb": 0.9999999928005795,
      "urllc": 0.7146311972072972,
      "mmtc": 0.7149965959092068
    },
    {
      "embb": 1.0,
      "urllc": 0.7000000000000004,
      "mmtc": 0.704998943558049
    }
  ],
  "mean_mos_by_slice": {
    "embb": 2.171316146850586,
    "urllc": 2.436892052491506,
    "mmtc": 4.759169979890188
  },
  "mean_cost": 0.3025,
  "mean_sla_viol": 0.0
}
[orchestrator] === static_at_cap rep_seed972 batch 2 (1 episodes, batch_seed=972002, 4/5 done so far) ===
[orchestrator] $ bash /home/kmanojp/oranslice_rig/experiments/scripts/health_check.sh
[health] FAIL: UE2 (mmtc) unreachable
[health] FAIL: UE3 (urllc) unreachable
[orchestrator] health check failed, restarting stack (attempt 1)
[orchestrator] $ bash /home/kmanojp/oranslice_rig/experiments/scripts/restart_ran_stack.sh
[restart] stopping all RAN processes and tmux sessions
/home/kmanojp/oranslice_rig/experiments/scripts/restart_ran_stack.sh: line 23: 802498 Killed                  sudo pkill -9 -f "nr-uesoftmodem" 2> /dev/null
/home/kmanojp/oranslice_rig/experiments/scripts/restart_ran_stack.sh: line 24: 802500 Killed                  sudo pkill -9 -f "nr-softmodem" 2> /dev/null
[restart] confirmed clean: no RAN processes running
[restart] launching gNB
[restart] gNB up, E2 agent alive
[restart] launching UE1 (embb, default netns)
[restart] UE1 attached
[restart] launching UE2 (mmtc, ue2ns)
[restart] UE2 attached
[restart] launching UE3 (urllc, ue3ns)
[restart] UE3 attached
[restart] verifying connectivity all 3 UEs
[restart] SUCCESS: all 3 UEs attached and reachable
[orchestrator] $ bash /home/kmanojp/oranslice_rig/experiments/scripts/health_check.sh
[health] OK: all 3 UEs reachable, 16 RAN processes alive, no recent segfault
[orchestrator] $ python3 /home/kmanojp/oranslice_rig/experiments/scripts/run_baseline_static.py --config /home/kmanojp/oranslice_rig/experiments/configs/saclb_campaign_static_at_cap_v2.yaml --gnb-id gnb-0 --episodes 1 --seed 972002 --run-id static_at_cap_sla_seed972_batch2 --omega-jsonl /home/kmanojp/oranslice_rig/experiments/results/live_campaign_v2/static_at_cap/sla/rep_seed972/omega_log.jsonl --reward-mode sla
[static_at_cap_sla_seed972_batch2] baseline_static: talking to gNB E2 agent (listen=6600, gNB=6655)...

Omega log: /home/kmanojp/oranslice_rig/experiments/results/live_campaign_v2/static_at_cap/sla/rep_seed972/omega_log.jsonl
{
  "run_id": "static_at_cap_sla_seed972_batch2",
  "algorithm": "baseline_static",
  "mode": "live_testbed",
  "seed": 972002,
  "n_episodes": 1,
  "mean_reward_per_step": 5.820833333333335,
  "mean_blocks_per_episode": 0.0,
  "mean_urllc_blocks_per_episode": 0.0,
  "blocks_per_episode": [
    0
  ],
  "blocks_per_episode_by_slice": [
    {}
  ],
  "mean_rho": null,
  "omega_path": "/home/kmanojp/oranslice_rig/experiments/results/live_campaign_v2/static_at_cap/sla/rep_seed972/omega_log.jsonl",
  "checkpoint_path": "",
  "drift_flag": false,
  "drift_reason": "",
  "sla_compliance_by_slice": {
    "embb": 1.0,
    "urllc": 1.0,
    "mmtc": 1.0
  },
  "sla_compliance_all_slices": 1.0,
  "sla_compliance_by_slice_per_episode": [
    {
      "embb": 1.0,
      "urllc": 1.0,
      "mmtc": 1.0
    }
  ],
  "sla_margin_by_slice": {
    "embb": 0.9999999926986796,
    "urllc": 0.7343304322240879,
    "mmtc": 0.7149969363183485
  },
  "sla_margin_by_slice_per_episode": [
    {
      "embb": 0.9999999926986796,
      "urllc": 0.7343304322240879,
      "mmtc": 0.7149969363183485
    }
  ],
  "mean_mos_by_slice": {
    "embb": 2.171316146850586,
    "urllc": 2.814227493604024,
    "mmtc": 4.762047783533732
  },
  "mean_cost": 0.3050000000000001,
  "mean_sla_viol": 0.0
}
[orchestrator] DONE: 5/5 episodes completed for static_at_cap rep_seed972. omega log: /home/kmanojp/oranslice_rig/experiments/results/live_campaign_v2/static_at_cap/sla/rep_seed972/omega_log.jsonl
=== 22:14:52 DONE arm=static_at_cap seed=972 (1746s, 1 attempt(s)) ===
=== 22:14:52 DRAIN before arm=baseline seed=972 ===
     rnti=47739: mean=5.00 PRB  max=5.00  n=10
     rnti=53309: mean=5.00 PRB  max=5.00  n=10
     rnti=58659: mean=5.00 PRB  max=5.00  n=10

Done. NEVER send SUBSCRIPTION-type messages: still assert(0!=0) in handle_subscription() on this OAI base (verified 2026-07-14).
=== 22:15:27 RUN arm=baseline seed=972 algo=baseline_static mode=sla episodes=5 ===
[orchestrator] === baseline rep_seed972 batch 0 (2 episodes, batch_seed=972000, 0/5 done so far) ===
[orchestrator] $ bash /home/kmanojp/oranslice_rig/experiments/scripts/health_check.sh
[health] OK: all 3 UEs reachable, 16 RAN processes alive, no recent segfault
[orchestrator] $ python3 /home/kmanojp/oranslice_rig/experiments/scripts/run_baseline_static.py --config /home/kmanojp/oranslice_rig/experiments/configs/saclb_campaign_baseline_v2.yaml --gnb-id gnb-0 --episodes 2 --seed 972000 --run-id baseline_sla_seed972_batch0 --omega-jsonl /home/kmanojp/oranslice_rig/experiments/results/live_campaign_v2/baseline/sla/rep_seed972/omega_log.jsonl --reward-mode sla
[baseline_sla_seed972_batch0] baseline_static: talking to gNB E2 agent (listen=6600, gNB=6655)...

Omega log: /home/kmanojp/oranslice_rig/experiments/results/live_campaign_v2/baseline/sla/rep_seed972/omega_log.jsonl
{
  "run_id": "baseline_sla_seed972_batch0",
  "algorithm": "baseline_static",
  "mode": "live_testbed",
  "seed": 972000,
  "n_episodes": 2,
  "mean_reward_per_step": 5.407083333333334,
  "mean_blocks_per_episode": 0.0,
  "mean_urllc_blocks_per_episode": 0.0,
  "blocks_per_episode": [
    0,
    0
  ],
  "blocks_per_episode_by_slice": [
    {},
    {}
  ],
  "mean_rho": null,
  "omega_path": "/home/kmanojp/oranslice_rig/experiments/results/live_campaign_v2/baseline/sla/rep_seed972/omega_log.jsonl",
  "checkpoint_path": "",
  "drift_flag": false,
  "drift_reason": "",
  "sla_compliance_by_slice": {
    "embb": 1.0,
    "urllc": 1.0,
    "mmtc": 1.0
  },
  "sla_compliance_all_slices": 1.0,
  "sla_compliance_by_slice_per_episode": [
    {
      "embb": 1.0,
      "urllc": 1.0,
      "mmtc": 1.0
    },
    {
      "embb": 1.0,
      "urllc": 1.0,
      "mmtc": 1.0
    }
  ],
  "sla_margin_by_slice": {
    "embb": 0.8950000000000004,
    "urllc": 0.7574781742142667,
    "mmtc": 0.7574997512908908
  },
  "sla_margin_by_slice_per_episode": [
    {
      "embb": 1.0,
      "urllc": 0.8149563484285328,
      "mmtc": 0.8149995025817811
    },
    {
      "embb": 0.7900000000000007,
      "urllc": 0.7000000000000004,
      "mmtc": 0.7000000000000004
    }
  ],
  "mean_mos_by_slice": {
    "embb": 2.1712124586105346,
    "urllc": 4.225254627068837,
    "mmtc": 4.78896990219752
  },
  "mean_cost": 0.3025,
  "mean_sla_viol": 0.0
}
[orchestrator] === baseline rep_seed972 batch 1 (2 episodes, batch_seed=972001, 2/5 done so far) ===
[orchestrator] $ bash /home/kmanojp/oranslice_rig/experiments/scripts/health_check.sh
[health] FAIL: UE1 (embb) unreachable
[health] FAIL: UE2 (mmtc) unreachable
[health] FAIL: UE3 (urllc) unreachable
[orchestrator] health check failed, restarting stack (attempt 1)
[orchestrator] $ bash /home/kmanojp/oranslice_rig/experiments/scripts/restart_ran_stack.sh
[restart] stopping all RAN processes and tmux sessions
/home/kmanojp/oranslice_rig/experiments/scripts/restart_ran_stack.sh: line 23: 810507 Killed                  sudo pkill -9 -f "nr-uesoftmodem" 2> /dev/null
/home/kmanojp/oranslice_rig/experiments/scripts/restart_ran_stack.sh: line 24: 810509 Killed                  sudo pkill -9 -f "nr-softmodem" 2> /dev/null
[restart] confirmed clean: no RAN processes running
[restart] launching gNB
[restart] gNB up, E2 agent alive
[restart] launching UE1 (embb, default netns)
[restart] UE1 attached
[restart] launching UE2 (mmtc, ue2ns)
[restart] UE2 attached
[restart] launching UE3 (urllc, ue3ns)
[restart] UE3 attached
[restart] verifying connectivity all 3 UEs
[restart] SUCCESS: all 3 UEs attached and reachable
[orchestrator] $ bash /home/kmanojp/oranslice_rig/experiments/scripts/health_check.sh
[health] OK: all 3 UEs reachable, 16 RAN processes alive, no recent segfault
[orchestrator] $ python3 /home/kmanojp/oranslice_rig/experiments/scripts/run_baseline_static.py --config /home/kmanojp/oranslice_rig/experiments/configs/saclb_campaign_baseline_v2.yaml --gnb-id gnb-0 --episodes 2 --seed 972001 --run-id baseline_sla_seed972_batch1 --omega-jsonl /home/kmanojp/oranslice_rig/experiments/results/live_campaign_v2/baseline/sla/rep_seed972/omega_log.jsonl --reward-mode sla
[baseline_sla_seed972_batch1] baseline_static: talking to gNB E2 agent (listen=6600, gNB=6655)...

Omega log: /home/kmanojp/oranslice_rig/experiments/results/live_campaign_v2/baseline/sla/rep_seed972/omega_log.jsonl
{
  "run_id": "baseline_sla_seed972_batch1",
  "algorithm": "baseline_static",
  "mode": "live_testbed",
  "seed": 972001,
  "n_episodes": 2,
  "mean_reward_per_step": 5.366250000000001,
  "mean_blocks_per_episode": 0.0,
  "mean_urllc_blocks_per_episode": 0.0,
  "blocks_per_episode": [
    0,
    0
  ],
  "blocks_per_episode_by_slice": [
    {},
    {}
  ],
  "mean_rho": null,
  "omega_path": "/home/kmanojp/oranslice_rig/experiments/results/live_campaign_v2/baseline/sla/rep_seed972/omega_log.jsonl",
  "checkpoint_path": "",
  "drift_flag": false,
  "drift_reason": "",
  "sla_compliance_by_slice": {
    "embb": 1.0,
    "urllc": 1.0,
    "mmtc": 1.0
  },
  "sla_compliance_all_slices": 1.0,
  "sla_compliance_by_slice_per_episode": [
    {
      "embb": 1.0,
      "urllc": 1.0,
      "mmtc": 1.0
    },
    {
      "embb": 1.0,
      "urllc": 1.0,
      "mmtc": 1.0
    }
  ],
  "sla_margin_by_slice": {
    "embb": 0.7324999945429116,
    "urllc": 0.7049072906173148,
    "mmtc": 0.7124953284768192
  },
  "sla_margin_by_slice_per_episode": [
    {
      "embb": 0.7649999890858227,
      "urllc": 0.7098145812346294,
      "mmtc": 0.7249906569536381
    },
    {
      "embb": 0.7000000000000004,
      "urllc": 0.7000000000000004,
      "mmtc": 0.7000000000000004
    }
  ],
  "mean_mos_by_slice": {
    "embb": 2.1711434423923492,
    "urllc": 2.8820934971173604,
    "mmtc": 4.760961393515269
  },
  "mean_cost": 0.3025,
  "mean_sla_viol": 0.0
}
[orchestrator] === baseline rep_seed972 batch 2 (1 episodes, batch_seed=972002, 4/5 done so far) ===
[orchestrator] $ bash /home/kmanojp/oranslice_rig/experiments/scripts/health_check.sh
[health] FAIL: UE1 (embb) unreachable
[health] FAIL: UE2 (mmtc) unreachable
[health] FAIL: UE3 (urllc) unreachable
[orchestrator] health check failed, restarting stack (attempt 1)
[orchestrator] $ bash /home/kmanojp/oranslice_rig/experiments/scripts/restart_ran_stack.sh
[restart] stopping all RAN processes and tmux sessions
/home/kmanojp/oranslice_rig/experiments/scripts/restart_ran_stack.sh: line 23: 815921 Killed                  sudo pkill -9 -f "nr-uesoftmodem" 2> /dev/null
/home/kmanojp/oranslice_rig/experiments/scripts/restart_ran_stack.sh: line 24: 815923 Killed                  sudo pkill -9 -f "nr-softmodem" 2> /dev/null
[restart] confirmed clean: no RAN processes running
[restart] launching gNB
[restart] gNB up, E2 agent alive
[restart] launching UE1 (embb, default netns)
[restart] UE1 attached
[restart] launching UE2 (mmtc, ue2ns)
[restart] UE2 attached
[restart] launching UE3 (urllc, ue3ns)
[restart] UE3 attached
[restart] verifying connectivity all 3 UEs
[restart] SUCCESS: all 3 UEs attached and reachable
[orchestrator] $ bash /home/kmanojp/oranslice_rig/experiments/scripts/health_check.sh
[health] OK: all 3 UEs reachable, 16 RAN processes alive, no recent segfault
[orchestrator] $ python3 /home/kmanojp/oranslice_rig/experiments/scripts/run_baseline_static.py --config /home/kmanojp/oranslice_rig/experiments/configs/saclb_campaign_baseline_v2.yaml --gnb-id gnb-0 --episodes 1 --seed 972002 --run-id baseline_sla_seed972_batch2 --omega-jsonl /home/kmanojp/oranslice_rig/experiments/results/live_campaign_v2/baseline/sla/rep_seed972/omega_log.jsonl --reward-mode sla
[baseline_sla_seed972_batch2] baseline_static: talking to gNB E2 agent (listen=6600, gNB=6655)...

Omega log: /home/kmanojp/oranslice_rig/experiments/results/live_campaign_v2/baseline/sla/rep_seed972/omega_log.jsonl
{
  "run_id": "baseline_sla_seed972_batch2",
  "algorithm": "baseline_static",
  "mode": "live_testbed",
  "seed": 972002,
  "n_episodes": 1,
  "mean_reward_per_step": 5.820833333333335,
  "mean_blocks_per_episode": 0.0,
  "mean_urllc_blocks_per_episode": 0.0,
  "blocks_per_episode": [
    0
  ],
  "blocks_per_episode_by_slice": [
    {}
  ],
  "mean_rho": null,
  "omega_path": "/home/kmanojp/oranslice_rig/experiments/results/live_campaign_v2/baseline/sla/rep_seed972/omega_log.jsonl",
  "checkpoint_path": "",
  "drift_flag": false,
  "drift_reason": "",
  "sla_compliance_by_slice": {
    "embb": 1.0,
    "urllc": 1.0,
    "mmtc": 1.0
  },
  "sla_compliance_all_slices": 1.0,
  "sla_compliance_by_slice_per_episode": [
    {
      "embb": 1.0,
      "urllc": 1.0,
      "mmtc": 1.0
    }
  ],
  "sla_margin_by_slice": {
    "embb": 0.7649999711790781,
    "urllc": 0.7441450134587169,
    "mmtc": 0.7299926962036023
  },
  "sla_margin_by_slice_per_episode": [
    {
      "embb": 0.7649999711790781,
      "urllc": 0.7441450134587169,
      "mmtc": 0.7299926962036023
    }
  ],
  "mean_mos_by_slice": {
    "embb": 2.1710964123408,
    "urllc": 2.838261155287425,
    "mmtc": 4.771661186218262
  },
  "mean_cost": 0.3050000000000001,
  "mean_sla_viol": 0.0
}
[orchestrator] DONE: 5/5 episodes completed for baseline rep_seed972. omega log: /home/kmanojp/oranslice_rig/experiments/results/live_campaign_v2/baseline/sla/rep_seed972/omega_log.jsonl
=== 22:44:02 DONE arm=baseline seed=972 (1750s, 1 attempt(s)) ===
=== 22:44:02 DRAIN before arm=dqn_sla seed=972 ===
     rnti=3707: mean=5.00 PRB  max=5.00  n=10
     rnti=41210: mean=5.00 PRB  max=5.00  n=10
     rnti=42036: mean=5.00 PRB  max=5.00  n=10

Done. NEVER send SUBSCRIPTION-type messages: still assert(0!=0) in handle_subscription() on this OAI base (verified 2026-07-14).
=== 22:44:36 RUN arm=dqn_sla seed=972 algo=dqn mode=sla episodes=5 ===
[orchestrator] === dqn_sla rep_seed972 batch 0 (2 episodes, batch_seed=972000, 0/5 done so far) ===
[orchestrator] $ bash /home/kmanojp/oranslice_rig/experiments/scripts/health_check.sh
[health] OK: all 3 UEs reachable, 16 RAN processes alive, no recent segfault
[orchestrator] $ python3 /home/kmanojp/oranslice_rig/framework/qoe_oran_framework/xapp/saclb_xapp.py --config /home/kmanojp/oranslice_rig/experiments/configs/saclb_campaign_v2.yaml --algorithm dqn --checkpoint /home/kmanojp/oranslice_rig/experiments/results/offline_v2/sla/seed256/dqn/offline_closed_loop/rep_0/checkpoint.pt --gnb-id gnb-0 --episodes 2 --seed 972000 --run-id dqn_sla_sla_seed972_batch0 --omega-jsonl /home/kmanojp/oranslice_rig/experiments/results/live_campaign_v2/dqn_sla/sla/rep_seed972/omega_log.jsonl --reward-mode sla
[dqn_sla_sla_seed972_batch0] talking to gNB E2 agent (listen=6600, gNB=6655)...

Omega log: /home/kmanojp/oranslice_rig/experiments/results/live_campaign_v2/dqn_sla/sla/rep_seed972/omega_log.jsonl
{
  "run_id": "dqn_sla_sla_seed972_batch0",
  "algorithm": "dqn",
  "mode": "live_testbed",
  "seed": 972000,
  "n_episodes": 2,
  "mean_reward_per_step": 0.0,
  "mean_blocks_per_episode": 121.0,
  "mean_urllc_blocks_per_episode": 38.5,
  "blocks_per_episode": [
    122,
    120
  ],
  "blocks_per_episode_by_slice": [
    {
      "mmtc": 40,
      "urllc": 37,
      "embb": 45
    },
    {
      "embb": 39,
      "urllc": 40,
      "mmtc": 41
    }
  ],
  "mean_rho": null,
  "omega_path": "/home/kmanojp/oranslice_rig/experiments/results/live_campaign_v2/dqn_sla/sla/rep_seed972/omega_log.jsonl",
  "checkpoint_path": "",
  "drift_flag": true,
  "drift_reason": "mean URLLC block rate 38.50/episode exceeds 2x the 1.0/episode acceptance bar",
  "sla_compliance_by_slice": {
    "embb": 1.0,
    "urllc": 1.0,
    "mmtc": 1.0
  },
  "sla_compliance_all_slices": 1.0,
  "sla_compliance_by_slice_per_episode": [
    {
      "embb": 1.0,
      "urllc": 1.0,
      "mmtc": 1.0
    },
    {
      "embb": 1.0,
      "urllc": 1.0,
      "mmtc": 1.0
    }
  ],
  "sla_margin_by_slice": {
    "embb": 0.7699999995908277,
    "urllc": 0.802471756076715,
    "mmtc": 0.7874996227713509
  },
  "sla_margin_by_slice_per_episode": [
    {
      "embb": 0.8399999991816549,
      "urllc": 0.9049435121534295,
      "mmtc": 0.8749992455427014
    },
    {
      "embb": 0.7000000000000004,
      "urllc": 0.7000000000000004,
      "mmtc": 0.7000000000000004
    }
  ],
  "mean_mos_by_slice": {
    "embb": 2.1711591482162476,
    "urllc": 4.338135937849681,
    "mmtc": 4.80804253021876
  },
  "mean_cost": 0.0,
  "mean_sla_viol": 0.0
}
[orchestrator] === dqn_sla rep_seed972 batch 1 (2 episodes, batch_seed=972001, 2/5 done so far) ===
[orchestrator] $ bash /home/kmanojp/oranslice_rig/experiments/scripts/health_check.sh
[health] FAIL: UE1 (embb) unreachable
[health] FAIL: UE2 (mmtc) unreachable
[health] FAIL: UE3 (urllc) unreachable
[orchestrator] health check failed, restarting stack (attempt 1)
[orchestrator] $ bash /home/kmanojp/oranslice_rig/experiments/scripts/restart_ran_stack.sh
[restart] stopping all RAN processes and tmux sessions
/home/kmanojp/oranslice_rig/experiments/scripts/restart_ran_stack.sh: line 23: 823929 Killed                  sudo pkill -9 -f "nr-uesoftmodem" 2> /dev/null
/home/kmanojp/oranslice_rig/experiments/scripts/restart_ran_stack.sh: line 24: 823931 Killed                  sudo pkill -9 -f "nr-softmodem" 2> /dev/null
[restart] confirmed clean: no RAN processes running
[restart] launching gNB
[restart] gNB up, E2 agent alive
[restart] launching UE1 (embb, default netns)
[restart] UE1 attached
[restart] launching UE2 (mmtc, ue2ns)
[restart] UE2 attached
[restart] launching UE3 (urllc, ue3ns)
[restart] UE3 attached
[restart] verifying connectivity all 3 UEs
[restart] SUCCESS: all 3 UEs attached and reachable
[orchestrator] $ bash /home/kmanojp/oranslice_rig/experiments/scripts/health_check.sh
[health] OK: all 3 UEs reachable, 16 RAN processes alive, no recent segfault
[orchestrator] $ python3 /home/kmanojp/oranslice_rig/framework/qoe_oran_framework/xapp/saclb_xapp.py --config /home/kmanojp/oranslice_rig/experiments/configs/saclb_campaign_v2.yaml --algorithm dqn --checkpoint /home/kmanojp/oranslice_rig/experiments/results/offline_v2/sla/seed256/dqn/offline_closed_loop/rep_0/checkpoint.pt --gnb-id gnb-0 --episodes 2 --seed 972001 --run-id dqn_sla_sla_seed972_batch1 --omega-jsonl /home/kmanojp/oranslice_rig/experiments/results/live_campaign_v2/dqn_sla/sla/rep_seed972/omega_log.jsonl --reward-mode sla
[dqn_sla_sla_seed972_batch1] talking to gNB E2 agent (listen=6600, gNB=6655)...

Omega log: /home/kmanojp/oranslice_rig/experiments/results/live_campaign_v2/dqn_sla/sla/rep_seed972/omega_log.jsonl
{
  "run_id": "dqn_sla_sla_seed972_batch1",
  "algorithm": "dqn",
  "mode": "live_testbed",
  "seed": 972001,
  "n_episodes": 2,
  "mean_reward_per_step": 0.0,
  "mean_blocks_per_episode": 121.0,
  "mean_urllc_blocks_per_episode": 39.0,
  "blocks_per_episode": [
    122,
    120
  ],
  "blocks_per_episode_by_slice": [
    {
      "mmtc": 47,
      "urllc": 36,
      "embb": 39
    },
    {
      "urllc": 42,
      "mmtc": 36,
      "embb": 42
    }
  ],
  "mean_rho": null,
  "omega_path": "/home/kmanojp/oranslice_rig/experiments/results/live_campaign_v2/dqn_sla/sla/rep_seed972/omega_log.jsonl",
  "checkpoint_path": "",
  "drift_flag": true,
  "drift_reason": "mean URLLC block rate 39.00/episode exceeds 2x the 1.0/episode acceptance bar",
  "sla_compliance_by_slice": {
    "embb": 1.0,
    "urllc": 1.0,
    "mmtc": 1.0
  },
  "sla_compliance_all_slices": 1.0,
  "sla_compliance_by_slice_per_episode": [
    {
      "embb": 1.0,
      "urllc": 1.0,
      "mmtc": 1.0
    },
    {
      "embb": 1.0,
      "urllc": 1.0,
      "mmtc": 1.0
    }
  ],
  "sla_margin_by_slice": {
    "embb": 0.7324999965734462,
    "urllc": 0.7172288250713614,
    "mmtc": 0.7074986213432709
  },
  "sla_margin_by_slice_per_episode": [
    {
      "embb": 0.7649999931468919,
      "urllc": 0.7344576501427224,
      "mmtc": 0.7149972426865414
    },
    {
      "embb": 0.7000000000000004,
      "urllc": 0.7000000000000004,
      "mmtc": 0.7000000000000004
    }
  ],
  "mean_mos_by_slice": {
    "embb": 2.1711434423923492,
    "urllc": 3.044106686115265,
    "mmtc": 4.757465247313181
  },
  "mean_cost": 0.0,
  "mean_sla_viol": 0.0
}
[orchestrator] === dqn_sla rep_seed972 batch 2 (1 episodes, batch_seed=972002, 4/5 done so far) ===
[orchestrator] $ bash /home/kmanojp/oranslice_rig/experiments/scripts/health_check.sh
[health] FAIL: UE1 (embb) unreachable
[health] FAIL: UE2 (mmtc) unreachable
[health] FAIL: UE3 (urllc) unreachable
[orchestrator] health check failed, restarting stack (attempt 1)
[orchestrator] $ bash /home/kmanojp/oranslice_rig/experiments/scripts/restart_ran_stack.sh
[restart] stopping all RAN processes and tmux sessions
/home/kmanojp/oranslice_rig/experiments/scripts/restart_ran_stack.sh: line 23: 829446 Killed                  sudo pkill -9 -f "nr-uesoftmodem" 2> /dev/null
/home/kmanojp/oranslice_rig/experiments/scripts/restart_ran_stack.sh: line 24: 829448 Killed                  sudo pkill -9 -f "nr-softmodem" 2> /dev/null
[restart] confirmed clean: no RAN processes running
[restart] launching gNB
[restart] gNB up, E2 agent alive
[restart] launching UE1 (embb, default netns)
[restart] UE1 attached
[restart] launching UE2 (mmtc, ue2ns)
[restart] UE2 attached
[restart] launching UE3 (urllc, ue3ns)
[restart] UE3 attached
[restart] verifying connectivity all 3 UEs
[restart] SUCCESS: all 3 UEs attached and reachable
[orchestrator] $ bash /home/kmanojp/oranslice_rig/experiments/scripts/health_check.sh
[health] OK: all 3 UEs reachable, 16 RAN processes alive, no recent segfault
[orchestrator] $ python3 /home/kmanojp/oranslice_rig/framework/qoe_oran_framework/xapp/saclb_xapp.py --config /home/kmanojp/oranslice_rig/experiments/configs/saclb_campaign_v2.yaml --algorithm dqn --checkpoint /home/kmanojp/oranslice_rig/experiments/results/offline_v2/sla/seed256/dqn/offline_closed_loop/rep_0/checkpoint.pt --gnb-id gnb-0 --episodes 1 --seed 972002 --run-id dqn_sla_sla_seed972_batch2 --omega-jsonl /home/kmanojp/oranslice_rig/experiments/results/live_campaign_v2/dqn_sla/sla/rep_seed972/omega_log.jsonl --reward-mode sla
[dqn_sla_sla_seed972_batch2] talking to gNB E2 agent (listen=6600, gNB=6655)...

Omega log: /home/kmanojp/oranslice_rig/experiments/results/live_campaign_v2/dqn_sla/sla/rep_seed972/omega_log.jsonl
{
  "run_id": "dqn_sla_sla_seed972_batch2",
  "algorithm": "dqn",
  "mode": "live_testbed",
  "seed": 972002,
  "n_episodes": 1,
  "mean_reward_per_step": 0.0,
  "mean_blocks_per_episode": 122.0,
  "mean_urllc_blocks_per_episode": 39.0,
  "blocks_per_episode": [
    122
  ],
  "blocks_per_episode_by_slice": [
    {
      "mmtc": 34,
      "urllc": 39,
      "embb": 49
    }
  ],
  "mean_rho": null,
  "omega_path": "/home/kmanojp/oranslice_rig/experiments/results/live_campaign_v2/dqn_sla/sla/rep_seed972/omega_log.jsonl",
  "checkpoint_path": "",
  "drift_flag": true,
  "drift_reason": "mean URLLC block rate 39.00/episode exceeds 2x the 1.0/episode acceptance bar",
  "sla_compliance_by_slice": {
    "embb": 1.0,
    "urllc": 1.0,
    "mmtc": 1.0
  },
  "sla_compliance_all_slices": 1.0,
  "sla_compliance_by_slice_per_episode": [
    {
      "embb": 1.0,
      "urllc": 1.0,
      "mmtc": 1.0
    }
  ],
  "sla_margin_by_slice": {
    "embb": 0.7499999825881417,
    "urllc": 0.7393139506007239,
    "mmtc": 0.7149975184179636
  },
  "sla_margin_by_slice_per_episode": [
    {
      "embb": 0.7499999825881417,
      "urllc": 0.7393139506007239,
      "mmtc": 0.7149975184179636
    }
  ],
  "mean_mos_by_slice": {
    "embb": 2.1710901061693826,
    "urllc": 2.9692537943522135,
    "mmtc": 4.761985794703166
  },
  "mean_cost": 0.0,
  "mean_sla_viol": 0.0
}
[orchestrator] DONE: 5/5 episodes completed for dqn_sla rep_seed972. omega log: /home/kmanojp/oranslice_rig/experiments/results/live_campaign_v2/dqn_sla/sla/rep_seed972/omega_log.jsonl
=== 23:13:21 DONE arm=dqn_sla seed=972 (1759s, 1 attempt(s)) ===
=== 23:13:21 DRAIN before arm=dqn_qoe seed=972 ===
     rnti=11536: mean=5.00 PRB  max=5.00  n=10
     rnti=35062: mean=5.00 PRB  max=5.00  n=10
     rnti=56933: mean=5.00 PRB  max=5.00  n=10

Done. NEVER send SUBSCRIPTION-type messages: still assert(0!=0) in handle_subscription() on this OAI base (verified 2026-07-14).
=== 23:13:56 RUN arm=dqn_qoe seed=972 algo=dqn mode=qoe episodes=5 ===
[orchestrator] === dqn_qoe rep_seed972 batch 0 (2 episodes, batch_seed=972000, 0/5 done so far) ===
[orchestrator] $ bash /home/kmanojp/oranslice_rig/experiments/scripts/health_check.sh
[health] OK: all 3 UEs reachable, 16 RAN processes alive, no recent segfault
[orchestrator] $ python3 /home/kmanojp/oranslice_rig/framework/qoe_oran_framework/xapp/saclb_xapp.py --config /home/kmanojp/oranslice_rig/experiments/configs/saclb_campaign_v2.yaml --algorithm dqn --checkpoint /home/kmanojp/oranslice_rig/experiments/results/offline_v2/qoe/seed256/dqn/offline_closed_loop/rep_0/checkpoint.pt --gnb-id gnb-0 --episodes 2 --seed 972000 --run-id dqn_qoe_qoe_seed972_batch0 --omega-jsonl /home/kmanojp/oranslice_rig/experiments/results/live_campaign_v2/dqn_qoe/qoe/rep_seed972/omega_log.jsonl --reward-mode qoe
[dqn_qoe_qoe_seed972_batch0] talking to gNB E2 agent (listen=6600, gNB=6655)...

Omega log: /home/kmanojp/oranslice_rig/experiments/results/live_campaign_v2/dqn_qoe/qoe/rep_seed972/omega_log.jsonl
{
  "run_id": "dqn_qoe_qoe_seed972_batch0",
  "algorithm": "dqn",
  "mode": "live_testbed",
  "seed": 972000,
  "n_episodes": 2,
  "mean_reward_per_step": 0.672141815006733,
  "mean_blocks_per_episode": 94.5,
  "mean_urllc_blocks_per_episode": 29.0,
  "blocks_per_episode": [
    69,
    120
  ],
  "blocks_per_episode_by_slice": [
    {
      "mmtc": 27,
      "embb": 24,
      "urllc": 18
    },
    {
      "embb": 39,
      "urllc": 40,
      "mmtc": 41
    }
  ],
  "mean_rho": null,
  "omega_path": "/home/kmanojp/oranslice_rig/experiments/results/live_campaign_v2/dqn_qoe/qoe/rep_seed972/omega_log.jsonl",
  "checkpoint_path": "",
  "drift_flag": true,
  "drift_reason": "mean URLLC block rate 29.00/episode exceeds 2x the 1.0/episode acceptance bar",
  "sla_compliance_by_slice": {
    "embb": 1.0,
    "urllc": 1.0,
    "mmtc": 1.0
  },
  "sla_compliance_all_slices": 1.0,
  "sla_compliance_by_slice_per_episode": [
    {
      "embb": 1.0,
      "urllc": 1.0,
      "mmtc": 1.0
    },
    {
      "embb": 1.0,
      "urllc": 1.0,
      "mmtc": 1.0
    }
  ],
  "sla_margin_by_slice": {
    "embb": 0.9724999999523574,
    "urllc": 0.772481980225858,
    "mmtc": 0.7599998297951474
  },
  "sla_margin_by_slice_per_episode": [
    {
      "embb": 0.9999999999047144,
      "urllc": 0.8449639604517155,
      "mmtc": 0.8199996595902942
    },
    {
      "embb": 0.9450000000000004,
      "urllc": 0.7000000000000004,
      "mmtc": 0.7000000000000004
    }
  ],
  "mean_mos_by_slice": {
    "embb": 2.1712439596652984,
    "urllc": 4.262901024023692,
    "mmtc": 4.790556796391805
  },
  "mean_cost": 0.06625000000000002,
  "mean_sla_viol": 0.0
}
[orchestrator] === dqn_qoe rep_seed972 batch 1 (2 episodes, batch_seed=972001, 2/5 done so far) ===
[orchestrator] $ bash /home/kmanojp/oranslice_rig/experiments/scripts/health_check.sh
[health] FAIL: UE1 (embb) unreachable
[health] FAIL: UE2 (mmtc) unreachable
[health] FAIL: UE3 (urllc) unreachable
[orchestrator] health check failed, restarting stack (attempt 1)
[orchestrator] $ bash /home/kmanojp/oranslice_rig/experiments/scripts/restart_ran_stack.sh
[restart] stopping all RAN processes and tmux sessions
/home/kmanojp/oranslice_rig/experiments/scripts/restart_ran_stack.sh: line 23: 837585 Killed                  sudo pkill -9 -f "nr-uesoftmodem" 2> /dev/null
/home/kmanojp/oranslice_rig/experiments/scripts/restart_ran_stack.sh: line 24: 837587 Killed                  sudo pkill -9 -f "nr-softmodem" 2> /dev/null
[restart] confirmed clean: no RAN processes running
[restart] launching gNB
[restart] gNB up, E2 agent alive
[restart] launching UE1 (embb, default netns)
[restart] UE1 attached
[restart] launching UE2 (mmtc, ue2ns)
[restart] UE2 attached
[restart] launching UE3 (urllc, ue3ns)
[restart] UE3 attached
[restart] verifying connectivity all 3 UEs
[restart] SUCCESS: all 3 UEs attached and reachable
[orchestrator] $ bash /home/kmanojp/oranslice_rig/experiments/scripts/health_check.sh
[health] OK: all 3 UEs reachable, 16 RAN processes alive, no recent segfault
[orchestrator] $ python3 /home/kmanojp/oranslice_rig/framework/qoe_oran_framework/xapp/saclb_xapp.py --config /home/kmanojp/oranslice_rig/experiments/configs/saclb_campaign_v2.yaml --algorithm dqn --checkpoint /home/kmanojp/oranslice_rig/experiments/results/offline_v2/qoe/seed256/dqn/offline_closed_loop/rep_0/checkpoint.pt --gnb-id gnb-0 --episodes 2 --seed 972001 --run-id dqn_qoe_qoe_seed972_batch1 --omega-jsonl /home/kmanojp/oranslice_rig/experiments/results/live_campaign_v2/dqn_qoe/qoe/rep_seed972/omega_log.jsonl --reward-mode qoe
[dqn_qoe_qoe_seed972_batch1] talking to gNB E2 agent (listen=6600, gNB=6655)...

Omega log: /home/kmanojp/oranslice_rig/experiments/results/live_campaign_v2/dqn_qoe/qoe/rep_seed972/omega_log.jsonl
{
  "run_id": "dqn_qoe_qoe_seed972_batch1",
  "algorithm": "dqn",
  "mode": "live_testbed",
  "seed": 972001,
  "n_episodes": 2,
  "mean_reward_per_step": 0.5781988913880456,
  "mean_blocks_per_episode": 116.5,
  "mean_urllc_blocks_per_episode": 37.5,
  "blocks_per_episode": [
    113,
    120
  ],
  "blocks_per_episode_by_slice": [
    {
      "mmtc": 42,
      "embb": 38,
      "urllc": 33
    },
    {
      "urllc": 42,
      "mmtc": 36,
      "embb": 42
    }
  ],
  "mean_rho": null,
  "omega_path": "/home/kmanojp/oranslice_rig/experiments/results/live_campaign_v2/dqn_qoe/qoe/rep_seed972/omega_log.jsonl",
  "checkpoint_path": "",
  "drift_flag": true,
  "drift_reason": "mean URLLC block rate 37.50/episode exceeds 2x the 1.0/episode acceptance bar",
  "sla_compliance_by_slice": {
    "embb": 1.0,
    "urllc": 1.0,
    "mmtc": 1.0
  },
  "sla_compliance_all_slices": 1.0,
  "sla_compliance_by_slice_per_episode": [
    {
      "embb": 1.0,
      "urllc": 1.0,
      "mmtc": 1.0
    },
    {
      "embb": 1.0,
      "urllc": 1.0,
      "mmtc": 1.0
    }
  ],
  "sla_margin_by_slice": {
    "embb": 0.7399999953908254,
    "urllc": 0.7147663723692923,
    "mmtc": 0.7074985769205699
  },
  "sla_margin_by_slice_per_episode": [
    {
      "embb": 0.7799999907816503,
      "urllc": 0.7295327447385842,
      "mmtc": 0.7149971538411396
    },
    {
      "embb": 0.7000000000000004,
      "urllc": 0.7000000000000004,
      "mmtc": 0.7000000000000004
    }
  ],
  "mean_mos_by_slice": {
    "embb": 2.171146589517593,
    "urllc": 3.036765299240748,
    "mmtc": 4.757474807898204
  },
  "mean_cost": 0.011250000000000001,
  "mean_sla_viol": 0.0
}
[orchestrator] === dqn_qoe rep_seed972 batch 2 (1 episodes, batch_seed=972002, 4/5 done so far) ===
[orchestrator] $ bash /home/kmanojp/oranslice_rig/experiments/scripts/health_check.sh
[health] FAIL: UE1 (embb) unreachable
[health] FAIL: UE2 (mmtc) unreachable
[health] FAIL: UE3 (urllc) unreachable
[orchestrator] health check failed, restarting stack (attempt 1)
[orchestrator] $ bash /home/kmanojp/oranslice_rig/experiments/scripts/restart_ran_stack.sh
[restart] stopping all RAN processes and tmux sessions
/home/kmanojp/oranslice_rig/experiments/scripts/restart_ran_stack.sh: line 23: 843040 Killed                  sudo pkill -9 -f "nr-uesoftmodem" 2> /dev/null
/home/kmanojp/oranslice_rig/experiments/scripts/restart_ran_stack.sh: line 24: 843042 Killed                  sudo pkill -9 -f "nr-softmodem" 2> /dev/null
[restart] confirmed clean: no RAN processes running
[restart] launching gNB
[restart] gNB up, E2 agent alive
[restart] launching UE1 (embb, default netns)
[restart] UE1 attached
[restart] launching UE2 (mmtc, ue2ns)
[restart] UE2 attached
[restart] launching UE3 (urllc, ue3ns)
[restart] UE3 attached
[restart] verifying connectivity all 3 UEs
[restart] SUCCESS: all 3 UEs attached and reachable
[orchestrator] $ bash /home/kmanojp/oranslice_rig/experiments/scripts/health_check.sh
[health] OK: all 3 UEs reachable, 16 RAN processes alive, no recent segfault
[orchestrator] $ python3 /home/kmanojp/oranslice_rig/framework/qoe_oran_framework/xapp/saclb_xapp.py --config /home/kmanojp/oranslice_rig/experiments/configs/saclb_campaign_v2.yaml --algorithm dqn --checkpoint /home/kmanojp/oranslice_rig/experiments/results/offline_v2/qoe/seed256/dqn/offline_closed_loop/rep_0/checkpoint.pt --gnb-id gnb-0 --episodes 1 --seed 972002 --run-id dqn_qoe_qoe_seed972_batch2 --omega-jsonl /home/kmanojp/oranslice_rig/experiments/results/live_campaign_v2/dqn_qoe/qoe/rep_seed972/omega_log.jsonl --reward-mode qoe
[dqn_qoe_qoe_seed972_batch2] talking to gNB E2 agent (listen=6600, gNB=6655)...

Omega log: /home/kmanojp/oranslice_rig/experiments/results/live_campaign_v2/dqn_qoe/qoe/rep_seed972/omega_log.jsonl
{
  "run_id": "dqn_qoe_qoe_seed972_batch2",
  "algorithm": "dqn",
  "mode": "live_testbed",
  "seed": 972002,
  "n_episodes": 1,
  "mean_reward_per_step": 0.612146797498067,
  "mean_blocks_per_episode": 111.0,
  "mean_urllc_blocks_per_episode": 35.0,
  "blocks_per_episode": [
    111
  ],
  "blocks_per_episode_by_slice": [
    {
      "embb": 44,
      "mmtc": 32,
      "urllc": 35
    }
  ],
  "mean_rho": null,
  "omega_path": "/home/kmanojp/oranslice_rig/experiments/results/live_campaign_v2/dqn_qoe/qoe/rep_seed972/omega_log.jsonl",
  "checkpoint_path": "",
  "drift_flag": true,
  "drift_reason": "mean URLLC block rate 35.00/episode exceeds 2x the 1.0/episode acceptance bar",
  "sla_compliance_by_slice": {
    "embb": 1.0,
    "urllc": 1.0,
    "mmtc": 1.0
  },
  "sla_compliance_all_slices": 1.0,
  "sla_compliance_by_slice_per_episode": [
    {
      "embb": 1.0,
      "urllc": 1.0,
      "mmtc": 1.0
    }
  ],
  "sla_margin_by_slice": {
    "embb": 0.7549999941970748,
    "urllc": 0.7346046269855777,
    "mmtc": 0.7199967482718477
  },
  "sla_margin_by_slice_per_episode": [
    {
      "embb": 0.7549999941970748,
      "urllc": 0.7346046269855777,
      "mmtc": 0.7199967482718477
    }
  ],
  "mean_mos_by_slice": {
    "embb": 2.171092196305593,
    "urllc": 3.475504473845164,
    "mmtc": 4.76516489982605
  },
  "mean_cost": 0.027500000000000007,
  "mean_sla_viol": 0.0
}
[orchestrator] DONE: 5/5 episodes completed for dqn_qoe rep_seed972. omega log: /home/kmanojp/oranslice_rig/experiments/results/live_campaign_v2/dqn_qoe/qoe/rep_seed972/omega_log.jsonl
=== 23:42:41 DONE arm=dqn_qoe seed=972 (1760s, 1 attempt(s)) ===
=== seed=973 episodes=5 arm_order=baseline dqn_sla dqn_qoe static_at_cap ===
=== 23:42:41 DRAIN before arm=baseline seed=973 ===
     rnti=10858: mean=5.00 PRB  max=5.00  n=10
     rnti=22575: mean=5.00 PRB  max=5.00  n=10
     rnti=44460: mean=5.00 PRB  max=5.00  n=10

Done. NEVER send SUBSCRIPTION-type messages: still assert(0!=0) in handle_subscription() on this OAI base (verified 2026-07-14).
=== 23:43:16 RUN arm=baseline seed=973 algo=baseline_static mode=sla episodes=5 ===
[orchestrator] === baseline rep_seed973 batch 0 (2 episodes, batch_seed=973000, 0/5 done so far) ===
[orchestrator] $ bash /home/kmanojp/oranslice_rig/experiments/scripts/health_check.sh
[health] OK: all 3 UEs reachable, 16 RAN processes alive, no recent segfault
[orchestrator] $ python3 /home/kmanojp/oranslice_rig/experiments/scripts/run_baseline_static.py --config /home/kmanojp/oranslice_rig/experiments/configs/saclb_campaign_baseline_v2.yaml --gnb-id gnb-0 --episodes 2 --seed 973000 --run-id baseline_sla_seed973_batch0 --omega-jsonl /home/kmanojp/oranslice_rig/experiments/results/live_campaign_v2/baseline/sla/rep_seed973/omega_log.jsonl --reward-mode sla
[baseline_sla_seed973_batch0] baseline_static: talking to gNB E2 agent (listen=6600, gNB=6655)...

Omega log: /home/kmanojp/oranslice_rig/experiments/results/live_campaign_v2/baseline/sla/rep_seed973/omega_log.jsonl
{
  "run_id": "baseline_sla_seed973_batch0",
  "algorithm": "baseline_static",
  "mode": "live_testbed",
  "seed": 973000,
  "n_episodes": 2,
  "mean_reward_per_step": 5.336250000000001,
  "mean_blocks_per_episode": 0.0,
  "mean_urllc_blocks_per_episode": 0.0,
  "blocks_per_episode": [
    0,
    0
  ],
  "blocks_per_episode_by_slice": [
    {},
    {}
  ],
  "mean_rho": null,
  "omega_path": "/home/kmanojp/oranslice_rig/experiments/results/live_campaign_v2/baseline/sla/rep_seed973/omega_log.jsonl",
  "checkpoint_path": "",
  "drift_flag": false,
  "drift_reason": "",
  "sla_compliance_by_slice": {
    "embb": 1.0,
    "urllc": 1.0,
    "mmtc": 1.0
  },
  "sla_compliance_all_slices": 1.0,
  "sla_compliance_by_slice_per_episode": [
    {
      "embb": 1.0,
      "urllc": 1.0,
      "mmtc": 1.0
    },
    {
      "embb": 1.0,
      "urllc": 1.0,
      "mmtc": 1.0
    }
  ],
  "sla_margin_by_slice": {
    "embb": 0.7324999999930375,
    "urllc": 0.7974782323879124,
    "mmtc": 0.797499659744515
  },
  "sla_margin_by_slice_per_episode": [
    {
      "embb": 0.7649999999860745,
      "urllc": 0.8949564647758244,
      "mmtc": 0.8949993194890294
    },
    {
      "embb": 0.7000000000000004,
      "urllc": 0.7000000000000004,
      "mmtc": 0.7000000000000004
    }
  ],
  "mean_mos_by_slice": {
    "embb": 2.1711434423923492,
    "urllc": 4.325609588623047,
    "mmtc": 4.814398761590322
  },
  "mean_cost": 0.3025,
  "mean_sla_viol": 0.0
}
[orchestrator] === baseline rep_seed973 batch 1 (2 episodes, batch_seed=973001, 2/5 done so far) ===
[orchestrator] $ bash /home/kmanojp/oranslice_rig/experiments/scripts/health_check.sh
[health] FAIL: UE1 (embb) unreachable
[health] FAIL: UE2 (mmtc) unreachable
[health] FAIL: UE3 (urllc) unreachable
[orchestrator] health check failed, restarting stack (attempt 1)
[orchestrator] $ bash /home/kmanojp/oranslice_rig/experiments/scripts/restart_ran_stack.sh
[restart] stopping all RAN processes and tmux sessions
/home/kmanojp/oranslice_rig/experiments/scripts/restart_ran_stack.sh: line 23: 851062 Killed                  sudo pkill -9 -f "nr-uesoftmodem" 2> /dev/null
/home/kmanojp/oranslice_rig/experiments/scripts/restart_ran_stack.sh: line 24: 851064 Killed                  sudo pkill -9 -f "nr-softmodem" 2> /dev/null
[restart] confirmed clean: no RAN processes running
[restart] launching gNB
[restart] gNB up, E2 agent alive
[restart] launching UE1 (embb, default netns)
[restart] UE1 attached
[restart] launching UE2 (mmtc, ue2ns)
[restart] UE2 attached
[restart] launching UE3 (urllc, ue3ns)
[restart] UE3 attached
[restart] verifying connectivity all 3 UEs
[restart] SUCCESS: all 3 UEs attached and reachable
[orchestrator] $ bash /home/kmanojp/oranslice_rig/experiments/scripts/health_check.sh
[health] OK: all 3 UEs reachable, 16 RAN processes alive, no recent segfault
[orchestrator] $ python3 /home/kmanojp/oranslice_rig/experiments/scripts/run_baseline_static.py --config /home/kmanojp/oranslice_rig/experiments/configs/saclb_campaign_baseline_v2.yaml --gnb-id gnb-0 --episodes 2 --seed 973001 --run-id baseline_sla_seed973_batch1 --omega-jsonl /home/kmanojp/oranslice_rig/experiments/results/live_campaign_v2/baseline/sla/rep_seed973/omega_log.jsonl --reward-mode sla
[baseline_sla_seed973_batch1] baseline_static: talking to gNB E2 agent (listen=6600, gNB=6655)...

Omega log: /home/kmanojp/oranslice_rig/experiments/results/live_campaign_v2/baseline/sla/rep_seed973/omega_log.jsonl
{
  "run_id": "baseline_sla_seed973_batch1",
  "algorithm": "baseline_static",
  "mode": "live_testbed",
  "seed": 973001,
  "n_episodes": 2,
  "mean_reward_per_step": 5.124583333333335,
  "mean_blocks_per_episode": 0.0,
  "mean_urllc_blocks_per_episode": 0.0,
  "blocks_per_episode": [
    0,
    0
  ],
  "blocks_per_episode_by_slice": [
    {},
    {}
  ],
  "mean_rho": null,
  "omega_path": "/home/kmanojp/oranslice_rig/experiments/results/live_campaign_v2/baseline/sla/rep_seed973/omega_log.jsonl",
  "checkpoint_path": "",
  "drift_flag": false,
  "drift_reason": "",
  "sla_compliance_by_slice": {
    "embb": 1.0,
    "urllc": 1.0,
    "mmtc": 1.0
  },
  "sla_compliance_all_slices": 1.0,
  "sla_compliance_by_slice_per_episode": [
    {
      "embb": 1.0,
      "urllc": 1.0,
      "mmtc": 1.0
    },
    {
      "embb": 1.0,
      "urllc": 1.0,
      "mmtc": 1.0
    }
  ],
  "sla_margin_by_slice": {
    "embb": 0.7049999982344164,
    "urllc": 0.7147663723692923,
    "mmtc": 0.7124972415126523
  },
  "sla_margin_by_slice_per_episode": [
    {
      "embb": 0.7099999964688323,
      "urllc": 0.7295327447385842,
      "mmtc": 0.7249944830253042
    },
    {
      "embb": 0.7000000000000004,
      "urllc": 0.7000000000000004,
      "mmtc": 0.7000000000000004
    }
  ],
  "mean_mos_by_slice": {
    "embb": 2.1711319228013357,
    "urllc": 3.036765299240748,
    "mmtc": 4.76071294148763
  },
  "mean_cost": 0.3025,
  "mean_sla_viol": 0.0
}
[orchestrator] === baseline rep_seed973 batch 2 (1 episodes, batch_seed=973002, 4/5 done so far) ===
[orchestrator] $ bash /home/kmanojp/oranslice_rig/experiments/scripts/health_check.sh
[health] FAIL: UE1 (embb) unreachable
[health] FAIL: UE2 (mmtc) unreachable
[health] FAIL: UE3 (urllc) unreachable
[orchestrator] health check failed, restarting stack (attempt 1)
[orchestrator] $ bash /home/kmanojp/oranslice_rig/experiments/scripts/restart_ran_stack.sh
[restart] stopping all RAN processes and tmux sessions
/home/kmanojp/oranslice_rig/experiments/scripts/restart_ran_stack.sh: line 23: 856508 Killed                  sudo pkill -9 -f "nr-uesoftmodem" 2> /dev/null
/home/kmanojp/oranslice_rig/experiments/scripts/restart_ran_stack.sh: line 24: 856510 Killed                  sudo pkill -9 -f "nr-softmodem" 2> /dev/null
[restart] confirmed clean: no RAN processes running
[restart] launching gNB
[restart] gNB up, E2 agent alive
[restart] launching UE1 (embb, default netns)
[restart] UE1 attached
[restart] launching UE2 (mmtc, ue2ns)
[restart] UE2 attached
[restart] launching UE3 (urllc, ue3ns)
[restart] UE3 attached
[restart] verifying connectivity all 3 UEs
[restart] SUCCESS: all 3 UEs attached and reachable
[orchestrator] $ bash /home/kmanojp/oranslice_rig/experiments/scripts/health_check.sh
[health] OK: all 3 UEs reachable, 16 RAN processes alive, no recent segfault
[orchestrator] $ python3 /home/kmanojp/oranslice_rig/experiments/scripts/run_baseline_static.py --config /home/kmanojp/oranslice_rig/experiments/configs/saclb_campaign_baseline_v2.yaml --gnb-id gnb-0 --episodes 1 --seed 973002 --run-id baseline_sla_seed973_batch2 --omega-jsonl /home/kmanojp/oranslice_rig/experiments/results/live_campaign_v2/baseline/sla/rep_seed973/omega_log.jsonl --reward-mode sla
[baseline_sla_seed973_batch2] baseline_static: talking to gNB E2 agent (listen=6600, gNB=6655)...

Omega log: /home/kmanojp/oranslice_rig/experiments/results/live_campaign_v2/baseline/sla/rep_seed973/omega_log.jsonl
{
  "run_id": "baseline_sla_seed973_batch2",
  "algorithm": "baseline_static",
  "mode": "live_testbed",
  "seed": 973002,
  "n_episodes": 1,
  "mean_reward_per_step": 5.344166666666667,
  "mean_blocks_per_episode": 0.0,
  "mean_urllc_blocks_per_episode": 0.0,
  "blocks_per_episode": [
    0
  ],
  "blocks_per_episode_by_slice": [
    {}
  ],
  "mean_rho": null,
  "omega_path": "/home/kmanojp/oranslice_rig/experiments/results/live_campaign_v2/baseline/sla/rep_seed973/omega_log.jsonl",
  "checkpoint_path": "",
  "drift_flag": false,
  "drift_reason": "",
  "sla_compliance_by_slice": {
    "embb": 1.0,
    "urllc": 1.0,
    "mmtc": 1.0
  },
  "sla_compliance_all_slices": 1.0,
  "sla_compliance_by_slice_per_episode": [
    {
      "embb": 1.0,
      "urllc": 1.0,
      "mmtc": 1.0
    }
  ],
  "sla_margin_by_slice": {
    "embb": 0.7649999740611714,
    "urllc": 0.7389206593483691,
    "mmtc": 0.7199959855205993
  },
  "sla_margin_by_slice_per_episode": [
    {
      "embb": 0.7649999740611714,
      "urllc": 0.7389206593483691,
      "mmtc": 0.7199959855205993
    }
  ],
  "mean_mos_by_slice": {
    "embb": 2.1710982362429303,
    "urllc": 2.268372639020284,
    "mmtc": 4.765226944287618
  },
  "mean_cost": 0.3050000000000001,
  "mean_sla_viol": 0.0
}
[orchestrator] DONE: 5/5 episodes completed for baseline rep_seed973. omega log: /home/kmanojp/oranslice_rig/experiments/results/live_campaign_v2/baseline/sla/rep_seed973/omega_log.jsonl
=== 00:11:51 DONE arm=baseline seed=973 (1750s, 1 attempt(s)) ===
=== 00:11:51 DRAIN before arm=dqn_sla seed=973 ===
     rnti=2635: mean=5.00 PRB  max=5.00  n=10
     rnti=57342: mean=5.00 PRB  max=5.00  n=10
     rnti=63097: mean=5.00 PRB  max=5.00  n=10

Done. NEVER send SUBSCRIPTION-type messages: still assert(0!=0) in handle_subscription() on this OAI base (verified 2026-07-14).
=== 00:12:26 RUN arm=dqn_sla seed=973 algo=dqn mode=sla episodes=5 ===
[orchestrator] === dqn_sla rep_seed973 batch 0 (2 episodes, batch_seed=973000, 0/5 done so far) ===
[orchestrator] $ bash /home/kmanojp/oranslice_rig/experiments/scripts/health_check.sh
[health] OK: all 3 UEs reachable, 16 RAN processes alive, no recent segfault
[orchestrator] $ python3 /home/kmanojp/oranslice_rig/framework/qoe_oran_framework/xapp/saclb_xapp.py --config /home/kmanojp/oranslice_rig/experiments/configs/saclb_campaign_v2.yaml --algorithm dqn --checkpoint /home/kmanojp/oranslice_rig/experiments/results/offline_v2/sla/seed256/dqn/offline_closed_loop/rep_0/checkpoint.pt --gnb-id gnb-0 --episodes 2 --seed 973000 --run-id dqn_sla_sla_seed973_batch0 --omega-jsonl /home/kmanojp/oranslice_rig/experiments/results/live_campaign_v2/dqn_sla/sla/rep_seed973/omega_log.jsonl --reward-mode sla
[dqn_sla_sla_seed973_batch0] talking to gNB E2 agent (listen=6600, gNB=6655)...

Omega log: /home/kmanojp/oranslice_rig/experiments/results/live_campaign_v2/dqn_sla/sla/rep_seed973/omega_log.jsonl
{
  "run_id": "dqn_sla_sla_seed973_batch0",
  "algorithm": "dqn",
  "mode": "live_testbed",
  "seed": 973000,
  "n_episodes": 2,
  "mean_reward_per_step": 0.0,
  "mean_blocks_per_episode": 121.0,
  "mean_urllc_blocks_per_episode": 41.0,
  "blocks_per_episode": [
    122,
    120
  ],
  "blocks_per_episode_by_slice": [
    {
      "mmtc": 48,
      "urllc": 51,
      "embb": 23
    },
    {
      "mmtc": 38,
      "urllc": 31,
      "embb": 51
    }
  ],
  "mean_rho": null,
  "omega_path": "/home/kmanojp/oranslice_rig/experiments/results/live_campaign_v2/dqn_sla/sla/rep_seed973/omega_log.jsonl",
  "checkpoint_path": "",
  "drift_flag": true,
  "drift_reason": "mean URLLC block rate 41.00/episode exceeds 2x the 1.0/episode acceptance bar",
  "sla_compliance_by_slice": {
    "embb": 1.0,
    "urllc": 1.0,
    "mmtc": 1.0
  },
  "sla_compliance_all_slices": 1.0,
  "sla_compliance_by_slice_per_episode": [
    {
      "embb": 1.0,
      "urllc": 1.0,
      "mmtc": 1.0
    },
    {
      "embb": 1.0,
      "urllc": 1.0,
      "mmtc": 1.0
    }
  ],
  "sla_margin_by_slice": {
    "embb": 0.7574999997902705,
    "urllc": 0.8049590380857026,
    "mmtc": 0.7724997718456847
  },
  "sla_margin_by_slice_per_episode": [
    {
      "embb": 0.8149999995805405,
      "urllc": 0.9099180761714047,
      "mmtc": 0.8449995436913692
    },
    {
      "embb": 0.7000000000000004,
      "urllc": 0.7000000000000004,
      "mmtc": 0.7000000000000004
    }
  ],
  "mean_mos_by_slice": {
    "embb": 2.1711539129416146,
    "urllc": 4.344373802344005,
    "mmtc": 4.798504034678142
  },
  "mean_cost": 0.0,
  "mean_sla_viol": 0.0
}
[orchestrator] === dqn_sla rep_seed973 batch 1 (2 episodes, batch_seed=973001, 2/5 done so far) ===
[orchestrator] $ bash /home/kmanojp/oranslice_rig/experiments/scripts/health_check.sh
[health] FAIL: UE1 (embb) unreachable
[health] FAIL: UE2 (mmtc) unreachable
[health] FAIL: UE3 (urllc) unreachable
[orchestrator] health check failed, restarting stack (attempt 1)
[orchestrator] $ bash /home/kmanojp/oranslice_rig/experiments/scripts/restart_ran_stack.sh
[restart] stopping all RAN processes and tmux sessions
/home/kmanojp/oranslice_rig/experiments/scripts/restart_ran_stack.sh: line 23: 864540 Killed                  sudo pkill -9 -f "nr-uesoftmodem" 2> /dev/null
/home/kmanojp/oranslice_rig/experiments/scripts/restart_ran_stack.sh: line 24: 864542 Killed                  sudo pkill -9 -f "nr-softmodem" 2> /dev/null
[restart] confirmed clean: no RAN processes running
[restart] launching gNB
[restart] gNB up, E2 agent alive
[restart] launching UE1 (embb, default netns)
[restart] FATAL: UE1 did not attach (no PDU session after 20s)
[orchestrator] restart_ran_stack.sh itself failed
[orchestrator] FATAL: rig unhealthy after max restart attempts, aborting rep
[n128] RETRY 1/3 for arm=dqn_sla seed=973 --  deleting stale partial output first (Stage 11 append-corruption lesson)
=== 00:24:48 DRAIN before arm=dqn_sla seed=973 ===
     rnti=56254: mean=5.00 PRB  max=5.00  n=10
     rnti=57628: mean=5.00 PRB  max=5.00  n=10
     rnti=65209: mean=5.00 PRB  max=5.00  n=10

Done. NEVER send SUBSCRIPTION-type messages: still assert(0!=0) in handle_subscription() on this OAI base (verified 2026-07-14).
=== 00:25:22 RUN arm=dqn_sla seed=973 algo=dqn mode=sla episodes=5 ===
[orchestrator] === dqn_sla rep_seed973 batch 0 (2 episodes, batch_seed=973000, 0/5 done so far) ===
[orchestrator] $ bash /home/kmanojp/oranslice_rig/experiments/scripts/health_check.sh
[health] FAIL: segfault signature in recent dmesg (RAN process)
[orchestrator] health check failed, restarting stack (attempt 1)
[orchestrator] $ bash /home/kmanojp/oranslice_rig/experiments/scripts/restart_ran_stack.sh
[restart] stopping all RAN processes and tmux sessions
/home/kmanojp/oranslice_rig/experiments/scripts/restart_ran_stack.sh: line 23: 866117 Killed                  sudo pkill -9 -f "nr-uesoftmodem" 2> /dev/null
/home/kmanojp/oranslice_rig/experiments/scripts/restart_ran_stack.sh: line 24: 866119 Killed                  sudo pkill -9 -f "nr-softmodem" 2> /dev/null
[restart] confirmed clean: no RAN processes running
[restart] launching gNB
[restart] gNB up, E2 agent alive
[restart] launching UE1 (embb, default netns)
[restart] UE1 attached
[restart] launching UE2 (mmtc, ue2ns)
[restart] UE2 attached
[restart] launching UE3 (urllc, ue3ns)
[restart] UE3 attached
[restart] verifying connectivity all 3 UEs
[restart] SUCCESS: all 3 UEs attached and reachable
[orchestrator] $ bash /home/kmanojp/oranslice_rig/experiments/scripts/health_check.sh
[health] FAIL: UE1 (embb) unreachable
[health] FAIL: segfault signature in recent dmesg (RAN process)
[orchestrator] health check failed, restarting stack (attempt 2)
[orchestrator] $ bash /home/kmanojp/oranslice_rig/experiments/scripts/restart_ran_stack.sh
[restart] stopping all RAN processes and tmux sessions
/home/kmanojp/oranslice_rig/experiments/scripts/restart_ran_stack.sh: line 23: 867053 Killed                  sudo pkill -9 -f "nr-uesoftmodem" 2> /dev/null
/home/kmanojp/oranslice_rig/experiments/scripts/restart_ran_stack.sh: line 24: 867055 Killed                  sudo pkill -9 -f "nr-softmodem" 2> /dev/null
[restart] confirmed clean: no RAN processes running
[restart] launching gNB
[restart] gNB up, E2 agent alive
[restart] launching UE1 (embb, default netns)
[restart] UE1 attached
[restart] launching UE2 (mmtc, ue2ns)
[restart] UE2 attached
[restart] launching UE3 (urllc, ue3ns)
[restart] UE3 attached
[restart] verifying connectivity all 3 UEs
[restart] FATAL: post-restart connectivity check failed
[orchestrator] restart_ran_stack.sh itself failed
[orchestrator] FATAL: rig unhealthy after max restart attempts, aborting rep
[n128] RETRY 2/3 for arm=dqn_sla seed=973 --  deleting stale partial output first (Stage 11 append-corruption lesson)
=== 00:29:50 DRAIN before arm=dqn_sla seed=973 ===
     rnti=13627: mean=5.00 PRB  max=5.00  n=10
     rnti=53088: mean=5.00 PRB  max=5.00  n=10
     rnti=60664: mean=5.00 PRB  max=5.00  n=10

Done. NEVER send SUBSCRIPTION-type messages: still assert(0!=0) in handle_subscription() on this OAI base (verified 2026-07-14).
=== 00:30:24 RUN arm=dqn_sla seed=973 algo=dqn mode=sla episodes=5 ===
[orchestrator] === dqn_sla rep_seed973 batch 0 (2 episodes, batch_seed=973000, 0/5 done so far) ===
[orchestrator] $ bash /home/kmanojp/oranslice_rig/experiments/scripts/health_check.sh
[health] FAIL: segfault signature in recent dmesg (RAN process)
[orchestrator] health check failed, restarting stack (attempt 1)
[orchestrator] $ bash /home/kmanojp/oranslice_rig/experiments/scripts/restart_ran_stack.sh
[restart] stopping all RAN processes and tmux sessions
/home/kmanojp/oranslice_rig/experiments/scripts/restart_ran_stack.sh: line 23: 869135 Killed                  sudo pkill -9 -f "nr-uesoftmodem" 2> /dev/null
/home/kmanojp/oranslice_rig/experiments/scripts/restart_ran_stack.sh: line 24: 869137 Killed                  sudo pkill -9 -f "nr-softmodem" 2> /dev/null
[restart] confirmed clean: no RAN processes running
[restart] launching gNB
[restart] gNB up, E2 agent alive
[restart] launching UE1 (embb, default netns)
[restart] UE1 attached
[restart] launching UE2 (mmtc, ue2ns)
[restart] UE2 attached
[restart] launching UE3 (urllc, ue3ns)
[restart] UE3 attached
[restart] verifying connectivity all 3 UEs
[restart] SUCCESS: all 3 UEs attached and reachable
[orchestrator] $ bash /home/kmanojp/oranslice_rig/experiments/scripts/health_check.sh
[health] OK: all 3 UEs reachable, 16 RAN processes alive, no recent segfault
[orchestrator] $ python3 /home/kmanojp/oranslice_rig/framework/qoe_oran_framework/xapp/saclb_xapp.py --config /home/kmanojp/oranslice_rig/experiments/configs/saclb_campaign_v2.yaml --algorithm dqn --checkpoint /home/kmanojp/oranslice_rig/experiments/results/offline_v2/sla/seed256/dqn/offline_closed_loop/rep_0/checkpoint.pt --gnb-id gnb-0 --episodes 2 --seed 973000 --run-id dqn_sla_sla_seed973_batch0 --omega-jsonl /home/kmanojp/oranslice_rig/experiments/results/live_campaign_v2/dqn_sla/sla/rep_seed973/omega_log.jsonl --reward-mode sla
[dqn_sla_sla_seed973_batch0] talking to gNB E2 agent (listen=6600, gNB=6655)...

Omega log: /home/kmanojp/oranslice_rig/experiments/results/live_campaign_v2/dqn_sla/sla/rep_seed973/omega_log.jsonl
{
  "run_id": "dqn_sla_sla_seed973_batch0",
  "algorithm": "dqn",
  "mode": "live_testbed",
  "seed": 973000,
  "n_episodes": 2,
  "mean_reward_per_step": 0.0,
  "mean_blocks_per_episode": 121.0,
  "mean_urllc_blocks_per_episode": 41.0,
  "blocks_per_episode": [
    122,
    120
  ],
  "blocks_per_episode_by_slice": [
    {
      "mmtc": 48,
      "urllc": 51,
      "embb": 23
    },
    {
      "mmtc": 38,
      "urllc": 31,
      "embb": 51
    }
  ],
  "mean_rho": null,
  "omega_path": "/home/kmanojp/oranslice_rig/experiments/results/live_campaign_v2/dqn_sla/sla/rep_seed973/omega_log.jsonl",
  "checkpoint_path": "",
  "drift_flag": true,
  "drift_reason": "mean URLLC block rate 41.00/episode exceeds 2x the 1.0/episode acceptance bar",
  "sla_compliance_by_slice": {
    "embb": 1.0,
    "urllc": 1.0,
    "mmtc": 1.0
  },
  "sla_compliance_all_slices": 1.0,
  "sla_compliance_by_slice_per_episode": [
    {
      "embb": 1.0,
      "urllc": 1.0,
      "mmtc": 1.0
    },
    {
      "embb": 1.0,
      "urllc": 1.0,
      "mmtc": 1.0
    }
  ],
  "sla_margin_by_slice": {
    "embb": 0.7349999945707497,
    "urllc": 0.7197499350147947,
    "mmtc": 0.7074986213432709
  },
  "sla_margin_by_slice_per_episode": [
    {
      "embb": 0.769999989141499,
      "urllc": 0.739499870029589,
      "mmtc": 0.7149972426865414
    },
    {
      "embb": 0.7000000000000004,
      "urllc": 0.7000000000000004,
      "mmtc": 0.7000000000000004
    }
  ],
  "mean_mos_by_slice": {
    "embb": 2.171144497394562,
    "urllc": 3.2971844474474588,
    "mmtc": 4.757465247313181
  },
  "mean_cost": 0.0,
  "mean_sla_viol": 0.0
}
[orchestrator] === dqn_sla rep_seed973 batch 1 (2 episodes, batch_seed=973001, 2/5 done so far) ===
[orchestrator] $ bash /home/kmanojp/oranslice_rig/experiments/scripts/health_check.sh
[health] FAIL: UE1 (embb) unreachable
[health] FAIL: UE2 (mmtc) unreachable
[health] FAIL: UE3 (urllc) unreachable
[orchestrator] health check failed, restarting stack (attempt 1)
[orchestrator] $ bash /home/kmanojp/oranslice_rig/experiments/scripts/restart_ran_stack.sh
[restart] stopping all RAN processes and tmux sessions
/home/kmanojp/oranslice_rig/experiments/scripts/restart_ran_stack.sh: line 23: 874730 Killed                  sudo pkill -9 -f "nr-uesoftmodem" 2> /dev/null
/home/kmanojp/oranslice_rig/experiments/scripts/restart_ran_stack.sh: line 24: 874732 Killed                  sudo pkill -9 -f "nr-softmodem" 2> /dev/null
[restart] confirmed clean: no RAN processes running
[restart] launching gNB
[restart] gNB up, E2 agent alive
[restart] launching UE1 (embb, default netns)
[restart] UE1 attached
[restart] launching UE2 (mmtc, ue2ns)
[restart] UE2 attached
[restart] launching UE3 (urllc, ue3ns)
[restart] UE3 attached
[restart] verifying connectivity all 3 UEs
[restart] SUCCESS: all 3 UEs attached and reachable
[orchestrator] $ bash /home/kmanojp/oranslice_rig/experiments/scripts/health_check.sh
[health] OK: all 3 UEs reachable, 16 RAN processes alive, no recent segfault
[orchestrator] $ python3 /home/kmanojp/oranslice_rig/framework/qoe_oran_framework/xapp/saclb_xapp.py --config /home/kmanojp/oranslice_rig/experiments/configs/saclb_campaign_v2.yaml --algorithm dqn --checkpoint /home/kmanojp/oranslice_rig/experiments/results/offline_v2/sla/seed256/dqn/offline_closed_loop/rep_0/checkpoint.pt --gnb-id gnb-0 --episodes 2 --seed 973001 --run-id dqn_sla_sla_seed973_batch1 --omega-jsonl /home/kmanojp/oranslice_rig/experiments/results/live_campaign_v2/dqn_sla/sla/rep_seed973/omega_log.jsonl --reward-mode sla
[dqn_sla_sla_seed973_batch1] talking to gNB E2 agent (listen=6600, gNB=6655)...

Omega log: /home/kmanojp/oranslice_rig/experiments/results/live_campaign_v2/dqn_sla/sla/rep_seed973/omega_log.jsonl
{
  "run_id": "dqn_sla_sla_seed973_batch1",
  "algorithm": "dqn",
  "mode": "live_testbed",
  "seed": 973001,
  "n_episodes": 2,
  "mean_reward_per_step": 0.0,
  "mean_blocks_per_episode": 121.0,
  "mean_urllc_blocks_per_episode": 40.0,
  "blocks_per_episode": [
    122,
    120
  ],
  "blocks_per_episode_by_slice": [
    {
      "mmtc": 54,
      "urllc": 38,
      "embb": 30
    },
    {
      "urllc": 42,
      "mmtc": 39,
      "embb": 39
    }
  ],
  "mean_rho": null,
  "omega_path": "/home/kmanojp/oranslice_rig/experiments/results/live_campaign_v2/dqn_sla/sla/rep_seed973/omega_log.jsonl",
  "checkpoint_path": "",
  "drift_flag": true,
  "drift_reason": "mean URLLC block rate 40.00/episode exceeds 2x the 1.0/episode acceptance bar",
  "sla_compliance_by_slice": {
    "embb": 1.0,
    "urllc": 1.0,
    "mmtc": 1.0
  },
  "sla_compliance_all_slices": 1.0,
  "sla_compliance_by_slice_per_episode": [
    {
      "embb": 1.0,
      "urllc": 1.0,
      "mmtc": 1.0
    },
    {
      "embb": 1.0,
      "urllc": 1.0,
      "mmtc": 1.0
    }
  ],
  "sla_margin_by_slice": {
    "embb": 0.7274999927778797,
    "urllc": 0.7148107616323982,
    "mmtc": 0.7049989095176545
  },
  "sla_margin_by_slice_per_episode": [
    {
      "embb": 0.754999985555759,
      "urllc": 0.729621523264796,
      "mmtc": 0.7099978190353088
    },
    {
      "embb": 0.7000000000000004,
      "urllc": 0.7000000000000004,
      "mmtc": 0.7000000000000004
    }
  ],
  "mean_mos_by_slice": {
    "embb": 2.1711413681507112,
    "urllc": 3.2743863205115002,
    "mmtc": 4.755918288230896
  },
  "mean_cost": 0.0,
  "mean_sla_viol": 0.0
}
[orchestrator] === dqn_sla rep_seed973 batch 2 (1 episodes, batch_seed=973002, 4/5 done so far) ===
[orchestrator] $ bash /home/kmanojp/oranslice_rig/experiments/scripts/health_check.sh
[health] FAIL: UE1 (embb) unreachable
[health] FAIL: UE2 (mmtc) unreachable
[health] FAIL: UE3 (urllc) unreachable
[orchestrator] health check failed, restarting stack (attempt 1)
[orchestrator] $ bash /home/kmanojp/oranslice_rig/experiments/scripts/restart_ran_stack.sh
[restart] stopping all RAN processes and tmux sessions
/home/kmanojp/oranslice_rig/experiments/scripts/restart_ran_stack.sh: line 23: 880164 Killed                  sudo pkill -9 -f "nr-uesoftmodem" 2> /dev/null
/home/kmanojp/oranslice_rig/experiments/scripts/restart_ran_stack.sh: line 24: 880166 Killed                  sudo pkill -9 -f "nr-softmodem" 2> /dev/null
[restart] confirmed clean: no RAN processes running
[restart] launching gNB
[restart] gNB up, E2 agent alive
[restart] launching UE1 (embb, default netns)
[restart] UE1 attached
[restart] launching UE2 (mmtc, ue2ns)
[restart] UE2 attached
[restart] launching UE3 (urllc, ue3ns)
[restart] UE3 attached
[restart] verifying connectivity all 3 UEs
[restart] SUCCESS: all 3 UEs attached and reachable
[orchestrator] $ bash /home/kmanojp/oranslice_rig/experiments/scripts/health_check.sh
[health] OK: all 3 UEs reachable, 16 RAN processes alive, no recent segfault
[orchestrator] $ python3 /home/kmanojp/oranslice_rig/framework/qoe_oran_framework/xapp/saclb_xapp.py --config /home/kmanojp/oranslice_rig/experiments/configs/saclb_campaign_v2.yaml --algorithm dqn --checkpoint /home/kmanojp/oranslice_rig/experiments/results/offline_v2/sla/seed256/dqn/offline_closed_loop/rep_0/checkpoint.pt --gnb-id gnb-0 --episodes 1 --seed 973002 --run-id dqn_sla_sla_seed973_batch2 --omega-jsonl /home/kmanojp/oranslice_rig/experiments/results/live_campaign_v2/dqn_sla/sla/rep_seed973/omega_log.jsonl --reward-mode sla
[dqn_sla_sla_seed973_batch2] talking to gNB E2 agent (listen=6600, gNB=6655)...

Omega log: /home/kmanojp/oranslice_rig/experiments/results/live_campaign_v2/dqn_sla/sla/rep_seed973/omega_log.jsonl
{
  "run_id": "dqn_sla_sla_seed973_batch2",
  "algorithm": "dqn",
  "mode": "live_testbed",
  "seed": 973002,
  "n_episodes": 1,
  "mean_reward_per_step": 0.0,
  "mean_blocks_per_episode": 122.0,
  "mean_urllc_blocks_per_episode": 37.0,
  "blocks_per_episode": [
    122
  ],
  "blocks_per_episode_by_slice": [
    {
      "mmtc": 42,
      "urllc": 37,
      "embb": 43
    }
  ],
  "mean_rho": null,
  "omega_path": "/home/kmanojp/oranslice_rig/experiments/results/live_campaign_v2/dqn_sla/sla/rep_seed973/omega_log.jsonl",
  "checkpoint_path": "",
  "drift_flag": true,
  "drift_reason": "mean URLLC block rate 37.00/episode exceeds 2x the 1.0/episode acceptance bar",
  "sla_compliance_by_slice": {
    "embb": 1.0,
    "urllc": 1.0,
    "mmtc": 1.0
  },
  "sla_compliance_all_slices": 1.0,
  "sla_compliance_by_slice_per_episode": [
    {
      "embb": 1.0,
      "urllc": 1.0,
      "mmtc": 1.0
    }
  ],
  "sla_margin_by_slice": {
    "embb": 0.7499999853950647,
    "urllc": 0.7295794702786956,
    "mmtc": 0.7199970734447876
  },
  "sla_margin_by_slice_per_episode": [
    {
      "embb": 0.7499999853950647,
      "urllc": 0.7295794702786956,
      "mmtc": 0.7199970734447876
    }
  ],
  "mean_mos_by_slice": {
    "embb": 2.1710901061693826,
    "urllc": 3.2063082416852313,
    "mmtc": 4.76513880888621
  },
  "mean_cost": 0.0,
  "mean_sla_viol": 0.0
}
[orchestrator] DONE: 5/5 episodes completed for dqn_sla rep_seed973. omega log: /home/kmanojp/oranslice_rig/experiments/results/live_campaign_v2/dqn_sla/sla/rep_seed973/omega_log.jsonl
=== 01:00:40 DONE arm=dqn_sla seed=973 (2929s, 3 attempt(s)) ===
=== 01:00:40 DRAIN before arm=dqn_qoe seed=973 ===
     rnti=7826: mean=5.00 PRB  max=5.00  n=10
     rnti=32856: mean=5.00 PRB  max=5.00  n=10
     rnti=51452: mean=5.00 PRB  max=5.00  n=10

Done. NEVER send SUBSCRIPTION-type messages: still assert(0!=0) in handle_subscription() on this OAI base (verified 2026-07-14).
=== 01:01:15 RUN arm=dqn_qoe seed=973 algo=dqn mode=qoe episodes=5 ===
[orchestrator] === dqn_qoe rep_seed973 batch 0 (2 episodes, batch_seed=973000, 0/5 done so far) ===
[orchestrator] $ bash /home/kmanojp/oranslice_rig/experiments/scripts/health_check.sh
[health] OK: all 3 UEs reachable, 16 RAN processes alive, no recent segfault
[orchestrator] $ python3 /home/kmanojp/oranslice_rig/framework/qoe_oran_framework/xapp/saclb_xapp.py --config /home/kmanojp/oranslice_rig/experiments/configs/saclb_campaign_v2.yaml --algorithm dqn --checkpoint /home/kmanojp/oranslice_rig/experiments/results/offline_v2/qoe/seed256/dqn/offline_closed_loop/rep_0/checkpoint.pt --gnb-id gnb-0 --episodes 2 --seed 973000 --run-id dqn_qoe_qoe_seed973_batch0 --omega-jsonl /home/kmanojp/oranslice_rig/experiments/results/live_campaign_v2/dqn_qoe/qoe/rep_seed973/omega_log.jsonl --reward-mode qoe
[dqn_qoe_qoe_seed973_batch0] talking to gNB E2 agent (listen=6600, gNB=6655)...

Omega log: /home/kmanojp/oranslice_rig/experiments/results/live_campaign_v2/dqn_qoe/qoe/rep_seed973/omega_log.jsonl
{
  "run_id": "dqn_qoe_qoe_seed973_batch0",
  "algorithm": "dqn",
  "mode": "live_testbed",
  "seed": 973000,
  "n_episodes": 2,
  "mean_reward_per_step": 0.6717053354846105,
  "mean_blocks_per_episode": 86.5,
  "mean_urllc_blocks_per_episode": 27.0,
  "blocks_per_episode": [
    53,
    120
  ],
  "blocks_per_episode_by_slice": [
    {
      "urllc": 23,
      "mmtc": 20,
      "embb": 10
    },
    {
      "mmtc": 38,
      "urllc": 31,
      "embb": 51
    }
  ],
  "mean_rho": null,
  "omega_path": "/home/kmanojp/oranslice_rig/experiments/results/live_campaign_v2/dqn_qoe/qoe/rep_seed973/omega_log.jsonl",
  "checkpoint_path": "",
  "drift_flag": true,
  "drift_reason": "mean URLLC block rate 27.00/episode exceeds 2x the 1.0/episode acceptance bar",
  "sla_compliance_by_slice": {
    "embb": 1.0,
    "urllc": 1.0,
    "mmtc": 1.0
  },
  "sla_compliance_all_slices": 1.0,
  "sla_compliance_by_slice_per_episode": [
    {
      "embb": 1.0,
      "urllc": 1.0,
      "mmtc": 1.0
    },
    {
      "embb": 1.0,
      "urllc": 1.0,
      "mmtc": 1.0
    }
  ],
  "sla_margin_by_slice": {
    "embb": 0.9799999999639533,
    "urllc": 0.7849810072959622,
    "mmtc": 0.7824998109086778
  },
  "sla_margin_by_slice_per_episode": [
    {
      "embb": 0.9999999999279061,
      "urllc": 0.869962014591924,
      "mmtc": 0.8649996218173552
    },
    {
      "embb": 0.9600000000000004,
      "urllc": 0.7000000000000004,
      "mmtc": 0.7000000000000004
    }
  ],
  "mean_mos_by_slice": {
    "embb": 2.171247100830078,
    "urllc": 4.291356563568115,
    "mmtc": 4.804860361417135
  },
  "mean_cost": 0.08625000000000001,
  "mean_sla_viol": 0.0
}
[orchestrator] === dqn_qoe rep_seed973 batch 1 (2 episodes, batch_seed=973001, 2/5 done so far) ===
[orchestrator] $ bash /home/kmanojp/oranslice_rig/experiments/scripts/health_check.sh
[health] FAIL: UE1 (embb) unreachable
[health] FAIL: UE2 (mmtc) unreachable
[health] FAIL: UE3 (urllc) unreachable
[orchestrator] health check failed, restarting stack (attempt 1)
[orchestrator] $ bash /home/kmanojp/oranslice_rig/experiments/scripts/restart_ran_stack.sh
[restart] stopping all RAN processes and tmux sessions
/home/kmanojp/oranslice_rig/experiments/scripts/restart_ran_stack.sh: line 23: 888209 Killed                  sudo pkill -9 -f "nr-uesoftmodem" 2> /dev/null
/home/kmanojp/oranslice_rig/experiments/scripts/restart_ran_stack.sh: line 24: 888211 Killed                  sudo pkill -9 -f "nr-softmodem" 2> /dev/null
[restart] confirmed clean: no RAN processes running
[restart] launching gNB
[restart] gNB up, E2 agent alive
[restart] launching UE1 (embb, default netns)
[restart] UE1 attached
[restart] launching UE2 (mmtc, ue2ns)
[restart] UE2 attached
[restart] launching UE3 (urllc, ue3ns)
[restart] UE3 attached
[restart] verifying connectivity all 3 UEs
[restart] SUCCESS: all 3 UEs attached and reachable
[orchestrator] $ bash /home/kmanojp/oranslice_rig/experiments/scripts/health_check.sh
[health] OK: all 3 UEs reachable, 16 RAN processes alive, no recent segfault
[orchestrator] $ python3 /home/kmanojp/oranslice_rig/framework/qoe_oran_framework/xapp/saclb_xapp.py --config /home/kmanojp/oranslice_rig/experiments/configs/saclb_campaign_v2.yaml --algorithm dqn --checkpoint /home/kmanojp/oranslice_rig/experiments/results/offline_v2/qoe/seed256/dqn/offline_closed_loop/rep_0/checkpoint.pt --gnb-id gnb-0 --episodes 2 --seed 973001 --run-id dqn_qoe_qoe_seed973_batch1 --omega-jsonl /home/kmanojp/oranslice_rig/experiments/results/live_campaign_v2/dqn_qoe/qoe/rep_seed973/omega_log.jsonl --reward-mode qoe
[dqn_qoe_qoe_seed973_batch1] talking to gNB E2 agent (listen=6600, gNB=6655)...

Omega log: /home/kmanojp/oranslice_rig/experiments/results/live_campaign_v2/dqn_qoe/qoe/rep_seed973/omega_log.jsonl
{
  "run_id": "dqn_qoe_qoe_seed973_batch1",
  "algorithm": "dqn",
  "mode": "live_testbed",
  "seed": 973001,
  "n_episodes": 2,
  "mean_reward_per_step": 0.5777077724271353,
  "mean_blocks_per_episode": 114.0,
  "mean_urllc_blocks_per_episode": 37.5,
  "blocks_per_episode": [
    108,
    120
  ],
  "blocks_per_episode_by_slice": [
    {
      "mmtc": 49,
      "embb": 26,
      "urllc": 33
    },
    {
      "urllc": 42,
      "mmtc": 39,
      "embb": 39
    }
  ],
  "mean_rho": null,
  "omega_path": "/home/kmanojp/oranslice_rig/experiments/results/live_campaign_v2/dqn_qoe/qoe/rep_seed973/omega_log.jsonl",
  "checkpoint_path": "",
  "drift_flag": true,
  "drift_reason": "mean URLLC block rate 37.50/episode exceeds 2x the 1.0/episode acceptance bar",
  "sla_compliance_by_slice": {
    "embb": 1.0,
    "urllc": 1.0,
    "mmtc": 1.0
  },
  "sla_compliance_all_slices": 1.0,
  "sla_compliance_by_slice_per_episode": [
    {
      "embb": 1.0,
      "urllc": 1.0,
      "mmtc": 1.0
    },
    {
      "embb": 1.0,
      "urllc": 1.0,
      "mmtc": 1.0
    }
  ],
  "sla_margin_by_slice": {
    "embb": 0.7849999956035928,
    "urllc": 0.7172288250713614,
    "mmtc": 0.7099971578647442
  },
  "sla_margin_by_slice_per_episode": [
    {
      "embb": 0.8699999912071852,
      "urllc": 0.7344576501427224,
      "mmtc": 0.719994315729488
    },
    {
      "embb": 0.7000000000000004,
      "urllc": 0.7000000000000004,
      "mmtc": 0.7000000000000004
    }
  ],
  "mean_mos_by_slice": {
    "embb": 2.1711654384930927,
    "urllc": 3.044106686115265,
    "mmtc": 4.759221144517263
  },
  "mean_cost": 0.017500000000000005,
  "mean_sla_viol": 0.0
}
[orchestrator] === dqn_qoe rep_seed973 batch 2 (1 episodes, batch_seed=973002, 4/5 done so far) ===
[orchestrator] $ bash /home/kmanojp/oranslice_rig/experiments/scripts/health_check.sh
[health] FAIL: UE1 (embb) unreachable
[health] FAIL: UE2 (mmtc) unreachable
[health] FAIL: UE3 (urllc) unreachable
[orchestrator] health check failed, restarting stack (attempt 1)
[orchestrator] $ bash /home/kmanojp/oranslice_rig/experiments/scripts/restart_ran_stack.sh
[restart] stopping all RAN processes and tmux sessions
/home/kmanojp/oranslice_rig/experiments/scripts/restart_ran_stack.sh: line 23: 893688 Killed                  sudo pkill -9 -f "nr-uesoftmodem" 2> /dev/null
/home/kmanojp/oranslice_rig/experiments/scripts/restart_ran_stack.sh: line 24: 893690 Killed                  sudo pkill -9 -f "nr-softmodem" 2> /dev/null
[restart] confirmed clean: no RAN processes running
[restart] launching gNB
[restart] gNB up, E2 agent alive
[restart] launching UE1 (embb, default netns)
[restart] UE1 attached
[restart] launching UE2 (mmtc, ue2ns)
[restart] UE2 attached
[restart] launching UE3 (urllc, ue3ns)
[restart] UE3 attached
[restart] verifying connectivity all 3 UEs
[restart] SUCCESS: all 3 UEs attached and reachable
[orchestrator] $ bash /home/kmanojp/oranslice_rig/experiments/scripts/health_check.sh
[health] OK: all 3 UEs reachable, 16 RAN processes alive, no recent segfault
[orchestrator] $ python3 /home/kmanojp/oranslice_rig/framework/qoe_oran_framework/xapp/saclb_xapp.py --config /home/kmanojp/oranslice_rig/experiments/configs/saclb_campaign_v2.yaml --algorithm dqn --checkpoint /home/kmanojp/oranslice_rig/experiments/results/offline_v2/qoe/seed256/dqn/offline_closed_loop/rep_0/checkpoint.pt --gnb-id gnb-0 --episodes 1 --seed 973002 --run-id dqn_qoe_qoe_seed973_batch2 --omega-jsonl /home/kmanojp/oranslice_rig/experiments/results/live_campaign_v2/dqn_qoe/qoe/rep_seed973/omega_log.jsonl --reward-mode qoe
[dqn_qoe_qoe_seed973_batch2] talking to gNB E2 agent (listen=6600, gNB=6655)...

Omega log: /home/kmanojp/oranslice_rig/experiments/results/live_campaign_v2/dqn_qoe/qoe/rep_seed973/omega_log.jsonl
{
  "run_id": "dqn_qoe_qoe_seed973_batch2",
  "algorithm": "dqn",
  "mode": "live_testbed",
  "seed": 973002,
  "n_episodes": 1,
  "mean_reward_per_step": 0.6111497677961988,
  "mean_blocks_per_episode": 109.0,
  "mean_urllc_blocks_per_episode": 32.0,
  "blocks_per_episode": [
    109
  ],
  "blocks_per_episode_by_slice": [
    {
      "embb": 40,
      "mmtc": 37,
      "urllc": 32
    }
  ],
  "mean_rho": null,
  "omega_path": "/home/kmanojp/oranslice_rig/experiments/results/live_campaign_v2/dqn_qoe/qoe/rep_seed973/omega_log.jsonl",
  "checkpoint_path": "",
  "drift_flag": true,
  "drift_reason": "mean URLLC block rate 32.00/episode exceeds 2x the 1.0/episode acceptance bar",
  "sla_compliance_by_slice": {
    "embb": 1.0,
    "urllc": 1.0,
    "mmtc": 1.0
  },
  "sla_compliance_all_slices": 1.0,
  "sla_compliance_by_slice_per_episode": [
    {
      "embb": 1.0,
      "urllc": 1.0,
      "mmtc": 1.0
    }
  ],
  "sla_margin_by_slice": {
    "embb": 0.769999987256034,
    "urllc": 0.7346046269855777,
    "mmtc": 0.719996386968581
  },
  "sla_margin_by_slice_per_episode": [
    {
      "embb": 0.769999987256034,
      "urllc": 0.7346046269855777,
      "mmtc": 0.719996386968581
    }
  ],
  "mean_mos_by_slice": {
    "embb": 2.1710984905560813,
    "urllc": 3.475504473845164,
    "mmtc": 4.765194249153137
  },
  "mean_cost": 0.0325,
  "mean_sla_viol": 0.0
}
[orchestrator] DONE: 5/5 episodes completed for dqn_qoe rep_seed973. omega log: /home/kmanojp/oranslice_rig/experiments/results/live_campaign_v2/dqn_qoe/qoe/rep_seed973/omega_log.jsonl
=== 01:30:00 DONE arm=dqn_qoe seed=973 (1760s, 1 attempt(s)) ===
=== 01:30:00 DRAIN before arm=static_at_cap seed=973 ===
     rnti=8941: mean=5.00 PRB  max=5.00  n=10
     rnti=29577: mean=5.00 PRB  max=5.00  n=10
     rnti=47446: mean=5.00 PRB  max=5.00  n=10

Done. NEVER send SUBSCRIPTION-type messages: still assert(0!=0) in handle_subscription() on this OAI base (verified 2026-07-14).
=== 01:30:35 RUN arm=static_at_cap seed=973 algo=baseline_static mode=sla episodes=5 ===
[orchestrator] === static_at_cap rep_seed973 batch 0 (2 episodes, batch_seed=973000, 0/5 done so far) ===
[orchestrator] $ bash /home/kmanojp/oranslice_rig/experiments/scripts/health_check.sh
[health] OK: all 3 UEs reachable, 16 RAN processes alive, no recent segfault
[orchestrator] $ python3 /home/kmanojp/oranslice_rig/experiments/scripts/run_baseline_static.py --config /home/kmanojp/oranslice_rig/experiments/configs/saclb_campaign_static_at_cap_v2.yaml --gnb-id gnb-0 --episodes 2 --seed 973000 --run-id static_at_cap_sla_seed973_batch0 --omega-jsonl /home/kmanojp/oranslice_rig/experiments/results/live_campaign_v2/static_at_cap/sla/rep_seed973/omega_log.jsonl --reward-mode sla
[static_at_cap_sla_seed973_batch0] baseline_static: talking to gNB E2 agent (listen=6600, gNB=6655)...

Omega log: /home/kmanojp/oranslice_rig/experiments/results/live_campaign_v2/static_at_cap/sla/rep_seed973/omega_log.jsonl
{
  "run_id": "static_at_cap_sla_seed973_batch0",
  "algorithm": "baseline_static",
  "mode": "live_testbed",
  "seed": 973000,
  "n_episodes": 2,
  "mean_reward_per_step": 5.336250000000001,
  "mean_blocks_per_episode": 0.0,
  "mean_urllc_blocks_per_episode": 0.0,
  "blocks_per_episode": [
    0,
    0
  ],
  "blocks_per_episode_by_slice": [
    {},
    {}
  ],
  "mean_rho": null,
  "omega_path": "/home/kmanojp/oranslice_rig/experiments/results/live_campaign_v2/static_at_cap/sla/rep_seed973/omega_log.jsonl",
  "checkpoint_path": "",
  "drift_flag": false,
  "drift_reason": "",
  "sla_compliance_by_slice": {
    "embb": 1.0,
    "urllc": 1.0,
    "mmtc": 1.0
  },
  "sla_compliance_all_slices": 1.0,
  "sla_compliance_by_slice_per_episode": [
    {
      "embb": 1.0,
      "urllc": 1.0,
      "mmtc": 1.0
    },
    {
      "embb": 1.0,
      "urllc": 1.0,
      "mmtc": 1.0
    }
  ],
  "sla_margin_by_slice": {
    "embb": 0.9999999999774263,
    "urllc": 0.7624860021304516,
    "mmtc": 0.7899996508552469
  },
  "sla_margin_by_slice_per_episode": [
    {
      "embb": 0.9999999999548526,
      "urllc": 0.8249720042609029,
      "mmtc": 0.8799993017104936
    },
    {
      "embb": 1.0,
      "urllc": 0.7000000000000004,
      "mmtc": 0.7000000000000004
    }
  ],
  "mean_mos_by_slice": {
    "embb": 2.171316146850586,
    "urllc": 4.237825091679891,
    "mmtc": 4.809631069501241
  },
  "mean_cost": 0.3025,
  "mean_sla_viol": 0.0
}
[orchestrator] === static_at_cap rep_seed973 batch 1 (2 episodes, batch_seed=973001, 2/5 done so far) ===
[orchestrator] $ bash /home/kmanojp/oranslice_rig/experiments/scripts/health_check.sh
[health] FAIL: UE2 (mmtc) unreachable
[health] FAIL: UE3 (urllc) unreachable
[orchestrator] health check failed, restarting stack (attempt 1)
[orchestrator] $ bash /home/kmanojp/oranslice_rig/experiments/scripts/restart_ran_stack.sh
[restart] stopping all RAN processes and tmux sessions
/home/kmanojp/oranslice_rig/experiments/scripts/restart_ran_stack.sh: line 23: 901703 Killed                  sudo pkill -9 -f "nr-uesoftmodem" 2> /dev/null
/home/kmanojp/oranslice_rig/experiments/scripts/restart_ran_stack.sh: line 24: 901705 Killed                  sudo pkill -9 -f "nr-softmodem" 2> /dev/null
[restart] confirmed clean: no RAN processes running
[restart] launching gNB
[restart] gNB up, E2 agent alive
[restart] launching UE1 (embb, default netns)
[restart] UE1 attached
[restart] launching UE2 (mmtc, ue2ns)
[restart] UE2 attached
[restart] launching UE3 (urllc, ue3ns)
[restart] UE3 attached
[restart] verifying connectivity all 3 UEs
[restart] SUCCESS: all 3 UEs attached and reachable
[orchestrator] $ bash /home/kmanojp/oranslice_rig/experiments/scripts/health_check.sh
[health] OK: all 3 UEs reachable, 16 RAN processes alive, no recent segfault
[orchestrator] $ python3 /home/kmanojp/oranslice_rig/experiments/scripts/run_baseline_static.py --config /home/kmanojp/oranslice_rig/experiments/configs/saclb_campaign_static_at_cap_v2.yaml --gnb-id gnb-0 --episodes 2 --seed 973001 --run-id static_at_cap_sla_seed973_batch1 --omega-jsonl /home/kmanojp/oranslice_rig/experiments/results/live_campaign_v2/static_at_cap/sla/rep_seed973/omega_log.jsonl --reward-mode sla
[static_at_cap_sla_seed973_batch1] baseline_static: talking to gNB E2 agent (listen=6600, gNB=6655)...

Omega log: /home/kmanojp/oranslice_rig/experiments/results/live_campaign_v2/static_at_cap/sla/rep_seed973/omega_log.jsonl
{
  "run_id": "static_at_cap_sla_seed973_batch1",
  "algorithm": "baseline_static",
  "mode": "live_testbed",
  "seed": 973001,
  "n_episodes": 2,
  "mean_reward_per_step": 5.124583333333335,
  "mean_blocks_per_episode": 0.0,
  "mean_urllc_blocks_per_episode": 0.0,
  "blocks_per_episode": [
    0,
    0
  ],
  "blocks_per_episode_by_slice": [
    {},
    {}
  ],
  "mean_rho": null,
  "omega_path": "/home/kmanojp/oranslice_rig/experiments/results/live_campaign_v2/static_at_cap/sla/rep_seed973/omega_log.jsonl",
  "checkpoint_path": "",
  "drift_flag": false,
  "drift_reason": "",
  "sla_compliance_by_slice": {
    "embb": 1.0,
    "urllc": 1.0,
    "mmtc": 1.0
  },
  "sla_compliance_all_slices": 1.0,
  "sla_compliance_by_slice_per_episode": [
    {
      "embb": 1.0,
      "urllc": 1.0,
      "mmtc": 1.0
    },
    {
      "embb": 1.0,
      "urllc": 1.0,
      "mmtc": 1.0
    }
  ],
  "sla_margin_by_slice": {
    "embb": 0.9999999936494537,
    "urllc": 0.7194003662839537,
    "mmtc": 0.7124962160663844
  },
  "sla_margin_by_slice_per_episode": [
    {
      "embb": 0.9999999872989073,
      "urllc": 0.7388007325679068,
      "mmtc": 0.7249924321327684
    },
    {
      "embb": 1.0,
      "urllc": 0.7000000000000004,
      "mmtc": 0.7000000000000004
    }
  ],
  "mean_mos_by_slice": {
    "embb": 2.1713161528110505,
    "urllc": 2.027335386474927,
    "mmtc": 4.760869610309601
  },
  "mean_cost": 0.3025,
  "mean_sla_viol": 0.0
}
[orchestrator] === static_at_cap rep_seed973 batch 2 (1 episodes, batch_seed=973002, 4/5 done so far) ===
[orchestrator] $ bash /home/kmanojp/oranslice_rig/experiments/scripts/health_check.sh
[health] FAIL: UE2 (mmtc) unreachable
[health] FAIL: UE3 (urllc) unreachable
[orchestrator] health check failed, restarting stack (attempt 1)
[orchestrator] $ bash /home/kmanojp/oranslice_rig/experiments/scripts/restart_ran_stack.sh
[restart] stopping all RAN processes and tmux sessions
/home/kmanojp/oranslice_rig/experiments/scripts/restart_ran_stack.sh: line 23: 907111 Killed                  sudo pkill -9 -f "nr-uesoftmodem" 2> /dev/null
/home/kmanojp/oranslice_rig/experiments/scripts/restart_ran_stack.sh: line 24: 907113 Killed                  sudo pkill -9 -f "nr-softmodem" 2> /dev/null
[restart] confirmed clean: no RAN processes running
[restart] launching gNB
[restart] gNB up, E2 agent alive
[restart] launching UE1 (embb, default netns)
[restart] UE1 attached
[restart] launching UE2 (mmtc, ue2ns)
[restart] UE2 attached
[restart] launching UE3 (urllc, ue3ns)
[restart] UE3 attached
[restart] verifying connectivity all 3 UEs
[restart] SUCCESS: all 3 UEs attached and reachable
[orchestrator] $ bash /home/kmanojp/oranslice_rig/experiments/scripts/health_check.sh
[health] OK: all 3 UEs reachable, 16 RAN processes alive, no recent segfault
[orchestrator] $ python3 /home/kmanojp/oranslice_rig/experiments/scripts/run_baseline_static.py --config /home/kmanojp/oranslice_rig/experiments/configs/saclb_campaign_static_at_cap_v2.yaml --gnb-id gnb-0 --episodes 1 --seed 973002 --run-id static_at_cap_sla_seed973_batch2 --omega-jsonl /home/kmanojp/oranslice_rig/experiments/results/live_campaign_v2/static_at_cap/sla/rep_seed973/omega_log.jsonl --reward-mode sla
[static_at_cap_sla_seed973_batch2] baseline_static: talking to gNB E2 agent (listen=6600, gNB=6655)...

Omega log: /home/kmanojp/oranslice_rig/experiments/results/live_campaign_v2/static_at_cap/sla/rep_seed973/omega_log.jsonl
{
  "run_id": "static_at_cap_sla_seed973_batch2",
  "algorithm": "baseline_static",
  "mode": "live_testbed",
  "seed": 973002,
  "n_episodes": 1,
  "mean_reward_per_step": 5.344166666666667,
  "mean_blocks_per_episode": 0.0,
  "mean_urllc_blocks_per_episode": 0.0,
  "blocks_per_episode": [
    0
  ],
  "blocks_per_episode_by_slice": [
    {}
  ],
  "mean_rho": null,
  "omega_path": "/home/kmanojp/oranslice_rig/experiments/results/live_campaign_v2/static_at_cap/sla/rep_seed973/omega_log.jsonl",
  "checkpoint_path": "",
  "drift_flag": false,
  "drift_reason": "",
  "sla_compliance_by_slice": {
    "embb": 1.0,
    "urllc": 1.0,
    "mmtc": 1.0
  },
  "sla_compliance_all_slices": 1.0,
  "sla_compliance_by_slice_per_episode": [
    {
      "embb": 1.0,
      "urllc": 1.0,
      "mmtc": 1.0
    }
  ],
  "sla_margin_by_slice": {
    "embb": 0.9999999906576534,
    "urllc": 0.7390285934259498,
    "mmtc": 0.7149965959092068
  },
  "sla_margin_by_slice_per_episode": [
    {
      "embb": 0.9999999906576534,
      "urllc": 0.7390285934259498,
      "mmtc": 0.7149965959092068
    }
  ],
  "mean_mos_by_slice": {
    "embb": 2.171316146850586,
    "urllc": 2.453977274894714,
    "mmtc": 4.762083888053894
  },
  "mean_cost": 0.3050000000000001,
  "mean_sla_viol": 0.0
}
[orchestrator] DONE: 5/5 episodes completed for static_at_cap rep_seed973. omega log: /home/kmanojp/oranslice_rig/experiments/results/live_campaign_v2/static_at_cap/sla/rep_seed973/omega_log.jsonl
=== 01:59:07 DONE arm=static_at_cap seed=973 (1747s, 1 attempt(s)) ===
=== seed=974 episodes=5 arm_order=dqn_sla dqn_qoe static_at_cap baseline ===
=== 01:59:07 DRAIN before arm=dqn_sla seed=974 ===
     rnti=7527: mean=5.00 PRB  max=5.00  n=10
     rnti=21423: mean=5.00 PRB  max=5.00  n=10
     rnti=50841: mean=5.00 PRB  max=5.00  n=10

Done. NEVER send SUBSCRIPTION-type messages: still assert(0!=0) in handle_subscription() on this OAI base (verified 2026-07-14).
=== 01:59:42 RUN arm=dqn_sla seed=974 algo=dqn mode=sla episodes=5 ===
[orchestrator] === dqn_sla rep_seed974 batch 0 (2 episodes, batch_seed=974000, 0/5 done so far) ===
[orchestrator] $ bash /home/kmanojp/oranslice_rig/experiments/scripts/health_check.sh
[health] OK: all 3 UEs reachable, 16 RAN processes alive, no recent segfault
[orchestrator] $ python3 /home/kmanojp/oranslice_rig/framework/qoe_oran_framework/xapp/saclb_xapp.py --config /home/kmanojp/oranslice_rig/experiments/configs/saclb_campaign_v2.yaml --algorithm dqn --checkpoint /home/kmanojp/oranslice_rig/experiments/results/offline_v2/sla/seed256/dqn/offline_closed_loop/rep_0/checkpoint.pt --gnb-id gnb-0 --episodes 2 --seed 974000 --run-id dqn_sla_sla_seed974_batch0 --omega-jsonl /home/kmanojp/oranslice_rig/experiments/results/live_campaign_v2/dqn_sla/sla/rep_seed974/omega_log.jsonl --reward-mode sla
[dqn_sla_sla_seed974_batch0] talking to gNB E2 agent (listen=6600, gNB=6655)...

Omega log: /home/kmanojp/oranslice_rig/experiments/results/live_campaign_v2/dqn_sla/sla/rep_seed974/omega_log.jsonl
{
  "run_id": "dqn_sla_sla_seed974_batch0",
  "algorithm": "dqn",
  "mode": "live_testbed",
  "seed": 974000,
  "n_episodes": 2,
  "mean_reward_per_step": 0.0,
  "mean_blocks_per_episode": 121.0,
  "mean_urllc_blocks_per_episode": 48.0,
  "blocks_per_episode": [
    122,
    120
  ],
  "blocks_per_episode_by_slice": [
    {
      "mmtc": 37,
      "urllc": 47,
      "embb": 38
    },
    {
      "urllc": 49,
      "mmtc": 34,
      "embb": 37
    }
  ],
  "mean_rho": null,
  "omega_path": "/home/kmanojp/oranslice_rig/experiments/results/live_campaign_v2/dqn_sla/sla/rep_seed974/omega_log.jsonl",
  "checkpoint_path": "",
  "drift_flag": true,
  "drift_reason": "mean URLLC block rate 48.00/episode exceeds 2x the 1.0/episode acceptance bar",
  "sla_compliance_by_slice": {
    "embb": 1.0,
    "urllc": 1.0,
    "mmtc": 1.0
  },
  "sla_compliance_all_slices": 1.0,
  "sla_compliance_by_slice_per_episode": [
    {
      "embb": 1.0,
      "urllc": 1.0,
      "mmtc": 1.0
    },
    {
      "embb": 1.0,
      "urllc": 1.0,
      "mmtc": 1.0
    }
  ],
  "sla_margin_by_slice": {
    "embb": 0.7825000000000009,
    "urllc": 0.7999609783869049,
    "mmtc": 0.747499814717662
  },
  "sla_margin_by_slice_per_episode": [
    {
      "embb": 0.8650000000000013,
      "urllc": 0.8999219567738095,
      "mmtc": 0.7949996294353237
    },
    {
      "embb": 0.7000000000000004,
      "urllc": 0.7000000000000004,
      "mmtc": 0.7000000000000004
    }
  ],
  "mean_mos_by_slice": {
    "embb": 2.1711643834908805,
    "urllc": 4.331834701697032,
    "mmtc": 4.782611445585887
  },
  "mean_cost": 0.0,
  "mean_sla_viol": 0.0
}
[orchestrator] === dqn_sla rep_seed974 batch 1 (2 episodes, batch_seed=974001, 2/5 done so far) ===
[orchestrator] $ bash /home/kmanojp/oranslice_rig/experiments/scripts/health_check.sh
[health] FAIL: UE1 (embb) unreachable
[health] FAIL: UE2 (mmtc) unreachable
[health] FAIL: UE3 (urllc) unreachable
[orchestrator] health check failed, restarting stack (attempt 1)
[orchestrator] $ bash /home/kmanojp/oranslice_rig/experiments/scripts/restart_ran_stack.sh
[restart] stopping all RAN processes and tmux sessions
/home/kmanojp/oranslice_rig/experiments/scripts/restart_ran_stack.sh: line 23: 915137 Killed                  sudo pkill -9 -f "nr-uesoftmodem" 2> /dev/null
/home/kmanojp/oranslice_rig/experiments/scripts/restart_ran_stack.sh: line 24: 915139 Killed                  sudo pkill -9 -f "nr-softmodem" 2> /dev/null
[restart] confirmed clean: no RAN processes running
[restart] launching gNB
[restart] gNB up, E2 agent alive
[restart] launching UE1 (embb, default netns)
[restart] UE1 attached
[restart] launching UE2 (mmtc, ue2ns)
[restart] UE2 attached
[restart] launching UE3 (urllc, ue3ns)
[restart] UE3 attached
[restart] verifying connectivity all 3 UEs
[restart] SUCCESS: all 3 UEs attached and reachable
[orchestrator] $ bash /home/kmanojp/oranslice_rig/experiments/scripts/health_check.sh
[health] OK: all 3 UEs reachable, 16 RAN processes alive, no recent segfault
[orchestrator] $ python3 /home/kmanojp/oranslice_rig/framework/qoe_oran_framework/xapp/saclb_xapp.py --config /home/kmanojp/oranslice_rig/experiments/configs/saclb_campaign_v2.yaml --algorithm dqn --checkpoint /home/kmanojp/oranslice_rig/experiments/results/offline_v2/sla/seed256/dqn/offline_closed_loop/rep_0/checkpoint.pt --gnb-id gnb-0 --episodes 2 --seed 974001 --run-id dqn_sla_sla_seed974_batch1 --omega-jsonl /home/kmanojp/oranslice_rig/experiments/results/live_campaign_v2/dqn_sla/sla/rep_seed974/omega_log.jsonl --reward-mode sla
[dqn_sla_sla_seed974_batch1] talking to gNB E2 agent (listen=6600, gNB=6655)...

Omega log: /home/kmanojp/oranslice_rig/experiments/results/live_campaign_v2/dqn_sla/sla/rep_seed974/omega_log.jsonl
{
  "run_id": "dqn_sla_sla_seed974_batch1",
  "algorithm": "dqn",
  "mode": "live_testbed",
  "seed": 974001,
  "n_episodes": 2,
  "mean_reward_per_step": 0.0,
  "mean_blocks_per_episode": 121.0,
  "mean_urllc_blocks_per_episode": 42.0,
  "blocks_per_episode": [
    122,
    120
  ],
  "blocks_per_episode_by_slice": [
    {
      "mmtc": 39,
      "urllc": 43,
      "embb": 40
    },
    {
      "embb": 31,
      "mmtc": 48,
      "urllc": 41
    }
  ],
  "mean_rho": null,
  "omega_path": "/home/kmanojp/oranslice_rig/experiments/results/live_campaign_v2/dqn_sla/sla/rep_seed974/omega_log.jsonl",
  "checkpoint_path": "",
  "drift_flag": true,
  "drift_reason": "mean URLLC block rate 42.00/episode exceeds 2x the 1.0/episode acceptance bar",
  "sla_compliance_by_slice": {
    "embb": 1.0,
    "urllc": 1.0,
    "mmtc": 1.0
  },
  "sla_compliance_all_slices": 1.0,
  "sla_compliance_by_slice_per_episode": [
    {
      "embb": 1.0,
      "urllc": 1.0,
      "mmtc": 1.0
    },
    {
      "embb": 1.0,
      "urllc": 1.0,
      "mmtc": 1.0
    }
  ],
  "sla_margin_by_slice": {
    "embb": 0.7349999898302371,
    "urllc": 0.7197499350147947,
    "mmtc": 0.7074982979546036
  },
  "sla_margin_by_slice_per_episode": [
    {
      "embb": 0.7699999796604737,
      "urllc": 0.739499870029589,
      "mmtc": 0.7149965959092068
    },
    {
      "embb": 0.7000000000000004,
      "urllc": 0.7000000000000004,
      "mmtc": 0.7000000000000004
    }
  ],
  "mean_mos_by_slice": {
    "embb": 2.1711444993813833,
    "urllc": 3.2971844474474588,
    "mmtc": 4.7575337290763855
  },
  "mean_cost": 0.0,
  "mean_sla_viol": 0.0
}
[orchestrator] === dqn_sla rep_seed974 batch 2 (1 episodes, batch_seed=974002, 4/5 done so far) ===
[orchestrator] $ bash /home/kmanojp/oranslice_rig/experiments/scripts/health_check.sh
[health] FAIL: UE1 (embb) unreachable
[health] FAIL: UE2 (mmtc) unreachable
[health] FAIL: UE3 (urllc) unreachable
[orchestrator] health check failed, restarting stack (attempt 1)
[orchestrator] $ bash /home/kmanojp/oranslice_rig/experiments/scripts/restart_ran_stack.sh
[restart] stopping all RAN processes and tmux sessions
/home/kmanojp/oranslice_rig/experiments/scripts/restart_ran_stack.sh: line 23: 920577 Killed                  sudo pkill -9 -f "nr-uesoftmodem" 2> /dev/null
/home/kmanojp/oranslice_rig/experiments/scripts/restart_ran_stack.sh: line 24: 920579 Killed                  sudo pkill -9 -f "nr-softmodem" 2> /dev/null
[restart] confirmed clean: no RAN processes running
[restart] launching gNB
[restart] gNB up, E2 agent alive
[restart] launching UE1 (embb, default netns)
[restart] UE1 attached
[restart] launching UE2 (mmtc, ue2ns)
[restart] UE2 attached
[restart] launching UE3 (urllc, ue3ns)
[restart] UE3 attached
[restart] verifying connectivity all 3 UEs
[restart] SUCCESS: all 3 UEs attached and reachable
[orchestrator] $ bash /home/kmanojp/oranslice_rig/experiments/scripts/health_check.sh
[health] OK: all 3 UEs reachable, 16 RAN processes alive, no recent segfault
[orchestrator] $ python3 /home/kmanojp/oranslice_rig/framework/qoe_oran_framework/xapp/saclb_xapp.py --config /home/kmanojp/oranslice_rig/experiments/configs/saclb_campaign_v2.yaml --algorithm dqn --checkpoint /home/kmanojp/oranslice_rig/experiments/results/offline_v2/sla/seed256/dqn/offline_closed_loop/rep_0/checkpoint.pt --gnb-id gnb-0 --episodes 1 --seed 974002 --run-id dqn_sla_sla_seed974_batch2 --omega-jsonl /home/kmanojp/oranslice_rig/experiments/results/live_campaign_v2/dqn_sla/sla/rep_seed974/omega_log.jsonl --reward-mode sla
[dqn_sla_sla_seed974_batch2] talking to gNB E2 agent (listen=6600, gNB=6655)...

Omega log: /home/kmanojp/oranslice_rig/experiments/results/live_campaign_v2/dqn_sla/sla/rep_seed974/omega_log.jsonl
{
  "run_id": "dqn_sla_sla_seed974_batch2",
  "algorithm": "dqn",
  "mode": "live_testbed",
  "seed": 974002,
  "n_episodes": 1,
  "mean_reward_per_step": 0.0,
  "mean_blocks_per_episode": 122.0,
  "mean_urllc_blocks_per_episode": 47.0,
  "blocks_per_episode": [
    122
  ],
  "blocks_per_episode_by_slice": [
    {
      "mmtc": 44,
      "urllc": 47,
      "embb": 31
    }
  ],
  "mean_rho": null,
  "omega_path": "/home/kmanojp/oranslice_rig/experiments/results/live_campaign_v2/dqn_sla/sla/rep_seed974/omega_log.jsonl",
  "checkpoint_path": "",
  "drift_flag": true,
  "drift_reason": "mean URLLC block rate 47.00/episode exceeds 2x the 1.0/episode acceptance bar",
  "sla_compliance_by_slice": {
    "embb": 1.0,
    "urllc": 1.0,
    "mmtc": 1.0
  },
  "sla_compliance_all_slices": 1.0,
  "sla_compliance_by_slice_per_episode": [
    {
      "embb": 1.0,
      "urllc": 1.0,
      "mmtc": 1.0
    }
  ],
  "sla_margin_by_slice": {
    "embb": 0.7499999868428695,
    "urllc": 0.7345606966471926,
    "mmtc": 0.7149972426865414
  },
  "sla_margin_by_slice_per_episode": [
    {
      "embb": 0.7499999868428695,
      "urllc": 0.7345606966471926,
      "mmtc": 0.7149972426865414
    }
  ],
  "mean_mos_by_slice": {
    "embb": 2.171090137958527,
    "urllc": 3.3581624388694764,
    "mmtc": 4.76201511224111
  },
  "mean_cost": 0.0,
  "mean_sla_viol": 0.0
}
[orchestrator] DONE: 5/5 episodes completed for dqn_sla rep_seed974. omega log: /home/kmanojp/oranslice_rig/experiments/results/live_campaign_v2/dqn_sla/sla/rep_seed974/omega_log.jsonl
=== 02:28:27 DONE arm=dqn_sla seed=974 (1760s, 1 attempt(s)) ===
=== 02:28:27 DRAIN before arm=dqn_qoe seed=974 ===
     rnti=35900: mean=5.00 PRB  max=5.00  n=10
     rnti=36421: mean=5.00 PRB  max=5.00  n=10
     rnti=47994: mean=5.00 PRB  max=5.00  n=10

Done. NEVER send SUBSCRIPTION-type messages: still assert(0!=0) in handle_subscription() on this OAI base (verified 2026-07-14).
=== 02:29:01 RUN arm=dqn_qoe seed=974 algo=dqn mode=qoe episodes=5 ===
[orchestrator] === dqn_qoe rep_seed974 batch 0 (2 episodes, batch_seed=974000, 0/5 done so far) ===
[orchestrator] $ bash /home/kmanojp/oranslice_rig/experiments/scripts/health_check.sh
[health] OK: all 3 UEs reachable, 16 RAN processes alive, no recent segfault
[orchestrator] $ python3 /home/kmanojp/oranslice_rig/framework/qoe_oran_framework/xapp/saclb_xapp.py --config /home/kmanojp/oranslice_rig/experiments/configs/saclb_campaign_v2.yaml --algorithm dqn --checkpoint /home/kmanojp/oranslice_rig/experiments/results/offline_v2/qoe/seed256/dqn/offline_closed_loop/rep_0/checkpoint.pt --gnb-id gnb-0 --episodes 2 --seed 974000 --run-id dqn_qoe_qoe_seed974_batch0 --omega-jsonl /home/kmanojp/oranslice_rig/experiments/results/live_campaign_v2/dqn_qoe/qoe/rep_seed974/omega_log.jsonl --reward-mode qoe
[dqn_qoe_qoe_seed974_batch0] talking to gNB E2 agent (listen=6600, gNB=6655)...

Omega log: /home/kmanojp/oranslice_rig/experiments/results/live_campaign_v2/dqn_qoe/qoe/rep_seed974/omega_log.jsonl
{
  "run_id": "dqn_qoe_qoe_seed974_batch0",
  "algorithm": "dqn",
  "mode": "live_testbed",
  "seed": 974000,
  "n_episodes": 2,
  "mean_reward_per_step": 0.6698365863429177,
  "mean_blocks_per_episode": 98.0,
  "mean_urllc_blocks_per_episode": 38.5,
  "blocks_per_episode": [
    76,
    120
  ],
  "blocks_per_episode_by_slice": [
    {
      "embb": 26,
      "urllc": 28,
      "mmtc": 22
    },
    {
      "urllc": 49,
      "mmtc": 34,
      "embb": 37
    }
  ],
  "mean_rho": null,
  "omega_path": "/home/kmanojp/oranslice_rig/experiments/results/live_campaign_v2/dqn_qoe/qoe/rep_seed974/omega_log.jsonl",
  "checkpoint_path": "",
  "drift_flag": true,
  "drift_reason": "mean URLLC block rate 38.50/episode exceeds 2x the 1.0/episode acceptance bar",
  "sla_compliance_by_slice": {
    "embb": 1.0,
    "urllc": 1.0,
    "mmtc": 1.0
  },
  "sla_compliance_all_slices": 1.0,
  "sla_compliance_by_slice_per_episode": [
    {
      "embb": 1.0,
      "urllc": 1.0,
      "mmtc": 1.0
    },
    {
      "embb": 1.0,
      "urllc": 1.0,
      "mmtc": 1.0
    }
  ],
  "sla_margin_by_slice": {
    "embb": 0.9349999999372232,
    "urllc": 0.7549900103318099,
    "mmtc": 0.752499834306182
  },
  "sla_margin_by_slice_per_episode": [
    {
      "embb": 0.9999999998744452,
      "urllc": 0.8099800206636195,
      "mmtc": 0.8049996686123634
    },
    {
      "embb": 0.8700000000000011,
      "urllc": 0.7000000000000004,
      "mmtc": 0.7000000000000004
    }
  ],
  "mean_mos_by_slice": {
    "embb": 2.1712282538414,
    "urllc": 4.219021896521251,
    "mmtc": 4.78578888575236
  },
  "mean_cost": 0.05750000000000001,
  "mean_sla_viol": 0.0
}
[orchestrator] === dqn_qoe rep_seed974 batch 1 (2 episodes, batch_seed=974001, 2/5 done so far) ===
[orchestrator] $ bash /home/kmanojp/oranslice_rig/experiments/scripts/health_check.sh
[health] FAIL: UE1 (embb) unreachable
[health] FAIL: UE2 (mmtc) unreachable
[health] FAIL: UE3 (urllc) unreachable
[orchestrator] health check failed, restarting stack (attempt 1)
[orchestrator] $ bash /home/kmanojp/oranslice_rig/experiments/scripts/restart_ran_stack.sh
[restart] stopping all RAN processes and tmux sessions
/home/kmanojp/oranslice_rig/experiments/scripts/restart_ran_stack.sh: line 23: 928625 Killed                  sudo pkill -9 -f "nr-uesoftmodem" 2> /dev/null
/home/kmanojp/oranslice_rig/experiments/scripts/restart_ran_stack.sh: line 24: 928627 Killed                  sudo pkill -9 -f "nr-softmodem" 2> /dev/null
[restart] confirmed clean: no RAN processes running
[restart] launching gNB
[restart] gNB up, E2 agent alive
[restart] launching UE1 (embb, default netns)
[restart] UE1 attached
[restart] launching UE2 (mmtc, ue2ns)
[restart] UE2 attached
[restart] launching UE3 (urllc, ue3ns)
[restart] UE3 attached
[restart] verifying connectivity all 3 UEs
[restart] SUCCESS: all 3 UEs attached and reachable
[orchestrator] $ bash /home/kmanojp/oranslice_rig/experiments/scripts/health_check.sh
[health] OK: all 3 UEs reachable, 16 RAN processes alive, no recent segfault
[orchestrator] $ python3 /home/kmanojp/oranslice_rig/framework/qoe_oran_framework/xapp/saclb_xapp.py --config /home/kmanojp/oranslice_rig/experiments/configs/saclb_campaign_v2.yaml --algorithm dqn --checkpoint /home/kmanojp/oranslice_rig/experiments/results/offline_v2/qoe/seed256/dqn/offline_closed_loop/rep_0/checkpoint.pt --gnb-id gnb-0 --episodes 2 --seed 974001 --run-id dqn_qoe_qoe_seed974_batch1 --omega-jsonl /home/kmanojp/oranslice_rig/experiments/results/live_campaign_v2/dqn_qoe/qoe/rep_seed974/omega_log.jsonl --reward-mode qoe
[dqn_qoe_qoe_seed974_batch1] talking to gNB E2 agent (listen=6600, gNB=6655)...

Omega log: /home/kmanojp/oranslice_rig/experiments/results/live_campaign_v2/dqn_qoe/qoe/rep_seed974/omega_log.jsonl
{
  "run_id": "dqn_qoe_qoe_seed974_batch1",
  "algorithm": "dqn",
  "mode": "live_testbed",
  "seed": 974001,
  "n_episodes": 2,
  "mean_reward_per_step": 0.5781820690300732,
  "mean_blocks_per_episode": 113.5,
  "mean_urllc_blocks_per_episode": 38.5,
  "blocks_per_episode": [
    107,
    120
  ],
  "blocks_per_episode_by_slice": [
    {
      "embb": 35,
      "mmtc": 36,
      "urllc": 36
    },
    {
      "embb": 31,
      "mmtc": 48,
      "urllc": 41
    }
  ],
  "mean_rho": null,
  "omega_path": "/home/kmanojp/oranslice_rig/experiments/results/live_campaign_v2/dqn_qoe/qoe/rep_seed974/omega_log.jsonl",
  "checkpoint_path": "",
  "drift_flag": true,
  "drift_reason": "mean URLLC block rate 38.50/episode exceeds 2x the 1.0/episode acceptance bar",
  "sla_compliance_by_slice": {
    "embb": 1.0,
    "urllc": 1.0,
    "mmtc": 1.0
  },
  "sla_compliance_all_slices": 1.0,
  "sla_compliance_by_slice_per_episode": [
    {
      "embb": 1.0,
      "urllc": 1.0,
      "mmtc": 1.0
    },
    {
      "embb": 1.0,
      "urllc": 1.0,
      "mmtc": 1.0
    }
  ],
  "sla_margin_by_slice": {
    "embb": 0.7274999980371734,
    "urllc": 0.7196912777734303,
    "mmtc": 0.7124979890628661
  },
  "sla_margin_by_slice_per_episode": [
    {
      "embb": 0.7549999960743463,
      "urllc": 0.7393825555468604,
      "mmtc": 0.7249959781257318
    },
    {
      "embb": 0.7000000000000004,
      "urllc": 0.7000000000000004,
      "mmtc": 0.7000000000000004
    }
  ],
  "mean_mos_by_slice": {
    "embb": 2.171141348282496,
    "urllc": 3.0514283378918967,
    "mmtc": 4.760615142186483
  },
  "mean_cost": 0.018750000000000003,
  "mean_sla_viol": 0.0
}
[orchestrator] === dqn_qoe rep_seed974 batch 2 (1 episodes, batch_seed=974002, 4/5 done so far) ===
[orchestrator] $ bash /home/kmanojp/oranslice_rig/experiments/scripts/health_check.sh
[health] FAIL: UE1 (embb) unreachable
[health] FAIL: UE2 (mmtc) unreachable
[health] FAIL: UE3 (urllc) unreachable
[orchestrator] health check failed, restarting stack (attempt 1)
[orchestrator] $ bash /home/kmanojp/oranslice_rig/experiments/scripts/restart_ran_stack.sh
[restart] stopping all RAN processes and tmux sessions
/home/kmanojp/oranslice_rig/experiments/scripts/restart_ran_stack.sh: line 23: 934061 Killed                  sudo pkill -9 -f "nr-uesoftmodem" 2> /dev/null
/home/kmanojp/oranslice_rig/experiments/scripts/restart_ran_stack.sh: line 24: 934063 Killed                  sudo pkill -9 -f "nr-softmodem" 2> /dev/null
[restart] confirmed clean: no RAN processes running
[restart] launching gNB
[restart] gNB up, E2 agent alive
[restart] launching UE1 (embb, default netns)
[restart] UE1 attached
[restart] launching UE2 (mmtc, ue2ns)
[restart] UE2 attached
[restart] launching UE3 (urllc, ue3ns)
[restart] UE3 attached
[restart] verifying connectivity all 3 UEs
[restart] SUCCESS: all 3 UEs attached and reachable
[orchestrator] $ bash /home/kmanojp/oranslice_rig/experiments/scripts/health_check.sh
[health] OK: all 3 UEs reachable, 16 RAN processes alive, no recent segfault
[orchestrator] $ python3 /home/kmanojp/oranslice_rig/framework/qoe_oran_framework/xapp/saclb_xapp.py --config /home/kmanojp/oranslice_rig/experiments/configs/saclb_campaign_v2.yaml --algorithm dqn --checkpoint /home/kmanojp/oranslice_rig/experiments/results/offline_v2/qoe/seed256/dqn/offline_closed_loop/rep_0/checkpoint.pt --gnb-id gnb-0 --episodes 1 --seed 974002 --run-id dqn_qoe_qoe_seed974_batch2 --omega-jsonl /home/kmanojp/oranslice_rig/experiments/results/live_campaign_v2/dqn_qoe/qoe/rep_seed974/omega_log.jsonl --reward-mode qoe
[dqn_qoe_qoe_seed974_batch2] talking to gNB E2 agent (listen=6600, gNB=6655)...

Omega log: /home/kmanojp/oranslice_rig/experiments/results/live_campaign_v2/dqn_qoe/qoe/rep_seed974/omega_log.jsonl
{
  "run_id": "dqn_qoe_qoe_seed974_batch2",
  "algorithm": "dqn",
  "mode": "live_testbed",
  "seed": 974002,
  "n_episodes": 1,
  "mean_reward_per_step": 0.6127606782118481,
  "mean_blocks_per_episode": 108.0,
  "mean_urllc_blocks_per_episode": 39.0,
  "blocks_per_episode": [
    108
  ],
  "blocks_per_episode_by_slice": [
    {
      "embb": 28,
      "mmtc": 41,
      "urllc": 39
    }
  ],
  "mean_rho": null,
  "omega_path": "/home/kmanojp/oranslice_rig/experiments/results/live_campaign_v2/dqn_qoe/qoe/rep_seed974/omega_log.jsonl",
  "checkpoint_path": "",
  "drift_flag": true,
  "drift_reason": "mean URLLC block rate 39.00/episode exceeds 2x the 1.0/episode acceptance bar",
  "sla_compliance_by_slice": {
    "embb": 1.0,
    "urllc": 1.0,
    "mmtc": 1.0
  },
  "sla_compliance_all_slices": 1.0,
  "sla_compliance_by_slice_per_episode": [
    {
      "embb": 1.0,
      "urllc": 1.0,
      "mmtc": 1.0
    }
  ],
  "sla_margin_by_slice": {
    "embb": 0.7749999922690615,
    "urllc": 0.7395498830297346,
    "mmtc": 0.719996386968581
  },
  "sla_margin_by_slice_per_episode": [
    {
      "embb": 0.7749999922690615,
      "urllc": 0.7395498830297346,
      "mmtc": 0.719996386968581
    }
  ],
  "mean_mos_by_slice": {
    "embb": 2.1711005727450052,
    "urllc": 3.500833316644033,
    "mmtc": 4.765194249153137
  },
  "mean_cost": 0.03500000000000001,
  "mean_sla_viol": 0.0
}
[orchestrator] DONE: 5/5 episodes completed for dqn_qoe rep_seed974. omega log: /home/kmanojp/oranslice_rig/experiments/results/live_campaign_v2/dqn_qoe/qoe/rep_seed974/omega_log.jsonl
=== 02:57:47 DONE arm=dqn_qoe seed=974 (1760s, 1 attempt(s)) ===
=== 02:57:47 DRAIN before arm=static_at_cap seed=974 ===
     rnti=8426: mean=5.00 PRB  max=5.00  n=10
     rnti=16886: mean=5.00 PRB  max=5.00  n=10
     rnti=51482: mean=5.00 PRB  max=5.00  n=10

Done. NEVER send SUBSCRIPTION-type messages: still assert(0!=0) in handle_subscription() on this OAI base (verified 2026-07-14).
=== 02:58:22 RUN arm=static_at_cap seed=974 algo=baseline_static mode=sla episodes=5 ===
[orchestrator] === static_at_cap rep_seed974 batch 0 (2 episodes, batch_seed=974000, 0/5 done so far) ===
[orchestrator] $ bash /home/kmanojp/oranslice_rig/experiments/scripts/health_check.sh
[health] OK: all 3 UEs reachable, 16 RAN processes alive, no recent segfault
[orchestrator] $ python3 /home/kmanojp/oranslice_rig/experiments/scripts/run_baseline_static.py --config /home/kmanojp/oranslice_rig/experiments/configs/saclb_campaign_static_at_cap_v2.yaml --gnb-id gnb-0 --episodes 2 --seed 974000 --run-id static_at_cap_sla_seed974_batch0 --omega-jsonl /home/kmanojp/oranslice_rig/experiments/results/live_campaign_v2/static_at_cap/sla/rep_seed974/omega_log.jsonl --reward-mode sla
[static_at_cap_sla_seed974_batch0] baseline_static: talking to gNB E2 agent (listen=6600, gNB=6655)...

Omega log: /home/kmanojp/oranslice_rig/experiments/results/live_campaign_v2/static_at_cap/sla/rep_seed974/omega_log.jsonl
{
  "run_id": "static_at_cap_sla_seed974_batch0",
  "algorithm": "baseline_static",
  "mode": "live_testbed",
  "seed": 974000,
  "n_episodes": 2,
  "mean_reward_per_step": 5.911250000000001,
  "mean_blocks_per_episode": 0.0,
  "mean_urllc_blocks_per_episode": 0.0,
  "blocks_per_episode": [
    0,
    0
  ],
  "blocks_per_episode_by_slice": [
    {},
    {}
  ],
  "mean_rho": null,
  "omega_path": "/home/kmanojp/oranslice_rig/experiments/results/live_campaign_v2/static_at_cap/sla/rep_seed974/omega_log.jsonl",
  "checkpoint_path": "",
  "drift_flag": false,
  "drift_reason": "",
  "sla_compliance_by_slice": {
    "embb": 1.0,
    "urllc": 1.0,
    "mmtc": 1.0
  },
  "sla_compliance_all_slices": 1.0,
  "sla_compliance_by_slice_per_episode": [
    {
      "embb": 1.0,
      "urllc": 1.0,
      "mmtc": 1.0
    },
    {
      "embb": 1.0,
      "urllc": 1.0,
      "mmtc": 1.0
    }
  ],
  "sla_margin_by_slice": {
    "embb": 0.9999999999925703,
    "urllc": 0.7949787873695224,
    "mmtc": 0.7949996315773158
  },
  "sla_margin_by_slice_per_episode": [
    {
      "embb": 0.9999999999851406,
      "urllc": 0.8899575747390444,
      "mmtc": 0.8899992631546312
    },
    {
      "embb": 1.0,
      "urllc": 0.7000000000000004,
      "mmtc": 0.7000000000000004
    }
  ],
  "mean_mos_by_slice": {
    "embb": 2.171316146850586,
    "urllc": 4.319339267412821,
    "mmtc": 4.812809848785401
  },
  "mean_cost": 0.3025,
  "mean_sla_viol": 0.0
}
[orchestrator] === static_at_cap rep_seed974 batch 1 (2 episodes, batch_seed=974001, 2/5 done so far) ===
[orchestrator] $ bash /home/kmanojp/oranslice_rig/experiments/scripts/health_check.sh
[health] FAIL: UE2 (mmtc) unreachable
[health] FAIL: UE3 (urllc) unreachable
[orchestrator] health check failed, restarting stack (attempt 1)
[orchestrator] $ bash /home/kmanojp/oranslice_rig/experiments/scripts/restart_ran_stack.sh
[restart] stopping all RAN processes and tmux sessions
/home/kmanojp/oranslice_rig/experiments/scripts/restart_ran_stack.sh: line 23: 942056 Killed                  sudo pkill -9 -f "nr-uesoftmodem" 2> /dev/null
/home/kmanojp/oranslice_rig/experiments/scripts/restart_ran_stack.sh: line 24: 942058 Killed                  sudo pkill -9 -f "nr-softmodem" 2> /dev/null
[restart] confirmed clean: no RAN processes running
[restart] launching gNB
[restart] gNB up, E2 agent alive
[restart] launching UE1 (embb, default netns)
[restart] UE1 attached
[restart] launching UE2 (mmtc, ue2ns)
[restart] UE2 attached
[restart] launching UE3 (urllc, ue3ns)
[restart] UE3 attached
[restart] verifying connectivity all 3 UEs
[restart] SUCCESS: all 3 UEs attached and reachable
[orchestrator] $ bash /home/kmanojp/oranslice_rig/experiments/scripts/health_check.sh
[health] OK: all 3 UEs reachable, 16 RAN processes alive, no recent segfault
[orchestrator] $ python3 /home/kmanojp/oranslice_rig/experiments/scripts/run_baseline_static.py --config /home/kmanojp/oranslice_rig/experiments/configs/saclb_campaign_static_at_cap_v2.yaml --gnb-id gnb-0 --episodes 2 --seed 974001 --run-id static_at_cap_sla_seed974_batch1 --omega-jsonl /home/kmanojp/oranslice_rig/experiments/results/live_campaign_v2/static_at_cap/sla/rep_seed974/omega_log.jsonl --reward-mode sla
[static_at_cap_sla_seed974_batch1] baseline_static: talking to gNB E2 agent (listen=6600, gNB=6655)...

Omega log: /home/kmanojp/oranslice_rig/experiments/results/live_campaign_v2/static_at_cap/sla/rep_seed974/omega_log.jsonl
{
  "run_id": "static_at_cap_sla_seed974_batch1",
  "algorithm": "baseline_static",
  "mode": "live_testbed",
  "seed": 974001,
  "n_episodes": 2,
  "mean_reward_per_step": 5.334583333333335,
  "mean_blocks_per_episode": 0.0,
  "mean_urllc_blocks_per_episode": 0.0,
  "blocks_per_episode": [
    0,
    0
  ],
  "blocks_per_episode_by_slice": [
    {},
    {}
  ],
  "mean_rho": null,
  "omega_path": "/home/kmanojp/oranslice_rig/experiments/results/live_campaign_v2/static_at_cap/sla/rep_seed974/omega_log.jsonl",
  "checkpoint_path": "",
  "drift_flag": false,
  "drift_reason": "",
  "sla_compliance_by_slice": {
    "embb": 1.0,
    "urllc": 1.0,
    "mmtc": 1.0
  },
  "sla_compliance_all_slices": 1.0,
  "sla_compliance_by_slice_per_episode": [
    {
      "embb": 1.0,
      "urllc": 1.0,
      "mmtc": 1.0
    },
    {
      "embb": 1.0,
      "urllc": 1.0,
      "mmtc": 1.0
    }
  ],
  "sla_margin_by_slice": {
    "embb": 0.9999999972957323,
    "urllc": 0.7170733687343701,
    "mmtc": 0.704998943558049
  },
  "sla_margin_by_slice_per_episode": [
    {
      "embb": 0.9999999945914645,
      "urllc": 0.7341467374687398,
      "mmtc": 0.7099978871160978
    },
    {
      "embb": 1.0,
      "urllc": 0.7000000000000004,
      "mmtc": 0.7000000000000004
    }
  ],
  "mean_mos_by_slice": {
    "embb": 2.1713161528110505,
    "urllc": 2.4069534381230673,
    "mmtc": 4.755908195177714
  },
  "mean_cost": 0.3025,
  "mean_sla_viol": 0.0
}
[orchestrator] === static_at_cap rep_seed974 batch 2 (1 episodes, batch_seed=974002, 4/5 done so far) ===
[orchestrator] $ bash /home/kmanojp/oranslice_rig/experiments/scripts/health_check.sh
[health] FAIL: UE2 (mmtc) unreachable
[health] FAIL: UE3 (urllc) unreachable
[orchestrator] health check failed, restarting stack (attempt 1)
[orchestrator] $ bash /home/kmanojp/oranslice_rig/experiments/scripts/restart_ran_stack.sh
[restart] stopping all RAN processes and tmux sessions
/home/kmanojp/oranslice_rig/experiments/scripts/restart_ran_stack.sh: line 23: 947470 Killed                  sudo pkill -9 -f "nr-uesoftmodem" 2> /dev/null
/home/kmanojp/oranslice_rig/experiments/scripts/restart_ran_stack.sh: line 24: 947472 Killed                  sudo pkill -9 -f "nr-softmodem" 2> /dev/null
[restart] confirmed clean: no RAN processes running
[restart] launching gNB
[restart] gNB up, E2 agent alive
[restart] launching UE1 (embb, default netns)
[restart] UE1 attached
[restart] launching UE2 (mmtc, ue2ns)
[restart] UE2 attached
[restart] launching UE3 (urllc, ue3ns)
[restart] UE3 attached
[restart] verifying connectivity all 3 UEs
[restart] SUCCESS: all 3 UEs attached and reachable
[orchestrator] $ bash /home/kmanojp/oranslice_rig/experiments/scripts/health_check.sh
[health] OK: all 3 UEs reachable, 16 RAN processes alive, no recent segfault
[orchestrator] $ python3 /home/kmanojp/oranslice_rig/experiments/scripts/run_baseline_static.py --config /home/kmanojp/oranslice_rig/experiments/configs/saclb_campaign_static_at_cap_v2.yaml --gnb-id gnb-0 --episodes 1 --seed 974002 --run-id static_at_cap_sla_seed974_batch2 --omega-jsonl /home/kmanojp/oranslice_rig/experiments/results/live_campaign_v2/static_at_cap/sla/rep_seed974/omega_log.jsonl --reward-mode sla
[static_at_cap_sla_seed974_batch2] baseline_static: talking to gNB E2 agent (listen=6600, gNB=6655)...

Omega log: /home/kmanojp/oranslice_rig/experiments/results/live_campaign_v2/static_at_cap/sla/rep_seed974/omega_log.jsonl
{
  "run_id": "static_at_cap_sla_seed974_batch2",
  "algorithm": "baseline_static",
  "mode": "live_testbed",
  "seed": 974002,
  "n_episodes": 1,
  "mean_reward_per_step": 5.487500000000001,
  "mean_blocks_per_episode": 0.0,
  "mean_urllc_blocks_per_episode": 0.0,
  "blocks_per_episode": [
    0
  ],
  "blocks_per_episode_by_slice": [
    {}
  ],
  "mean_rho": null,
  "omega_path": "/home/kmanojp/oranslice_rig/experiments/results/live_campaign_v2/static_at_cap/sla/rep_seed974/omega_log.jsonl",
  "checkpoint_path": "",
  "drift_flag": false,
  "drift_reason": "",
  "sla_compliance_by_slice": {
    "embb": 1.0,
    "urllc": 1.0,
    "mmtc": 1.0
  },
  "sla_compliance_all_slices": 1.0,
  "sla_compliance_by_slice_per_episode": [
    {
      "embb": 1.0,
      "urllc": 1.0,
      "mmtc": 1.0
    }
  ],
  "sla_margin_by_slice": {
    "embb": 0.999999991748314,
    "urllc": 0.7440194044774403,
    "mmtc": 0.7199959855205993
  },
  "sla_margin_by_slice_per_episode": [
    {
      "embb": 0.999999991748314,
      "urllc": 0.7440194044774403,
      "mmtc": 0.7199959855205993
    }
  ],
  "mean_mos_by_slice": {
    "embb": 2.171316158771515,
    "urllc": 2.635872475306193,
    "mmtc": 4.765226944287618
  },
  "mean_cost": 0.3050000000000001,
  "mean_sla_viol": 0.0
}
[orchestrator] DONE: 5/5 episodes completed for static_at_cap rep_seed974. omega log: /home/kmanojp/oranslice_rig/experiments/results/live_campaign_v2/static_at_cap/sla/rep_seed974/omega_log.jsonl
=== 03:26:52 DONE arm=static_at_cap seed=974 (1745s, 1 attempt(s)) ===
=== 03:26:52 DRAIN before arm=baseline seed=974 ===
     rnti=19635: mean=5.00 PRB  max=5.00  n=10
     rnti=28824: mean=5.00 PRB  max=5.00  n=10
     rnti=41786: mean=5.00 PRB  max=5.00  n=10

Done. NEVER send SUBSCRIPTION-type messages: still assert(0!=0) in handle_subscription() on this OAI base (verified 2026-07-14).
=== 03:27:27 RUN arm=baseline seed=974 algo=baseline_static mode=sla episodes=5 ===
[orchestrator] === baseline rep_seed974 batch 0 (2 episodes, batch_seed=974000, 0/5 done so far) ===
[orchestrator] $ bash /home/kmanojp/oranslice_rig/experiments/scripts/health_check.sh
[health] OK: all 3 UEs reachable, 16 RAN processes alive, no recent segfault
[orchestrator] $ python3 /home/kmanojp/oranslice_rig/experiments/scripts/run_baseline_static.py --config /home/kmanojp/oranslice_rig/experiments/configs/saclb_campaign_baseline_v2.yaml --gnb-id gnb-0 --episodes 2 --seed 974000 --run-id baseline_sla_seed974_batch0 --omega-jsonl /home/kmanojp/oranslice_rig/experiments/results/live_campaign_v2/baseline/sla/rep_seed974/omega_log.jsonl --reward-mode sla
[baseline_sla_seed974_batch0] baseline_static: talking to gNB E2 agent (listen=6600, gNB=6655)...

Omega log: /home/kmanojp/oranslice_rig/experiments/results/live_campaign_v2/baseline/sla/rep_seed974/omega_log.jsonl
{
  "run_id": "baseline_sla_seed974_batch0",
  "algorithm": "baseline_static",
  "mode": "live_testbed",
  "seed": 974000,
  "n_episodes": 2,
  "mean_reward_per_step": 5.911250000000001,
  "mean_blocks_per_episode": 0.0,
  "mean_urllc_blocks_per_episode": 0.0,
  "blocks_per_episode": [
    0,
    0
  ],
  "blocks_per_episode_by_slice": [
    {},
    {}
  ],
  "mean_rho": null,
  "omega_path": "/home/kmanojp/oranslice_rig/experiments/results/live_campaign_v2/baseline/sla/rep_seed974/omega_log.jsonl",
  "checkpoint_path": "",
  "drift_flag": false,
  "drift_reason": "",
  "sla_compliance_by_slice": {
    "embb": 1.0,
    "urllc": 1.0,
    "mmtc": 1.0
  },
  "sla_compliance_all_slices": 1.0,
  "sla_compliance_by_slice_per_episode": [
    {
      "embb": 1.0,
      "urllc": 1.0,
      "mmtc": 1.0
    },
    {
      "embb": 1.0,
      "urllc": 1.0,
      "mmtc": 1.0
    }
  ],
  "sla_margin_by_slice": {
    "embb": 0.7250000000000004,
    "urllc": 0.8049590380857026,
    "mmtc": 0.7724997183280062
  },
  "sla_margin_by_slice_per_episode": [
    {
      "embb": 0.7500000000000004,
      "urllc": 0.9099180761714047,
      "mmtc": 0.8449994366560121
    },
    {
      "embb": 0.7000000000000004,
      "urllc": 0.7000000000000004,
      "mmtc": 0.7000000000000004
    }
  ],
  "mean_mos_by_slice": {
    "embb": 2.1711403012275694,
    "urllc": 4.344373802344005,
    "mmtc": 4.798505342006683
  },
  "mean_cost": 0.3025,
  "mean_sla_viol": 0.0
}
[orchestrator] === baseline rep_seed974 batch 1 (2 episodes, batch_seed=974001, 2/5 done so far) ===
[orchestrator] $ bash /home/kmanojp/oranslice_rig/experiments/scripts/health_check.sh
[health] FAIL: UE1 (embb) unreachable
[health] FAIL: UE2 (mmtc) unreachable
[health] FAIL: UE3 (urllc) unreachable
[orchestrator] health check failed, restarting stack (attempt 1)
[orchestrator] $ bash /home/kmanojp/oranslice_rig/experiments/scripts/restart_ran_stack.sh
[restart] stopping all RAN processes and tmux sessions
/home/kmanojp/oranslice_rig/experiments/scripts/restart_ran_stack.sh: line 23: 955501 Killed                  sudo pkill -9 -f "nr-uesoftmodem" 2> /dev/null
/home/kmanojp/oranslice_rig/experiments/scripts/restart_ran_stack.sh: line 24: 955505 Killed                  sudo pkill -9 -f "nr-softmodem" 2> /dev/null
[restart] confirmed clean: no RAN processes running
[restart] launching gNB
[restart] gNB up, E2 agent alive
[restart] launching UE1 (embb, default netns)
[restart] UE1 attached
[restart] launching UE2 (mmtc, ue2ns)
[restart] UE2 attached
[restart] launching UE3 (urllc, ue3ns)
[restart] UE3 attached
[restart] verifying connectivity all 3 UEs
[restart] SUCCESS: all 3 UEs attached and reachable
[orchestrator] $ bash /home/kmanojp/oranslice_rig/experiments/scripts/health_check.sh
[health] OK: all 3 UEs reachable, 16 RAN processes alive, no recent segfault
[orchestrator] $ python3 /home/kmanojp/oranslice_rig/experiments/scripts/run_baseline_static.py --config /home/kmanojp/oranslice_rig/experiments/configs/saclb_campaign_baseline_v2.yaml --gnb-id gnb-0 --episodes 2 --seed 974001 --run-id baseline_sla_seed974_batch1 --omega-jsonl /home/kmanojp/oranslice_rig/experiments/results/live_campaign_v2/baseline/sla/rep_seed974/omega_log.jsonl --reward-mode sla
[baseline_sla_seed974_batch1] baseline_static: talking to gNB E2 agent (listen=6600, gNB=6655)...

Omega log: /home/kmanojp/oranslice_rig/experiments/results/live_campaign_v2/baseline/sla/rep_seed974/omega_log.jsonl
{
  "run_id": "baseline_sla_seed974_batch1",
  "algorithm": "baseline_static",
  "mode": "live_testbed",
  "seed": 974001,
  "n_episodes": 2,
  "mean_reward_per_step": 5.334583333333335,
  "mean_blocks_per_episode": 0.0,
  "mean_urllc_blocks_per_episode": 0.0,
  "blocks_per_episode": [
    0,
    0
  ],
  "blocks_per_episode_by_slice": [
    {},
    {}
  ],
  "mean_rho": null,
  "omega_path": "/home/kmanojp/oranslice_rig/experiments/results/live_campaign_v2/baseline/sla/rep_seed974/omega_log.jsonl",
  "checkpoint_path": "",
  "drift_flag": false,
  "drift_reason": "",
  "sla_compliance_by_slice": {
    "embb": 1.0,
    "urllc": 1.0,
    "mmtc": 1.0
  },
  "sla_compliance_all_slices": 1.0,
  "sla_compliance_by_slice_per_episode": [
    {
      "embb": 1.0,
      "urllc": 1.0,
      "mmtc": 1.0
    },
    {
      "embb": 1.0,
      "urllc": 1.0,
      "mmtc": 1.0
    }
  ],
  "sla_margin_by_slice": {
    "embb": 0.7299999942659237,
    "urllc": 0.7172033299917049,
    "mmtc": 0.7074984681591745
  },
  "sla_margin_by_slice_per_episode": [
    {
      "embb": 0.7599999885318469,
      "urllc": 0.7344066599834095,
      "mmtc": 0.7149969363183485
    },
    {
      "embb": 0.7000000000000004,
      "urllc": 0.7000000000000004,
      "mmtc": 0.7000000000000004
    }
  ],
  "mean_mos_by_slice": {
    "embb": 2.1711423973242443,
    "urllc": 2.915937926371892,
    "mmtc": 4.757497795422872
  },
  "mean_cost": 0.3025,
  "mean_sla_viol": 0.0
}
[orchestrator] === baseline rep_seed974 batch 2 (1 episodes, batch_seed=974002, 4/5 done so far) ===
[orchestrator] $ bash /home/kmanojp/oranslice_rig/experiments/scripts/health_check.sh
[health] FAIL: UE1 (embb) unreachable
[health] FAIL: UE2 (mmtc) unreachable
[health] FAIL: UE3 (urllc) unreachable
[orchestrator] health check failed, restarting stack (attempt 1)
[orchestrator] $ bash /home/kmanojp/oranslice_rig/experiments/scripts/restart_ran_stack.sh
[restart] stopping all RAN processes and tmux sessions
/home/kmanojp/oranslice_rig/experiments/scripts/restart_ran_stack.sh: line 23: 960979 Killed                  sudo pkill -9 -f "nr-uesoftmodem" 2> /dev/null
/home/kmanojp/oranslice_rig/experiments/scripts/restart_ran_stack.sh: line 24: 960981 Killed                  sudo pkill -9 -f "nr-softmodem" 2> /dev/null
[restart] confirmed clean: no RAN processes running
[restart] launching gNB
[restart] gNB up, E2 agent alive
[restart] launching UE1 (embb, default netns)
[restart] FATAL: UE1 did not attach (no PDU session after 20s)
[orchestrator] restart_ran_stack.sh itself failed
[orchestrator] FATAL: rig unhealthy after max restart attempts, aborting rep
[n128] RETRY 1/3 for arm=baseline seed=974 --  deleting stale partial output first (Stage 11 append-corruption lesson)
=== 03:51:30 DRAIN before arm=baseline seed=974 ===
     rnti=47314: mean=5.00 PRB  max=5.00  n=10
     rnti=48138: mean=5.00 PRB  max=5.00  n=10
     rnti=64300: mean=5.00 PRB  max=5.00  n=10

Done. NEVER send SUBSCRIPTION-type messages: still assert(0!=0) in handle_subscription() on this OAI base (verified 2026-07-14).
=== 03:52:05 RUN arm=baseline seed=974 algo=baseline_static mode=sla episodes=5 ===
[orchestrator] === baseline rep_seed974 batch 0 (2 episodes, batch_seed=974000, 0/5 done so far) ===
[orchestrator] $ bash /home/kmanojp/oranslice_rig/experiments/scripts/health_check.sh
[health] FAIL: segfault signature in recent dmesg (RAN process)
[orchestrator] health check failed, restarting stack (attempt 1)
[orchestrator] $ bash /home/kmanojp/oranslice_rig/experiments/scripts/restart_ran_stack.sh
[restart] stopping all RAN processes and tmux sessions
/home/kmanojp/oranslice_rig/experiments/scripts/restart_ran_stack.sh: line 23: 962549 Killed                  sudo pkill -9 -f "nr-uesoftmodem" 2> /dev/null
/home/kmanojp/oranslice_rig/experiments/scripts/restart_ran_stack.sh: line 24: 962558 Killed                  sudo pkill -9 -f "nr-softmodem" 2> /dev/null
[restart] confirmed clean: no RAN processes running
[restart] launching gNB
[restart] gNB up, E2 agent alive
[restart] launching UE1 (embb, default netns)
[restart] UE1 attached
[restart] launching UE2 (mmtc, ue2ns)
[restart] UE2 attached
[restart] launching UE3 (urllc, ue3ns)
[restart] UE3 attached
[restart] verifying connectivity all 3 UEs
[restart] SUCCESS: all 3 UEs attached and reachable
[orchestrator] $ bash /home/kmanojp/oranslice_rig/experiments/scripts/health_check.sh
[health] FAIL: segfault signature in recent dmesg (RAN process)
[orchestrator] health check failed, restarting stack (attempt 2)
[orchestrator] $ bash /home/kmanojp/oranslice_rig/experiments/scripts/restart_ran_stack.sh
[restart] stopping all RAN processes and tmux sessions
/home/kmanojp/oranslice_rig/experiments/scripts/restart_ran_stack.sh: line 23: 963437 Killed                  sudo pkill -9 -f "nr-uesoftmodem" 2> /dev/null
/home/kmanojp/oranslice_rig/experiments/scripts/restart_ran_stack.sh: line 24: 963439 Killed                  sudo pkill -9 -f "nr-softmodem" 2> /dev/null
[restart] confirmed clean: no RAN processes running
[restart] launching gNB
[restart] gNB up, E2 agent alive
[restart] launching UE1 (embb, default netns)
[restart] UE1 attached
[restart] launching UE2 (mmtc, ue2ns)
[restart] UE2 attached
[restart] launching UE3 (urllc, ue3ns)
[restart] UE3 attached
[restart] verifying connectivity all 3 UEs
[restart] SUCCESS: all 3 UEs attached and reachable
[orchestrator] $ bash /home/kmanojp/oranslice_rig/experiments/scripts/health_check.sh
[health] FAIL: segfault signature in recent dmesg (RAN process)
[orchestrator] FATAL: rig unhealthy after max restart attempts, aborting rep
[n128] RETRY 2/3 for arm=baseline seed=974 --  deleting stale partial output first (Stage 11 append-corruption lesson)
=== 03:56:34 DRAIN before arm=baseline seed=974 ===
     rnti=2224: mean=5.00 PRB  max=5.00  n=10
     rnti=24537: mean=5.00 PRB  max=5.00  n=10
     rnti=60180: mean=5.00 PRB  max=5.00  n=10

Done. NEVER send SUBSCRIPTION-type messages: still assert(0!=0) in handle_subscription() on this OAI base (verified 2026-07-14).
=== 03:57:09 RUN arm=baseline seed=974 algo=baseline_static mode=sla episodes=5 ===
[orchestrator] === baseline rep_seed974 batch 0 (2 episodes, batch_seed=974000, 0/5 done so far) ===
[orchestrator] $ bash /home/kmanojp/oranslice_rig/experiments/scripts/health_check.sh
[health] FAIL: segfault signature in recent dmesg (RAN process)
[orchestrator] health check failed, restarting stack (attempt 1)
[orchestrator] $ bash /home/kmanojp/oranslice_rig/experiments/scripts/restart_ran_stack.sh
[restart] stopping all RAN processes and tmux sessions
/home/kmanojp/oranslice_rig/experiments/scripts/restart_ran_stack.sh: line 23: 965546 Killed                  sudo pkill -9 -f "nr-uesoftmodem" 2> /dev/null
/home/kmanojp/oranslice_rig/experiments/scripts/restart_ran_stack.sh: line 24: 965548 Killed                  sudo pkill -9 -f "nr-softmodem" 2> /dev/null
[restart] confirmed clean: no RAN processes running
[restart] launching gNB
[restart] gNB up, E2 agent alive
[restart] launching UE1 (embb, default netns)
[restart] UE1 attached
[restart] launching UE2 (mmtc, ue2ns)
[restart] UE2 attached
[restart] launching UE3 (urllc, ue3ns)
[restart] UE3 attached
[restart] verifying connectivity all 3 UEs
[restart] SUCCESS: all 3 UEs attached and reachable
[orchestrator] $ bash /home/kmanojp/oranslice_rig/experiments/scripts/health_check.sh
[health] FAIL: segfault signature in recent dmesg (RAN process)
[orchestrator] health check failed, restarting stack (attempt 2)
[orchestrator] $ bash /home/kmanojp/oranslice_rig/experiments/scripts/restart_ran_stack.sh
[restart] stopping all RAN processes and tmux sessions
/home/kmanojp/oranslice_rig/experiments/scripts/restart_ran_stack.sh: line 23: 966427 Killed                  sudo pkill -9 -f "nr-uesoftmodem" 2> /dev/null
/home/kmanojp/oranslice_rig/experiments/scripts/restart_ran_stack.sh: line 24: 966429 Killed                  sudo pkill -9 -f "nr-softmodem" 2> /dev/null
[restart] confirmed clean: no RAN processes running
[restart] launching gNB
[restart] gNB up, E2 agent alive
[restart] launching UE1 (embb, default netns)
[restart] UE1 attached
[restart] launching UE2 (mmtc, ue2ns)
[restart] UE2 attached
[restart] launching UE3 (urllc, ue3ns)
[restart] UE3 attached
[restart] verifying connectivity all 3 UEs
[restart] SUCCESS: all 3 UEs attached and reachable
[orchestrator] $ bash /home/kmanojp/oranslice_rig/experiments/scripts/health_check.sh
[health] FAIL: segfault signature in recent dmesg (RAN process)
[orchestrator] FATAL: rig unhealthy after max restart attempts, aborting rep
[n128] RETRY 3/3 for arm=baseline seed=974 --  deleting stale partial output first (Stage 11 append-corruption lesson)
=== 04:01:37 DRAIN before arm=baseline seed=974 ===
     rnti=14524: mean=5.00 PRB  max=5.00  n=10
     rnti=23618: mean=5.00 PRB  max=5.00  n=10
     rnti=34880: mean=5.00 PRB  max=5.00  n=10

Done. NEVER send SUBSCRIPTION-type messages: still assert(0!=0) in handle_subscription() on this OAI base (verified 2026-07-14).
=== 04:02:12 RUN arm=baseline seed=974 algo=baseline_static mode=sla episodes=5 ===
[orchestrator] === baseline rep_seed974 batch 0 (2 episodes, batch_seed=974000, 0/5 done so far) ===
[orchestrator] $ bash /home/kmanojp/oranslice_rig/experiments/scripts/health_check.sh
[health] FAIL: segfault signature in recent dmesg (RAN process)
[orchestrator] health check failed, restarting stack (attempt 1)
[orchestrator] $ bash /home/kmanojp/oranslice_rig/experiments/scripts/restart_ran_stack.sh
[restart] stopping all RAN processes and tmux sessions
/home/kmanojp/oranslice_rig/experiments/scripts/restart_ran_stack.sh: line 23: 968535 Killed                  sudo pkill -9 -f "nr-uesoftmodem" 2> /dev/null
/home/kmanojp/oranslice_rig/experiments/scripts/restart_ran_stack.sh: line 24: 968537 Killed                  sudo pkill -9 -f "nr-softmodem" 2> /dev/null
[restart] confirmed clean: no RAN processes running
[restart] launching gNB
[restart] gNB up, E2 agent alive
[restart] launching UE1 (embb, default netns)
[restart] UE1 attached
[restart] launching UE2 (mmtc, ue2ns)
[restart] UE2 attached
[restart] launching UE3 (urllc, ue3ns)
[restart] UE3 attached
[restart] verifying connectivity all 3 UEs
[restart] SUCCESS: all 3 UEs attached and reachable
[orchestrator] $ bash /home/kmanojp/oranslice_rig/experiments/scripts/health_check.sh
[health] FAIL: segfault signature in recent dmesg (RAN process)
[orchestrator] health check failed, restarting stack (attempt 2)
[orchestrator] $ bash /home/kmanojp/oranslice_rig/experiments/scripts/restart_ran_stack.sh
[restart] stopping all RAN processes and tmux sessions
/home/kmanojp/oranslice_rig/experiments/scripts/restart_ran_stack.sh: line 23: 969423 Killed                  sudo pkill -9 -f "nr-uesoftmodem" 2> /dev/null
/home/kmanojp/oranslice_rig/experiments/scripts/restart_ran_stack.sh: line 24: 969425 Killed                  sudo pkill -9 -f "nr-softmodem" 2> /dev/null
[restart] confirmed clean: no RAN processes running
[restart] launching gNB
[restart] gNB up, E2 agent alive
[restart] launching UE1 (embb, default netns)
[restart] UE1 attached
[restart] launching UE2 (mmtc, ue2ns)
[restart] UE2 attached
[restart] launching UE3 (urllc, ue3ns)
[restart] UE3 attached
[restart] verifying connectivity all 3 UEs
[restart] SUCCESS: all 3 UEs attached and reachable
[orchestrator] $ bash /home/kmanojp/oranslice_rig/experiments/scripts/health_check.sh
[health] FAIL: segfault signature in recent dmesg (RAN process)
[orchestrator] FATAL: rig unhealthy after max restart attempts, aborting rep
!!! FAILED arm=baseline seed=974 after 5 attempts (rc=1) -- moving on, not halting campaign !!!
=== seed=975 episodes=5 arm_order=dqn_qoe static_at_cap baseline dqn_sla ===
=== 04:05:15 DRAIN before arm=dqn_qoe seed=975 ===
     rnti=10578: mean=5.00 PRB  max=5.00  n=10
     rnti=40729: mean=5.00 PRB  max=5.00  n=10
     rnti=62826: mean=5.00 PRB  max=5.00  n=10

Done. NEVER send SUBSCRIPTION-type messages: still assert(0!=0) in handle_subscription() on this OAI base (verified 2026-07-14).
=== 04:05:50 RUN arm=dqn_qoe seed=975 algo=dqn mode=qoe episodes=5 ===
[orchestrator] === dqn_qoe rep_seed975 batch 0 (2 episodes, batch_seed=975000, 0/5 done so far) ===
[orchestrator] $ bash /home/kmanojp/oranslice_rig/experiments/scripts/health_check.sh
[health] FAIL: segfault signature in recent dmesg (RAN process)
[orchestrator] health check failed, restarting stack (attempt 1)
[orchestrator] $ bash /home/kmanojp/oranslice_rig/experiments/scripts/restart_ran_stack.sh
[restart] stopping all RAN processes and tmux sessions
/home/kmanojp/oranslice_rig/experiments/scripts/restart_ran_stack.sh: line 23: 970657 Killed                  sudo pkill -9 -f "nr-uesoftmodem" 2> /dev/null
/home/kmanojp/oranslice_rig/experiments/scripts/restart_ran_stack.sh: line 24: 970659 Killed                  sudo pkill -9 -f "nr-softmodem" 2> /dev/null
[restart] confirmed clean: no RAN processes running
[restart] launching gNB
[restart] gNB up, E2 agent alive
[restart] launching UE1 (embb, default netns)
[restart] UE1 attached
[restart] launching UE2 (mmtc, ue2ns)
[restart] UE2 attached
[restart] launching UE3 (urllc, ue3ns)
[restart] UE3 attached
[restart] verifying connectivity all 3 UEs
[restart] SUCCESS: all 3 UEs attached and reachable
[orchestrator] $ bash /home/kmanojp/oranslice_rig/experiments/scripts/health_check.sh
[health] FAIL: segfault signature in recent dmesg (RAN process)
[orchestrator] health check failed, restarting stack (attempt 2)
[orchestrator] $ bash /home/kmanojp/oranslice_rig/experiments/scripts/restart_ran_stack.sh
[restart] stopping all RAN processes and tmux sessions
/home/kmanojp/oranslice_rig/experiments/scripts/restart_ran_stack.sh: line 23: 971547 Killed                  sudo pkill -9 -f "nr-uesoftmodem" 2> /dev/null
/home/kmanojp/oranslice_rig/experiments/scripts/restart_ran_stack.sh: line 24: 971549 Killed                  sudo pkill -9 -f "nr-softmodem" 2> /dev/null
[restart] confirmed clean: no RAN processes running
[restart] launching gNB
[restart] gNB up, E2 agent alive
[restart] launching UE1 (embb, default netns)
[restart] UE1 attached
[restart] launching UE2 (mmtc, ue2ns)
[restart] UE2 attached
[restart] launching UE3 (urllc, ue3ns)
[restart] UE3 attached
[restart] verifying connectivity all 3 UEs
[restart] SUCCESS: all 3 UEs attached and reachable
[orchestrator] $ bash /home/kmanojp/oranslice_rig/experiments/scripts/health_check.sh
[health] FAIL: segfault signature in recent dmesg (RAN process)
[orchestrator] FATAL: rig unhealthy after max restart attempts, aborting rep
[n128] RETRY 1/3 for arm=dqn_qoe seed=975 --  deleting stale partial output first (Stage 11 append-corruption lesson)
=== 04:10:18 DRAIN before arm=dqn_qoe seed=975 ===
     rnti=9952: mean=5.00 PRB  max=5.00  n=10
     rnti=39330: mean=5.00 PRB  max=5.00  n=10
     rnti=62548: mean=5.00 PRB  max=5.00  n=10

Done. NEVER send SUBSCRIPTION-type messages: still assert(0!=0) in handle_subscription() on this OAI base (verified 2026-07-14).
=== 04:10:53 RUN arm=dqn_qoe seed=975 algo=dqn mode=qoe episodes=5 ===
[orchestrator] === dqn_qoe rep_seed975 batch 0 (2 episodes, batch_seed=975000, 0/5 done so far) ===
[orchestrator] $ bash /home/kmanojp/oranslice_rig/experiments/scripts/health_check.sh
[health] FAIL: segfault signature in recent dmesg (RAN process)
[orchestrator] health check failed, restarting stack (attempt 1)
[orchestrator] $ bash /home/kmanojp/oranslice_rig/experiments/scripts/restart_ran_stack.sh
[restart] stopping all RAN processes and tmux sessions
/home/kmanojp/oranslice_rig/experiments/scripts/restart_ran_stack.sh: line 23: 973648 Killed                  sudo pkill -9 -f "nr-uesoftmodem" 2> /dev/null
/home/kmanojp/oranslice_rig/experiments/scripts/restart_ran_stack.sh: line 24: 973650 Killed                  sudo pkill -9 -f "nr-softmodem" 2> /dev/null
[restart] confirmed clean: no RAN processes running
[restart] launching gNB
[restart] gNB up, E2 agent alive
[restart] launching UE1 (embb, default netns)
[restart] UE1 attached
[restart] launching UE2 (mmtc, ue2ns)
[restart] UE2 attached
[restart] launching UE3 (urllc, ue3ns)
[restart] UE3 attached
[restart] verifying connectivity all 3 UEs
[restart] SUCCESS: all 3 UEs attached and reachable
[orchestrator] $ bash /home/kmanojp/oranslice_rig/experiments/scripts/health_check.sh
[health] FAIL: segfault signature in recent dmesg (RAN process)
[orchestrator] health check failed, restarting stack (attempt 2)
[orchestrator] $ bash /home/kmanojp/oranslice_rig/experiments/scripts/restart_ran_stack.sh
[restart] stopping all RAN processes and tmux sessions
/home/kmanojp/oranslice_rig/experiments/scripts/restart_ran_stack.sh: line 23: 974538 Killed                  sudo pkill -9 -f "nr-uesoftmodem" 2> /dev/null
/home/kmanojp/oranslice_rig/experiments/scripts/restart_ran_stack.sh: line 24: 974540 Killed                  sudo pkill -9 -f "nr-softmodem" 2> /dev/null
[restart] confirmed clean: no RAN processes running
[restart] launching gNB
[restart] gNB up, E2 agent alive
[restart] launching UE1 (embb, default netns)
[restart] UE1 attached
[restart] launching UE2 (mmtc, ue2ns)
[restart] UE2 attached
[restart] launching UE3 (urllc, ue3ns)
[restart] UE3 attached
[restart] verifying connectivity all 3 UEs
[restart] SUCCESS: all 3 UEs attached and reachable
[orchestrator] $ bash /home/kmanojp/oranslice_rig/experiments/scripts/health_check.sh
[health] FAIL: segfault signature in recent dmesg (RAN process)
[orchestrator] FATAL: rig unhealthy after max restart attempts, aborting rep
[n128] RETRY 2/3 for arm=dqn_qoe seed=975 --  deleting stale partial output first (Stage 11 append-corruption lesson)
=== 04:15:22 DRAIN before arm=dqn_qoe seed=975 ===
     rnti=3865: mean=5.00 PRB  max=5.00  n=10
     rnti=24146: mean=5.00 PRB  max=5.00  n=10
     rnti=24312: mean=5.00 PRB  max=5.00  n=10

Done. NEVER send SUBSCRIPTION-type messages: still assert(0!=0) in handle_subscription() on this OAI base (verified 2026-07-14).
=== 04:15:57 RUN arm=dqn_qoe seed=975 algo=dqn mode=qoe episodes=5 ===
[orchestrator] === dqn_qoe rep_seed975 batch 0 (2 episodes, batch_seed=975000, 0/5 done so far) ===
[orchestrator] $ bash /home/kmanojp/oranslice_rig/experiments/scripts/health_check.sh
[health] FAIL: segfault signature in recent dmesg (RAN process)
[orchestrator] health check failed, restarting stack (attempt 1)
[orchestrator] $ bash /home/kmanojp/oranslice_rig/experiments/scripts/restart_ran_stack.sh
[restart] stopping all RAN processes and tmux sessions
/home/kmanojp/oranslice_rig/experiments/scripts/restart_ran_stack.sh: line 23: 976641 Killed                  sudo pkill -9 -f "nr-uesoftmodem" 2> /dev/null
/home/kmanojp/oranslice_rig/experiments/scripts/restart_ran_stack.sh: line 24: 976643 Killed                  sudo pkill -9 -f "nr-softmodem" 2> /dev/null
[restart] confirmed clean: no RAN processes running
[restart] launching gNB
[restart] gNB up, E2 agent alive
[restart] launching UE1 (embb, default netns)
[restart] UE1 attached
[restart] launching UE2 (mmtc, ue2ns)
[restart] UE2 attached
[restart] launching UE3 (urllc, ue3ns)
[restart] UE3 attached
[restart] verifying connectivity all 3 UEs
[restart] SUCCESS: all 3 UEs attached and reachable
[orchestrator] $ bash /home/kmanojp/oranslice_rig/experiments/scripts/health_check.sh
[health] FAIL: segfault signature in recent dmesg (RAN process)
[orchestrator] health check failed, restarting stack (attempt 2)
[orchestrator] $ bash /home/kmanojp/oranslice_rig/experiments/scripts/restart_ran_stack.sh
[restart] stopping all RAN processes and tmux sessions
/home/kmanojp/oranslice_rig/experiments/scripts/restart_ran_stack.sh: line 23: 977535 Killed                  sudo pkill -9 -f "nr-uesoftmodem" 2> /dev/null
/home/kmanojp/oranslice_rig/experiments/scripts/restart_ran_stack.sh: line 24: 977544 Killed                  sudo pkill -9 -f "nr-softmodem" 2> /dev/null
[restart] confirmed clean: no RAN processes running
[restart] launching gNB
[restart] gNB up, E2 agent alive
[restart] launching UE1 (embb, default netns)
[restart] UE1 attached
[restart] launching UE2 (mmtc, ue2ns)
[restart] UE2 attached
[restart] launching UE3 (urllc, ue3ns)
[restart] UE3 attached
[restart] verifying connectivity all 3 UEs
[restart] SUCCESS: all 3 UEs attached and reachable
[orchestrator] $ bash /home/kmanojp/oranslice_rig/experiments/scripts/health_check.sh
[health] FAIL: segfault signature in recent dmesg (RAN process)
[orchestrator] FATAL: rig unhealthy after max restart attempts, aborting rep
[n128] RETRY 3/3 for arm=dqn_qoe seed=975 --  deleting stale partial output first (Stage 11 append-corruption lesson)
=== 04:20:25 DRAIN before arm=dqn_qoe seed=975 ===
     rnti=28994: mean=5.00 PRB  max=5.00  n=10
     rnti=36880: mean=5.00 PRB  max=5.00  n=10
     rnti=46596: mean=5.00 PRB  max=5.00  n=10

Done. NEVER send SUBSCRIPTION-type messages: still assert(0!=0) in handle_subscription() on this OAI base (verified 2026-07-14).
=== 04:21:00 RUN arm=dqn_qoe seed=975 algo=dqn mode=qoe episodes=5 ===
[orchestrator] === dqn_qoe rep_seed975 batch 0 (2 episodes, batch_seed=975000, 0/5 done so far) ===
[orchestrator] $ bash /home/kmanojp/oranslice_rig/experiments/scripts/health_check.sh
[health] FAIL: segfault signature in recent dmesg (RAN process)
[orchestrator] health check failed, restarting stack (attempt 1)
[orchestrator] $ bash /home/kmanojp/oranslice_rig/experiments/scripts/restart_ran_stack.sh
[restart] stopping all RAN processes and tmux sessions
/home/kmanojp/oranslice_rig/experiments/scripts/restart_ran_stack.sh: line 23: 979639 Killed                  sudo pkill -9 -f "nr-uesoftmodem" 2> /dev/null
/home/kmanojp/oranslice_rig/experiments/scripts/restart_ran_stack.sh: line 24: 979641 Killed                  sudo pkill -9 -f "nr-softmodem" 2> /dev/null
[restart] confirmed clean: no RAN processes running
[restart] launching gNB
[restart] gNB up, E2 agent alive
[restart] launching UE1 (embb, default netns)
[restart] UE1 attached
[restart] launching UE2 (mmtc, ue2ns)
[restart] UE2 attached
[restart] launching UE3 (urllc, ue3ns)
[restart] UE3 attached
[restart] verifying connectivity all 3 UEs
[restart] SUCCESS: all 3 UEs attached and reachable
[orchestrator] $ bash /home/kmanojp/oranslice_rig/experiments/scripts/health_check.sh
[health] FAIL: segfault signature in recent dmesg (RAN process)
[orchestrator] health check failed, restarting stack (attempt 2)
[orchestrator] $ bash /home/kmanojp/oranslice_rig/experiments/scripts/restart_ran_stack.sh
[restart] stopping all RAN processes and tmux sessions
/home/kmanojp/oranslice_rig/experiments/scripts/restart_ran_stack.sh: line 23: 980530 Killed                  sudo pkill -9 -f "nr-uesoftmodem" 2> /dev/null
/home/kmanojp/oranslice_rig/experiments/scripts/restart_ran_stack.sh: line 24: 980532 Killed                  sudo pkill -9 -f "nr-softmodem" 2> /dev/null
[restart] confirmed clean: no RAN processes running
[restart] launching gNB
[restart] gNB up, E2 agent alive
[restart] launching UE1 (embb, default netns)
[restart] UE1 attached
[restart] launching UE2 (mmtc, ue2ns)
[restart] UE2 attached
[restart] launching UE3 (urllc, ue3ns)
[restart] UE3 attached
[restart] verifying connectivity all 3 UEs
[restart] SUCCESS: all 3 UEs attached and reachable
[orchestrator] $ bash /home/kmanojp/oranslice_rig/experiments/scripts/health_check.sh
[health] FAIL: segfault signature in recent dmesg (RAN process)
[orchestrator] FATAL: rig unhealthy after max restart attempts, aborting rep
!!! FAILED arm=dqn_qoe seed=975 after 5 attempts (rc=1) -- moving on, not halting campaign !!!
=== 04:24:03 DRAIN before arm=static_at_cap seed=975 ===
     rnti=13620: mean=5.00 PRB  max=5.00  n=10
     rnti=17229: mean=5.00 PRB  max=5.00  n=10
     rnti=36787: mean=5.00 PRB  max=5.00  n=10

Done. NEVER send SUBSCRIPTION-type messages: still assert(0!=0) in handle_subscription() on this OAI base (verified 2026-07-14).
=== 04:24:38 RUN arm=static_at_cap seed=975 algo=baseline_static mode=sla episodes=5 ===
[orchestrator] === static_at_cap rep_seed975 batch 0 (2 episodes, batch_seed=975000, 0/5 done so far) ===
[orchestrator] $ bash /home/kmanojp/oranslice_rig/experiments/scripts/health_check.sh
[health] FAIL: segfault signature in recent dmesg (RAN process)
[orchestrator] health check failed, restarting stack (attempt 1)
[orchestrator] $ bash /home/kmanojp/oranslice_rig/experiments/scripts/restart_ran_stack.sh
[restart] stopping all RAN processes and tmux sessions
/home/kmanojp/oranslice_rig/experiments/scripts/restart_ran_stack.sh: line 23: 981755 Killed                  sudo pkill -9 -f "nr-uesoftmodem" 2> /dev/null
/home/kmanojp/oranslice_rig/experiments/scripts/restart_ran_stack.sh: line 24: 981757 Killed                  sudo pkill -9 -f "nr-softmodem" 2> /dev/null
[restart] confirmed clean: no RAN processes running
[restart] launching gNB
[restart] gNB up, E2 agent alive
[restart] launching UE1 (embb, default netns)
[restart] UE1 attached
[restart] launching UE2 (mmtc, ue2ns)
[restart] UE2 attached
[restart] launching UE3 (urllc, ue3ns)
[restart] UE3 attached
[restart] verifying connectivity all 3 UEs
[restart] SUCCESS: all 3 UEs attached and reachable
[orchestrator] $ bash /home/kmanojp/oranslice_rig/experiments/scripts/health_check.sh
[health] FAIL: segfault signature in recent dmesg (RAN process)
[orchestrator] health check failed, restarting stack (attempt 2)
[orchestrator] $ bash /home/kmanojp/oranslice_rig/experiments/scripts/restart_ran_stack.sh
[restart] stopping all RAN processes and tmux sessions
/home/kmanojp/oranslice_rig/experiments/scripts/restart_ran_stack.sh: line 23: 982650 Killed                  sudo pkill -9 -f "nr-uesoftmodem" 2> /dev/null
/home/kmanojp/oranslice_rig/experiments/scripts/restart_ran_stack.sh: line 24: 982652 Killed                  sudo pkill -9 -f "nr-softmodem" 2> /dev/null
[restart] confirmed clean: no RAN processes running
[restart] launching gNB
[restart] gNB up, E2 agent alive
[restart] launching UE1 (embb, default netns)
[restart] UE1 attached
[restart] launching UE2 (mmtc, ue2ns)
[restart] UE2 attached
[restart] launching UE3 (urllc, ue3ns)
[restart] UE3 attached
[restart] verifying connectivity all 3 UEs
[restart] SUCCESS: all 3 UEs attached and reachable
[orchestrator] $ bash /home/kmanojp/oranslice_rig/experiments/scripts/health_check.sh
[health] FAIL: segfault signature in recent dmesg (RAN process)
[orchestrator] FATAL: rig unhealthy after max restart attempts, aborting rep
[n128] RETRY 1/3 for arm=static_at_cap seed=975 --  deleting stale partial output first (Stage 11 append-corruption lesson)
=== 04:29:06 DRAIN before arm=static_at_cap seed=975 ===
     rnti=27983: mean=5.00 PRB  max=5.00  n=10
     rnti=41712: mean=5.00 PRB  max=5.00  n=10
     rnti=50457: mean=5.00 PRB  max=5.00  n=10

Done. NEVER send SUBSCRIPTION-type messages: still assert(0!=0) in handle_subscription() on this OAI base (verified 2026-07-14).
=== 04:29:41 RUN arm=static_at_cap seed=975 algo=baseline_static mode=sla episodes=5 ===
[orchestrator] === static_at_cap rep_seed975 batch 0 (2 episodes, batch_seed=975000, 0/5 done so far) ===
[orchestrator] $ bash /home/kmanojp/oranslice_rig/experiments/scripts/health_check.sh
[health] FAIL: segfault signature in recent dmesg (RAN process)
[orchestrator] health check failed, restarting stack (attempt 1)
[orchestrator] $ bash /home/kmanojp/oranslice_rig/experiments/scripts/restart_ran_stack.sh
[restart] stopping all RAN processes and tmux sessions
/home/kmanojp/oranslice_rig/experiments/scripts/restart_ran_stack.sh: line 23: 984749 Killed                  sudo pkill -9 -f "nr-uesoftmodem" 2> /dev/null
/home/kmanojp/oranslice_rig/experiments/scripts/restart_ran_stack.sh: line 24: 984751 Killed                  sudo pkill -9 -f "nr-softmodem" 2> /dev/null
[restart] confirmed clean: no RAN processes running
[restart] launching gNB
[restart] gNB up, E2 agent alive
[restart] launching UE1 (embb, default netns)
[restart] UE1 attached
[restart] launching UE2 (mmtc, ue2ns)
[restart] UE2 attached
[restart] launching UE3 (urllc, ue3ns)
[restart] UE3 attached
[restart] verifying connectivity all 3 UEs
[restart] SUCCESS: all 3 UEs attached and reachable
[orchestrator] $ bash /home/kmanojp/oranslice_rig/experiments/scripts/health_check.sh
[health] FAIL: segfault signature in recent dmesg (RAN process)
[orchestrator] health check failed, restarting stack (attempt 2)
[orchestrator] $ bash /home/kmanojp/oranslice_rig/experiments/scripts/restart_ran_stack.sh
[restart] stopping all RAN processes and tmux sessions
/home/kmanojp/oranslice_rig/experiments/scripts/restart_ran_stack.sh: line 23: 985640 Killed                  sudo pkill -9 -f "nr-uesoftmodem" 2> /dev/null
/home/kmanojp/oranslice_rig/experiments/scripts/restart_ran_stack.sh: line 24: 985642 Killed                  sudo pkill -9 -f "nr-softmodem" 2> /dev/null
[restart] confirmed clean: no RAN processes running
[restart] launching gNB
[restart] gNB up, E2 agent alive
[restart] launching UE1 (embb, default netns)
[restart] UE1 attached
[restart] launching UE2 (mmtc, ue2ns)
[restart] UE2 attached
[restart] launching UE3 (urllc, ue3ns)
[restart] UE3 attached
[restart] verifying connectivity all 3 UEs
[restart] SUCCESS: all 3 UEs attached and reachable
[orchestrator] $ bash /home/kmanojp/oranslice_rig/experiments/scripts/health_check.sh
[health] FAIL: segfault signature in recent dmesg (RAN process)
[orchestrator] FATAL: rig unhealthy after max restart attempts, aborting rep
[n128] RETRY 2/3 for arm=static_at_cap seed=975 --  deleting stale partial output first (Stage 11 append-corruption lesson)
=== 04:34:10 DRAIN before arm=static_at_cap seed=975 ===
     rnti=1860: mean=5.00 PRB  max=5.00  n=10
     rnti=34092: mean=5.00 PRB  max=5.00  n=10
     rnti=45886: mean=5.00 PRB  max=5.00  n=10

Done. NEVER send SUBSCRIPTION-type messages: still assert(0!=0) in handle_subscription() on this OAI base (verified 2026-07-14).
=== 04:34:45 RUN arm=static_at_cap seed=975 algo=baseline_static mode=sla episodes=5 ===
[orchestrator] === static_at_cap rep_seed975 batch 0 (2 episodes, batch_seed=975000, 0/5 done so far) ===
[orchestrator] $ bash /home/kmanojp/oranslice_rig/experiments/scripts/health_check.sh
[health] FAIL: segfault signature in recent dmesg (RAN process)
[orchestrator] health check failed, restarting stack (attempt 1)
[orchestrator] $ bash /home/kmanojp/oranslice_rig/experiments/scripts/restart_ran_stack.sh
[restart] stopping all RAN processes and tmux sessions
/home/kmanojp/oranslice_rig/experiments/scripts/restart_ran_stack.sh: line 23: 987742 Killed                  sudo pkill -9 -f "nr-uesoftmodem" 2> /dev/null
/home/kmanojp/oranslice_rig/experiments/scripts/restart_ran_stack.sh: line 24: 987744 Killed                  sudo pkill -9 -f "nr-softmodem" 2> /dev/null
[restart] confirmed clean: no RAN processes running
[restart] launching gNB
[restart] gNB up, E2 agent alive
[restart] launching UE1 (embb, default netns)
[restart] UE1 attached
[restart] launching UE2 (mmtc, ue2ns)
[restart] UE2 attached
[restart] launching UE3 (urllc, ue3ns)
[restart] UE3 attached
[restart] verifying connectivity all 3 UEs
[restart] SUCCESS: all 3 UEs attached and reachable
[orchestrator] $ bash /home/kmanojp/oranslice_rig/experiments/scripts/health_check.sh
[health] FAIL: segfault signature in recent dmesg (RAN process)
[orchestrator] health check failed, restarting stack (attempt 2)
[orchestrator] $ bash /home/kmanojp/oranslice_rig/experiments/scripts/restart_ran_stack.sh
[restart] stopping all RAN processes and tmux sessions
/home/kmanojp/oranslice_rig/experiments/scripts/restart_ran_stack.sh: line 23: 988637 Killed                  sudo pkill -9 -f "nr-uesoftmodem" 2> /dev/null
/home/kmanojp/oranslice_rig/experiments/scripts/restart_ran_stack.sh: line 24: 988639 Killed                  sudo pkill -9 -f "nr-softmodem" 2> /dev/null
[restart] confirmed clean: no RAN processes running
[restart] launching gNB
[restart] gNB up, E2 agent alive
[restart] launching UE1 (embb, default netns)
[restart] UE1 attached
[restart] launching UE2 (mmtc, ue2ns)
[restart] UE2 attached
[restart] launching UE3 (urllc, ue3ns)
[restart] UE3 attached
[restart] verifying connectivity all 3 UEs
[restart] SUCCESS: all 3 UEs attached and reachable
[orchestrator] $ bash /home/kmanojp/oranslice_rig/experiments/scripts/health_check.sh
[health] FAIL: segfault signature in recent dmesg (RAN process)
[orchestrator] FATAL: rig unhealthy after max restart attempts, aborting rep
[n128] RETRY 3/3 for arm=static_at_cap seed=975 --  deleting stale partial output first (Stage 11 append-corruption lesson)
=== 04:39:13 DRAIN before arm=static_at_cap seed=975 ===
     rnti=413: mean=5.00 PRB  max=5.00  n=10
     rnti=45542: mean=5.00 PRB  max=5.00  n=10
     rnti=49861: mean=5.00 PRB  max=5.00  n=10

Done. NEVER send SUBSCRIPTION-type messages: still assert(0!=0) in handle_subscription() on this OAI base (verified 2026-07-14).
=== 04:39:48 RUN arm=static_at_cap seed=975 algo=baseline_static mode=sla episodes=5 ===
[orchestrator] === static_at_cap rep_seed975 batch 0 (2 episodes, batch_seed=975000, 0/5 done so far) ===
[orchestrator] $ bash /home/kmanojp/oranslice_rig/experiments/scripts/health_check.sh
[health] FAIL: segfault signature in recent dmesg (RAN process)
[orchestrator] health check failed, restarting stack (attempt 1)
[orchestrator] $ bash /home/kmanojp/oranslice_rig/experiments/scripts/restart_ran_stack.sh
[restart] stopping all RAN processes and tmux sessions
/home/kmanojp/oranslice_rig/experiments/scripts/restart_ran_stack.sh: line 23: 990735 Killed                  sudo pkill -9 -f "nr-uesoftmodem" 2> /dev/null
/home/kmanojp/oranslice_rig/experiments/scripts/restart_ran_stack.sh: line 24: 990737 Killed                  sudo pkill -9 -f "nr-softmodem" 2> /dev/null
[restart] confirmed clean: no RAN processes running
[restart] launching gNB
[restart] gNB up, E2 agent alive
[restart] launching UE1 (embb, default netns)
[restart] UE1 attached
[restart] launching UE2 (mmtc, ue2ns)
[restart] UE2 attached
[restart] launching UE3 (urllc, ue3ns)
[restart] UE3 attached
[restart] verifying connectivity all 3 UEs
[restart] SUCCESS: all 3 UEs attached and reachable
[orchestrator] $ bash /home/kmanojp/oranslice_rig/experiments/scripts/health_check.sh
[health] FAIL: segfault signature in recent dmesg (RAN process)
[orchestrator] health check failed, restarting stack (attempt 2)
[orchestrator] $ bash /home/kmanojp/oranslice_rig/experiments/scripts/restart_ran_stack.sh
[restart] stopping all RAN processes and tmux sessions
/home/kmanojp/oranslice_rig/experiments/scripts/restart_ran_stack.sh: line 23: 991625 Killed                  sudo pkill -9 -f "nr-uesoftmodem" 2> /dev/null
/home/kmanojp/oranslice_rig/experiments/scripts/restart_ran_stack.sh: line 24: 991627 Killed                  sudo pkill -9 -f "nr-softmodem" 2> /dev/null
[restart] confirmed clean: no RAN processes running
[restart] launching gNB
[restart] gNB up, E2 agent alive
[restart] launching UE1 (embb, default netns)
[restart] UE1 attached
[restart] launching UE2 (mmtc, ue2ns)
[restart] UE2 attached
[restart] launching UE3 (urllc, ue3ns)
[restart] UE3 attached
[restart] verifying connectivity all 3 UEs
[restart] SUCCESS: all 3 UEs attached and reachable
[orchestrator] $ bash /home/kmanojp/oranslice_rig/experiments/scripts/health_check.sh
[health] FAIL: segfault signature in recent dmesg (RAN process)
[orchestrator] FATAL: rig unhealthy after max restart attempts, aborting rep
!!! FAILED arm=static_at_cap seed=975 after 5 attempts (rc=1) -- moving on, not halting campaign !!!
=== 04:42:51 DRAIN before arm=baseline seed=975 ===
     rnti=7202: mean=5.00 PRB  max=5.00  n=10
     rnti=11603: mean=5.00 PRB  max=5.00  n=10
     rnti=58495: mean=5.00 PRB  max=5.00  n=10

Done. NEVER send SUBSCRIPTION-type messages: still assert(0!=0) in handle_subscription() on this OAI base (verified 2026-07-14).
=== 04:43:26 RUN arm=baseline seed=975 algo=baseline_static mode=sla episodes=5 ===
[orchestrator] === baseline rep_seed975 batch 0 (2 episodes, batch_seed=975000, 0/5 done so far) ===
[orchestrator] $ bash /home/kmanojp/oranslice_rig/experiments/scripts/health_check.sh
[health] FAIL: segfault signature in recent dmesg (RAN process)
[orchestrator] health check failed, restarting stack (attempt 1)
[orchestrator] $ bash /home/kmanojp/oranslice_rig/experiments/scripts/restart_ran_stack.sh
[restart] stopping all RAN processes and tmux sessions
/home/kmanojp/oranslice_rig/experiments/scripts/restart_ran_stack.sh: line 23: 992854 Killed                  sudo pkill -9 -f "nr-uesoftmodem" 2> /dev/null
/home/kmanojp/oranslice_rig/experiments/scripts/restart_ran_stack.sh: line 24: 992856 Killed                  sudo pkill -9 -f "nr-softmodem" 2> /dev/null
[restart] confirmed clean: no RAN processes running
[restart] launching gNB
[restart] gNB up, E2 agent alive
[restart] launching UE1 (embb, default netns)
[restart] UE1 attached
[restart] launching UE2 (mmtc, ue2ns)
[restart] UE2 attached
[restart] launching UE3 (urllc, ue3ns)
[restart] UE3 attached
[restart] verifying connectivity all 3 UEs
[restart] SUCCESS: all 3 UEs attached and reachable
[orchestrator] $ bash /home/kmanojp/oranslice_rig/experiments/scripts/health_check.sh
[health] FAIL: segfault signature in recent dmesg (RAN process)
[orchestrator] health check failed, restarting stack (attempt 2)
[orchestrator] $ bash /home/kmanojp/oranslice_rig/experiments/scripts/restart_ran_stack.sh
[restart] stopping all RAN processes and tmux sessions
/home/kmanojp/oranslice_rig/experiments/scripts/restart_ran_stack.sh: line 23: 993746 Killed                  sudo pkill -9 -f "nr-uesoftmodem" 2> /dev/null
/home/kmanojp/oranslice_rig/experiments/scripts/restart_ran_stack.sh: line 24: 993748 Killed                  sudo pkill -9 -f "nr-softmodem" 2> /dev/null
[restart] confirmed clean: no RAN processes running
[restart] launching gNB
[restart] gNB up, E2 agent alive
[restart] launching UE1 (embb, default netns)
[restart] UE1 attached
[restart] launching UE2 (mmtc, ue2ns)
[restart] UE2 attached
[restart] launching UE3 (urllc, ue3ns)
[restart] UE3 attached
[restart] verifying connectivity all 3 UEs
[restart] SUCCESS: all 3 UEs attached and reachable
[orchestrator] $ bash /home/kmanojp/oranslice_rig/experiments/scripts/health_check.sh
[health] FAIL: segfault signature in recent dmesg (RAN process)
[orchestrator] FATAL: rig unhealthy after max restart attempts, aborting rep
[n128] RETRY 1/3 for arm=baseline seed=975 --  deleting stale partial output first (Stage 11 append-corruption lesson)
=== 04:47:54 DRAIN before arm=baseline seed=975 ===
     rnti=50713: mean=5.00 PRB  max=5.00  n=10
     rnti=51385: mean=5.00 PRB  max=5.00  n=10
     rnti=61406: mean=5.00 PRB  max=5.00  n=10

Done. NEVER send SUBSCRIPTION-type messages: still assert(0!=0) in handle_subscription() on this OAI base (verified 2026-07-14).
=== 04:48:29 RUN arm=baseline seed=975 algo=baseline_static mode=sla episodes=5 ===
[orchestrator] === baseline rep_seed975 batch 0 (2 episodes, batch_seed=975000, 0/5 done so far) ===
[orchestrator] $ bash /home/kmanojp/oranslice_rig/experiments/scripts/health_check.sh
[health] FAIL: segfault signature in recent dmesg (RAN process)
[orchestrator] health check failed, restarting stack (attempt 1)
[orchestrator] $ bash /home/kmanojp/oranslice_rig/experiments/scripts/restart_ran_stack.sh
[restart] stopping all RAN processes and tmux sessions
/home/kmanojp/oranslice_rig/experiments/scripts/restart_ran_stack.sh: line 23: 995848 Killed                  sudo pkill -9 -f "nr-uesoftmodem" 2> /dev/null
/home/kmanojp/oranslice_rig/experiments/scripts/restart_ran_stack.sh: line 24: 995850 Killed                  sudo pkill -9 -f "nr-softmodem" 2> /dev/null
[restart] confirmed clean: no RAN processes running
[restart] launching gNB
[restart] gNB up, E2 agent alive
[restart] launching UE1 (embb, default netns)
[restart] UE1 attached
[restart] launching UE2 (mmtc, ue2ns)
[restart] UE2 attached
[restart] launching UE3 (urllc, ue3ns)
[restart] UE3 attached
[restart] verifying connectivity all 3 UEs
[restart] SUCCESS: all 3 UEs attached and reachable
[orchestrator] $ bash /home/kmanojp/oranslice_rig/experiments/scripts/health_check.sh
[health] FAIL: segfault signature in recent dmesg (RAN process)
[orchestrator] health check failed, restarting stack (attempt 2)
[orchestrator] $ bash /home/kmanojp/oranslice_rig/experiments/scripts/restart_ran_stack.sh
[restart] stopping all RAN processes and tmux sessions
/home/kmanojp/oranslice_rig/experiments/scripts/restart_ran_stack.sh: line 23: 996741 Killed                  sudo pkill -9 -f "nr-uesoftmodem" 2> /dev/null
/home/kmanojp/oranslice_rig/experiments/scripts/restart_ran_stack.sh: line 24: 996743 Killed                  sudo pkill -9 -f "nr-softmodem" 2> /dev/null
[restart] confirmed clean: no RAN processes running
[restart] launching gNB
[restart] gNB up, E2 agent alive
[restart] launching UE1 (embb, default netns)
[restart] UE1 attached
[restart] launching UE2 (mmtc, ue2ns)
[restart] UE2 attached
[restart] launching UE3 (urllc, ue3ns)
[restart] UE3 attached
[restart] verifying connectivity all 3 UEs
[restart] SUCCESS: all 3 UEs attached and reachable
[orchestrator] $ bash /home/kmanojp/oranslice_rig/experiments/scripts/health_check.sh
[health] FAIL: segfault signature in recent dmesg (RAN process)
[orchestrator] FATAL: rig unhealthy after max restart attempts, aborting rep
[n128] RETRY 2/3 for arm=baseline seed=975 --  deleting stale partial output first (Stage 11 append-corruption lesson)
=== 04:52:57 DRAIN before arm=baseline seed=975 ===
     rnti=534: mean=5.00 PRB  max=5.00  n=10
     rnti=20752: mean=5.00 PRB  max=5.00  n=10
     rnti=32716: mean=5.00 PRB  max=5.00  n=10

Done. NEVER send SUBSCRIPTION-type messages: still assert(0!=0) in handle_subscription() on this OAI base (verified 2026-07-14).
=== 04:53:32 RUN arm=baseline seed=975 algo=baseline_static mode=sla episodes=5 ===
[orchestrator] === baseline rep_seed975 batch 0 (2 episodes, batch_seed=975000, 0/5 done so far) ===
[orchestrator] $ bash /home/kmanojp/oranslice_rig/experiments/scripts/health_check.sh
[health] FAIL: segfault signature in recent dmesg (RAN process)
[orchestrator] health check failed, restarting stack (attempt 1)
[orchestrator] $ bash /home/kmanojp/oranslice_rig/experiments/scripts/restart_ran_stack.sh
[restart] stopping all RAN processes and tmux sessions
/home/kmanojp/oranslice_rig/experiments/scripts/restart_ran_stack.sh: line 23: 998835 Killed                  sudo pkill -9 -f "nr-uesoftmodem" 2> /dev/null
/home/kmanojp/oranslice_rig/experiments/scripts/restart_ran_stack.sh: line 24: 998837 Killed                  sudo pkill -9 -f "nr-softmodem" 2> /dev/null
[restart] confirmed clean: no RAN processes running
[restart] launching gNB
[restart] gNB up, E2 agent alive
[restart] launching UE1 (embb, default netns)
[restart] UE1 attached
[restart] launching UE2 (mmtc, ue2ns)
[restart] UE2 attached
[restart] launching UE3 (urllc, ue3ns)
[restart] UE3 attached
[restart] verifying connectivity all 3 UEs
[restart] SUCCESS: all 3 UEs attached and reachable
[orchestrator] $ bash /home/kmanojp/oranslice_rig/experiments/scripts/health_check.sh
[health] FAIL: segfault signature in recent dmesg (RAN process)
[orchestrator] health check failed, restarting stack (attempt 2)
[orchestrator] $ bash /home/kmanojp/oranslice_rig/experiments/scripts/restart_ran_stack.sh
[restart] stopping all RAN processes and tmux sessions
/home/kmanojp/oranslice_rig/experiments/scripts/restart_ran_stack.sh: line 23: 999729 Killed                  sudo pkill -9 -f "nr-uesoftmodem" 2> /dev/null
/home/kmanojp/oranslice_rig/experiments/scripts/restart_ran_stack.sh: line 24: 999731 Killed                  sudo pkill -9 -f "nr-softmodem" 2> /dev/null
[restart] confirmed clean: no RAN processes running
[restart] launching gNB
[restart] gNB up, E2 agent alive
[restart] launching UE1 (embb, default netns)
[restart] UE1 attached
[restart] launching UE2 (mmtc, ue2ns)
[restart] UE2 attached
[restart] launching UE3 (urllc, ue3ns)
[restart] UE3 attached
[restart] verifying connectivity all 3 UEs
[restart] SUCCESS: all 3 UEs attached and reachable
[orchestrator] $ bash /home/kmanojp/oranslice_rig/experiments/scripts/health_check.sh
[health] FAIL: segfault signature in recent dmesg (RAN process)
[orchestrator] FATAL: rig unhealthy after max restart attempts, aborting rep
[n128] RETRY 3/3 for arm=baseline seed=975 --  deleting stale partial output first (Stage 11 append-corruption lesson)
=== 04:58:01 DRAIN before arm=baseline seed=975 ===
     rnti=16755: mean=5.00 PRB  max=5.00  n=10
     rnti=19004: mean=5.00 PRB  max=5.00  n=10
     rnti=55527: mean=5.00 PRB  max=5.00  n=10

Done. NEVER send SUBSCRIPTION-type messages: still assert(0!=0) in handle_subscription() on this OAI base (verified 2026-07-14).
=== 04:58:35 RUN arm=baseline seed=975 algo=baseline_static mode=sla episodes=5 ===
[orchestrator] === baseline rep_seed975 batch 0 (2 episodes, batch_seed=975000, 0/5 done so far) ===
[orchestrator] $ bash /home/kmanojp/oranslice_rig/experiments/scripts/health_check.sh
[health] FAIL: segfault signature in recent dmesg (RAN process)
[orchestrator] health check failed, restarting stack (attempt 1)
[orchestrator] $ bash /home/kmanojp/oranslice_rig/experiments/scripts/restart_ran_stack.sh
[restart] stopping all RAN processes and tmux sessions
/home/kmanojp/oranslice_rig/experiments/scripts/restart_ran_stack.sh: line 23: 1001827 Killed                  sudo pkill -9 -f "nr-uesoftmodem" 2> /dev/null
/home/kmanojp/oranslice_rig/experiments/scripts/restart_ran_stack.sh: line 24: 1001829 Killed                  sudo pkill -9 -f "nr-softmodem" 2> /dev/null
[restart] confirmed clean: no RAN processes running
[restart] launching gNB
[restart] gNB up, E2 agent alive
[restart] launching UE1 (embb, default netns)
[restart] UE1 attached
[restart] launching UE2 (mmtc, ue2ns)
[restart] UE2 attached
[restart] launching UE3 (urllc, ue3ns)
[restart] UE3 attached
[restart] verifying connectivity all 3 UEs
[restart] SUCCESS: all 3 UEs attached and reachable
[orchestrator] $ bash /home/kmanojp/oranslice_rig/experiments/scripts/health_check.sh
[health] FAIL: segfault signature in recent dmesg (RAN process)
[orchestrator] health check failed, restarting stack (attempt 2)
[orchestrator] $ bash /home/kmanojp/oranslice_rig/experiments/scripts/restart_ran_stack.sh
[restart] stopping all RAN processes and tmux sessions
/home/kmanojp/oranslice_rig/experiments/scripts/restart_ran_stack.sh: line 23: 1002719 Killed                  sudo pkill -9 -f "nr-uesoftmodem" 2> /dev/null
/home/kmanojp/oranslice_rig/experiments/scripts/restart_ran_stack.sh: line 24: 1002721 Killed                  sudo pkill -9 -f "nr-softmodem" 2> /dev/null
[restart] confirmed clean: no RAN processes running
[restart] launching gNB
[restart] gNB up, E2 agent alive
[restart] launching UE1 (embb, default netns)
[restart] UE1 attached
[restart] launching UE2 (mmtc, ue2ns)
[restart] UE2 attached
[restart] launching UE3 (urllc, ue3ns)
[restart] UE3 attached
[restart] verifying connectivity all 3 UEs
[restart] SUCCESS: all 3 UEs attached and reachable
[orchestrator] $ bash /home/kmanojp/oranslice_rig/experiments/scripts/health_check.sh
[health] FAIL: segfault signature in recent dmesg (RAN process)
[orchestrator] FATAL: rig unhealthy after max restart attempts, aborting rep
!!! FAILED arm=baseline seed=975 after 5 attempts (rc=1) -- moving on, not halting campaign !!!
=== 05:01:38 DRAIN before arm=dqn_sla seed=975 ===
     rnti=10707: mean=5.00 PRB  max=5.00  n=10
     rnti=31495: mean=5.00 PRB  max=5.00  n=10
     rnti=60930: mean=5.00 PRB  max=5.00  n=10

Done. NEVER send SUBSCRIPTION-type messages: still assert(0!=0) in handle_subscription() on this OAI base (verified 2026-07-14).
=== 05:02:13 RUN arm=dqn_sla seed=975 algo=dqn mode=sla episodes=5 ===
[orchestrator] === dqn_sla rep_seed975 batch 0 (2 episodes, batch_seed=975000, 0/5 done so far) ===
[orchestrator] $ bash /home/kmanojp/oranslice_rig/experiments/scripts/health_check.sh
[health] FAIL: segfault signature in recent dmesg (RAN process)
[orchestrator] health check failed, restarting stack (attempt 1)
[orchestrator] $ bash /home/kmanojp/oranslice_rig/experiments/scripts/restart_ran_stack.sh
[restart] stopping all RAN processes and tmux sessions
/home/kmanojp/oranslice_rig/experiments/scripts/restart_ran_stack.sh: line 23: 1003950 Killed                  sudo pkill -9 -f "nr-uesoftmodem" 2> /dev/null
/home/kmanojp/oranslice_rig/experiments/scripts/restart_ran_stack.sh: line 24: 1003952 Killed                  sudo pkill -9 -f "nr-softmodem" 2> /dev/null
[restart] confirmed clean: no RAN processes running
[restart] launching gNB
[restart] gNB up, E2 agent alive
[restart] launching UE1 (embb, default netns)
[restart] UE1 attached
[restart] launching UE2 (mmtc, ue2ns)
[restart] UE2 attached
[restart] launching UE3 (urllc, ue3ns)
[restart] UE3 attached
[restart] verifying connectivity all 3 UEs
[restart] SUCCESS: all 3 UEs attached and reachable
[orchestrator] $ bash /home/kmanojp/oranslice_rig/experiments/scripts/health_check.sh
[health] FAIL: segfault signature in recent dmesg (RAN process)
[orchestrator] health check failed, restarting stack (attempt 2)
[orchestrator] $ bash /home/kmanojp/oranslice_rig/experiments/scripts/restart_ran_stack.sh
[restart] stopping all RAN processes and tmux sessions
/home/kmanojp/oranslice_rig/experiments/scripts/restart_ran_stack.sh: line 23: 1004842 Killed                  sudo pkill -9 -f "nr-uesoftmodem" 2> /dev/null
/home/kmanojp/oranslice_rig/experiments/scripts/restart_ran_stack.sh: line 24: 1004844 Killed                  sudo pkill -9 -f "nr-softmodem" 2> /dev/null
[restart] confirmed clean: no RAN processes running
[restart] launching gNB
[restart] gNB up, E2 agent alive
[restart] launching UE1 (embb, default netns)
[restart] UE1 attached
[restart] launching UE2 (mmtc, ue2ns)
[restart] UE2 attached
[restart] launching UE3 (urllc, ue3ns)
[restart] UE3 attached
[restart] verifying connectivity all 3 UEs
[restart] SUCCESS: all 3 UEs attached and reachable
[orchestrator] $ bash /home/kmanojp/oranslice_rig/experiments/scripts/health_check.sh
[health] FAIL: segfault signature in recent dmesg (RAN process)
[orchestrator] FATAL: rig unhealthy after max restart attempts, aborting rep
[n128] RETRY 1/3 for arm=dqn_sla seed=975 --  deleting stale partial output first (Stage 11 append-corruption lesson)
=== 05:06:42 DRAIN before arm=dqn_sla seed=975 ===
     rnti=17373: mean=5.00 PRB  max=5.00  n=10
     rnti=41485: mean=5.00 PRB  max=5.00  n=10
     rnti=50161: mean=5.00 PRB  max=5.00  n=10

Done. NEVER send SUBSCRIPTION-type messages: still assert(0!=0) in handle_subscription() on this OAI base (verified 2026-07-14).
=== 05:07:17 RUN arm=dqn_sla seed=975 algo=dqn mode=sla episodes=5 ===
[orchestrator] === dqn_sla rep_seed975 batch 0 (2 episodes, batch_seed=975000, 0/5 done so far) ===
[orchestrator] $ bash /home/kmanojp/oranslice_rig/experiments/scripts/health_check.sh
[health] FAIL: segfault signature in recent dmesg (RAN process)
[orchestrator] health check failed, restarting stack (attempt 1)
[orchestrator] $ bash /home/kmanojp/oranslice_rig/experiments/scripts/restart_ran_stack.sh
[restart] stopping all RAN processes and tmux sessions
/home/kmanojp/oranslice_rig/experiments/scripts/restart_ran_stack.sh: line 23: 1006949 Killed                  sudo pkill -9 -f "nr-uesoftmodem" 2> /dev/null
/home/kmanojp/oranslice_rig/experiments/scripts/restart_ran_stack.sh: line 24: 1006951 Killed                  sudo pkill -9 -f "nr-softmodem" 2> /dev/null
[restart] confirmed clean: no RAN processes running
[restart] launching gNB
[restart] gNB up, E2 agent alive
[restart] launching UE1 (embb, default netns)
[restart] UE1 attached
[restart] launching UE2 (mmtc, ue2ns)
[restart] UE2 attached
[restart] launching UE3 (urllc, ue3ns)
[restart] UE3 attached
[restart] verifying connectivity all 3 UEs
[restart] SUCCESS: all 3 UEs attached and reachable
[orchestrator] $ bash /home/kmanojp/oranslice_rig/experiments/scripts/health_check.sh
[health] FAIL: segfault signature in recent dmesg (RAN process)
[orchestrator] health check failed, restarting stack (attempt 2)
[orchestrator] $ bash /home/kmanojp/oranslice_rig/experiments/scripts/restart_ran_stack.sh
[restart] stopping all RAN processes and tmux sessions
/home/kmanojp/oranslice_rig/experiments/scripts/restart_ran_stack.sh: line 23: 1007840 Killed                  sudo pkill -9 -f "nr-uesoftmodem" 2> /dev/null
/home/kmanojp/oranslice_rig/experiments/scripts/restart_ran_stack.sh: line 24: 1007842 Killed                  sudo pkill -9 -f "nr-softmodem" 2> /dev/null
[restart] confirmed clean: no RAN processes running
[restart] launching gNB
[restart] gNB up, E2 agent alive
[restart] launching UE1 (embb, default netns)
[restart] UE1 attached
[restart] launching UE2 (mmtc, ue2ns)
[restart] UE2 attached
[restart] launching UE3 (urllc, ue3ns)
[restart] UE3 attached
[restart] verifying connectivity all 3 UEs
[restart] SUCCESS: all 3 UEs attached and reachable
[orchestrator] $ bash /home/kmanojp/oranslice_rig/experiments/scripts/health_check.sh
[health] FAIL: segfault signature in recent dmesg (RAN process)
[orchestrator] FATAL: rig unhealthy after max restart attempts, aborting rep
[n128] RETRY 2/3 for arm=dqn_sla seed=975 --  deleting stale partial output first (Stage 11 append-corruption lesson)
=== 05:11:45 DRAIN before arm=dqn_sla seed=975 ===
     rnti=10987: mean=5.00 PRB  max=5.00  n=10
     rnti=13540: mean=5.00 PRB  max=5.00  n=10
     rnti=39466: mean=5.00 PRB  max=5.00  n=10

Done. NEVER send SUBSCRIPTION-type messages: still assert(0!=0) in handle_subscription() on this OAI base (verified 2026-07-14).
=== 05:12:20 RUN arm=dqn_sla seed=975 algo=dqn mode=sla episodes=5 ===
[orchestrator] === dqn_sla rep_seed975 batch 0 (2 episodes, batch_seed=975000, 0/5 done so far) ===
[orchestrator] $ bash /home/kmanojp/oranslice_rig/experiments/scripts/health_check.sh
[health] FAIL: segfault signature in recent dmesg (RAN process)
[orchestrator] health check failed, restarting stack (attempt 1)
[orchestrator] $ bash /home/kmanojp/oranslice_rig/experiments/scripts/restart_ran_stack.sh
[restart] stopping all RAN processes and tmux sessions
/home/kmanojp/oranslice_rig/experiments/scripts/restart_ran_stack.sh: line 23: 1009950 Killed                  sudo pkill -9 -f "nr-uesoftmodem" 2> /dev/null
/home/kmanojp/oranslice_rig/experiments/scripts/restart_ran_stack.sh: line 24: 1009954 Killed                  sudo pkill -9 -f "nr-softmodem" 2> /dev/null
[restart] confirmed clean: no RAN processes running
[restart] launching gNB
[restart] gNB up, E2 agent alive
[restart] launching UE1 (embb, default netns)
[restart] UE1 attached
[restart] launching UE2 (mmtc, ue2ns)
[restart] UE2 attached
[restart] launching UE3 (urllc, ue3ns)
[restart] UE3 attached
[restart] verifying connectivity all 3 UEs
[restart] SUCCESS: all 3 UEs attached and reachable
[orchestrator] $ bash /home/kmanojp/oranslice_rig/experiments/scripts/health_check.sh
[health] FAIL: segfault signature in recent dmesg (RAN process)
[orchestrator] health check failed, restarting stack (attempt 2)
[orchestrator] $ bash /home/kmanojp/oranslice_rig/experiments/scripts/restart_ran_stack.sh
[restart] stopping all RAN processes and tmux sessions
/home/kmanojp/oranslice_rig/experiments/scripts/restart_ran_stack.sh: line 23: 1010846 Killed                  sudo pkill -9 -f "nr-uesoftmodem" 2> /dev/null
/home/kmanojp/oranslice_rig/experiments/scripts/restart_ran_stack.sh: line 24: 1010848 Killed                  sudo pkill -9 -f "nr-softmodem" 2> /dev/null
[restart] confirmed clean: no RAN processes running
[restart] launching gNB
[restart] gNB up, E2 agent alive
[restart] launching UE1 (embb, default netns)
[restart] UE1 attached
[restart] launching UE2 (mmtc, ue2ns)
[restart] UE2 attached
[restart] launching UE3 (urllc, ue3ns)
[restart] UE3 attached
[restart] verifying connectivity all 3 UEs
[restart] SUCCESS: all 3 UEs attached and reachable
[orchestrator] $ bash /home/kmanojp/oranslice_rig/experiments/scripts/health_check.sh
[health] FAIL: segfault signature in recent dmesg (RAN process)
[orchestrator] FATAL: rig unhealthy after max restart attempts, aborting rep
[n128] RETRY 3/3 for arm=dqn_sla seed=975 --  deleting stale partial output first (Stage 11 append-corruption lesson)
=== 05:16:48 DRAIN before arm=dqn_sla seed=975 ===
     rnti=40551: mean=5.00 PRB  max=5.00  n=10
     rnti=42605: mean=5.00 PRB  max=5.00  n=10
     rnti=49742: mean=5.00 PRB  max=5.00  n=10

Done. NEVER send SUBSCRIPTION-type messages: still assert(0!=0) in handle_subscription() on this OAI base (verified 2026-07-14).
=== 05:17:23 RUN arm=dqn_sla seed=975 algo=dqn mode=sla episodes=5 ===
[orchestrator] === dqn_sla rep_seed975 batch 0 (2 episodes, batch_seed=975000, 0/5 done so far) ===
[orchestrator] $ bash /home/kmanojp/oranslice_rig/experiments/scripts/health_check.sh
[health] FAIL: segfault signature in recent dmesg (RAN process)
[orchestrator] health check failed, restarting stack (attempt 1)
[orchestrator] $ bash /home/kmanojp/oranslice_rig/experiments/scripts/restart_ran_stack.sh
[restart] stopping all RAN processes and tmux sessions
/home/kmanojp/oranslice_rig/experiments/scripts/restart_ran_stack.sh: line 23: 1012948 Killed                  sudo pkill -9 -f "nr-uesoftmodem" 2> /dev/null
/home/kmanojp/oranslice_rig/experiments/scripts/restart_ran_stack.sh: line 24: 1012950 Killed                  sudo pkill -9 -f "nr-softmodem" 2> /dev/null
[restart] confirmed clean: no RAN processes running
[restart] launching gNB
[restart] gNB up, E2 agent alive
[restart] launching UE1 (embb, default netns)
[restart] UE1 attached
[restart] launching UE2 (mmtc, ue2ns)
[restart] UE2 attached
[restart] launching UE3 (urllc, ue3ns)
[restart] UE3 attached
[restart] verifying connectivity all 3 UEs
[restart] SUCCESS: all 3 UEs attached and reachable
[orchestrator] $ bash /home/kmanojp/oranslice_rig/experiments/scripts/health_check.sh
[health] FAIL: segfault signature in recent dmesg (RAN process)
[orchestrator] health check failed, restarting stack (attempt 2)
[orchestrator] $ bash /home/kmanojp/oranslice_rig/experiments/scripts/restart_ran_stack.sh
[restart] stopping all RAN processes and tmux sessions
/home/kmanojp/oranslice_rig/experiments/scripts/restart_ran_stack.sh: line 23: 1013839 Killed                  sudo pkill -9 -f "nr-uesoftmodem" 2> /dev/null
/home/kmanojp/oranslice_rig/experiments/scripts/restart_ran_stack.sh: line 24: 1013841 Killed                  sudo pkill -9 -f "nr-softmodem" 2> /dev/null
[restart] confirmed clean: no RAN processes running
[restart] launching gNB
[restart] gNB up, E2 agent alive
[restart] launching UE1 (embb, default netns)
[restart] UE1 attached
[restart] launching UE2 (mmtc, ue2ns)
[restart] UE2 attached
[restart] launching UE3 (urllc, ue3ns)
[restart] UE3 attached
[restart] verifying connectivity all 3 UEs
[restart] SUCCESS: all 3 UEs attached and reachable
[orchestrator] $ bash /home/kmanojp/oranslice_rig/experiments/scripts/health_check.sh
[health] FAIL: segfault signature in recent dmesg (RAN process)
[orchestrator] FATAL: rig unhealthy after max restart attempts, aborting rep
!!! FAILED arm=dqn_sla seed=975 after 5 attempts (rc=1) -- moving on, not halting campaign !!!
=== seed=976 episodes=5 arm_order=static_at_cap baseline dqn_sla dqn_qoe ===
=== 05:20:26 DRAIN before arm=static_at_cap seed=976 ===
     rnti=7087: mean=5.00 PRB  max=5.00  n=10
     rnti=9732: mean=5.00 PRB  max=5.00  n=10
     rnti=24884: mean=5.00 PRB  max=5.00  n=10

Done. NEVER send SUBSCRIPTION-type messages: still assert(0!=0) in handle_subscription() on this OAI base (verified 2026-07-14).
=== 05:21:01 RUN arm=static_at_cap seed=976 algo=baseline_static mode=sla episodes=5 ===
[orchestrator] === static_at_cap rep_seed976 batch 0 (2 episodes, batch_seed=976000, 0/5 done so far) ===
[orchestrator] $ bash /home/kmanojp/oranslice_rig/experiments/scripts/health_check.sh
[health] FAIL: segfault signature in recent dmesg (RAN process)
[orchestrator] health check failed, restarting stack (attempt 1)
[orchestrator] $ bash /home/kmanojp/oranslice_rig/experiments/scripts/restart_ran_stack.sh
[restart] stopping all RAN processes and tmux sessions
/home/kmanojp/oranslice_rig/experiments/scripts/restart_ran_stack.sh: line 23: 1015070 Killed                  sudo pkill -9 -f "nr-uesoftmodem" 2> /dev/null
/home/kmanojp/oranslice_rig/experiments/scripts/restart_ran_stack.sh: line 24: 1015072 Killed                  sudo pkill -9 -f "nr-softmodem" 2> /dev/null
[restart] confirmed clean: no RAN processes running
[restart] launching gNB
[restart] gNB up, E2 agent alive
[restart] launching UE1 (embb, default netns)
[restart] UE1 attached
[restart] launching UE2 (mmtc, ue2ns)
[restart] UE2 attached
[restart] launching UE3 (urllc, ue3ns)
[restart] UE3 attached
[restart] verifying connectivity all 3 UEs
[restart] SUCCESS: all 3 UEs attached and reachable
[orchestrator] $ bash /home/kmanojp/oranslice_rig/experiments/scripts/health_check.sh
[health] FAIL: segfault signature in recent dmesg (RAN process)
[orchestrator] health check failed, restarting stack (attempt 2)
[orchestrator] $ bash /home/kmanojp/oranslice_rig/experiments/scripts/restart_ran_stack.sh
[restart] stopping all RAN processes and tmux sessions
/home/kmanojp/oranslice_rig/experiments/scripts/restart_ran_stack.sh: line 23: 1015959 Killed                  sudo pkill -9 -f "nr-uesoftmodem" 2> /dev/null
/home/kmanojp/oranslice_rig/experiments/scripts/restart_ran_stack.sh: line 24: 1015961 Killed                  sudo pkill -9 -f "nr-softmodem" 2> /dev/null
[restart] confirmed clean: no RAN processes running
[restart] launching gNB
[restart] gNB up, E2 agent alive
[restart] launching UE1 (embb, default netns)
[restart] UE1 attached
[restart] launching UE2 (mmtc, ue2ns)
[restart] UE2 attached
[restart] launching UE3 (urllc, ue3ns)
[restart] UE3 attached
[restart] verifying connectivity all 3 UEs
[restart] SUCCESS: all 3 UEs attached and reachable
[orchestrator] $ bash /home/kmanojp/oranslice_rig/experiments/scripts/health_check.sh
[health] FAIL: segfault signature in recent dmesg (RAN process)
[orchestrator] FATAL: rig unhealthy after max restart attempts, aborting rep
[n128] RETRY 1/3 for arm=static_at_cap seed=976 --  deleting stale partial output first (Stage 11 append-corruption lesson)
=== 05:25:29 DRAIN before arm=static_at_cap seed=976 ===
     rnti=18534: mean=5.00 PRB  max=5.00  n=10
     rnti=36005: mean=5.00 PRB  max=5.00  n=10
     rnti=58686: mean=5.00 PRB  max=5.00  n=10

Done. NEVER send SUBSCRIPTION-type messages: still assert(0!=0) in handle_subscription() on this OAI base (verified 2026-07-14).
=== 05:26:04 RUN arm=static_at_cap seed=976 algo=baseline_static mode=sla episodes=5 ===
[orchestrator] === static_at_cap rep_seed976 batch 0 (2 episodes, batch_seed=976000, 0/5 done so far) ===
[orchestrator] $ bash /home/kmanojp/oranslice_rig/experiments/scripts/health_check.sh
[health] FAIL: segfault signature in recent dmesg (RAN process)
[orchestrator] health check failed, restarting stack (attempt 1)
[orchestrator] $ bash /home/kmanojp/oranslice_rig/experiments/scripts/restart_ran_stack.sh
[restart] stopping all RAN processes and tmux sessions
/home/kmanojp/oranslice_rig/experiments/scripts/restart_ran_stack.sh: line 23: 1018059 Killed                  sudo pkill -9 -f "nr-uesoftmodem" 2> /dev/null
/home/kmanojp/oranslice_rig/experiments/scripts/restart_ran_stack.sh: line 24: 1018061 Killed                  sudo pkill -9 -f "nr-softmodem" 2> /dev/null
[restart] confirmed clean: no RAN processes running
[restart] launching gNB
[restart] gNB up, E2 agent alive
[restart] launching UE1 (embb, default netns)
[restart] UE1 attached
[restart] launching UE2 (mmtc, ue2ns)
[restart] UE2 attached
[restart] launching UE3 (urllc, ue3ns)
[restart] UE3 attached
[restart] verifying connectivity all 3 UEs
[restart] SUCCESS: all 3 UEs attached and reachable
[orchestrator] $ bash /home/kmanojp/oranslice_rig/experiments/scripts/health_check.sh
[health] FAIL: segfault signature in recent dmesg (RAN process)
[orchestrator] health check failed, restarting stack (attempt 2)
[orchestrator] $ bash /home/kmanojp/oranslice_rig/experiments/scripts/restart_ran_stack.sh
[restart] stopping all RAN processes and tmux sessions
/home/kmanojp/oranslice_rig/experiments/scripts/restart_ran_stack.sh: line 23: 1018948 Killed                  sudo pkill -9 -f "nr-uesoftmodem" 2> /dev/null
/home/kmanojp/oranslice_rig/experiments/scripts/restart_ran_stack.sh: line 24: 1018950 Killed                  sudo pkill -9 -f "nr-softmodem" 2> /dev/null
[restart] confirmed clean: no RAN processes running
[restart] launching gNB
[restart] gNB up, E2 agent alive
[restart] launching UE1 (embb, default netns)
[restart] UE1 attached
[restart] launching UE2 (mmtc, ue2ns)
[restart] UE2 attached
[restart] launching UE3 (urllc, ue3ns)
[restart] UE3 attached
[restart] verifying connectivity all 3 UEs
[restart] SUCCESS: all 3 UEs attached and reachable
[orchestrator] $ bash /home/kmanojp/oranslice_rig/experiments/scripts/health_check.sh
[health] FAIL: segfault signature in recent dmesg (RAN process)
[orchestrator] FATAL: rig unhealthy after max restart attempts, aborting rep
[n128] RETRY 2/3 for arm=static_at_cap seed=976 --  deleting stale partial output first (Stage 11 append-corruption lesson)
=== 05:30:32 DRAIN before arm=static_at_cap seed=976 ===
     rnti=9663: mean=5.00 PRB  max=5.00  n=10
     rnti=47869: mean=5.00 PRB  max=5.00  n=10
     rnti=53352: mean=5.00 PRB  max=5.00  n=10

Done. NEVER send SUBSCRIPTION-type messages: still assert(0!=0) in handle_subscription() on this OAI base (verified 2026-07-14).
=== 05:31:07 RUN arm=static_at_cap seed=976 algo=baseline_static mode=sla episodes=5 ===
[orchestrator] === static_at_cap rep_seed976 batch 0 (2 episodes, batch_seed=976000, 0/5 done so far) ===
[orchestrator] $ bash /home/kmanojp/oranslice_rig/experiments/scripts/health_check.sh
[health] FAIL: segfault signature in recent dmesg (RAN process)
[orchestrator] health check failed, restarting stack (attempt 1)
[orchestrator] $ bash /home/kmanojp/oranslice_rig/experiments/scripts/restart_ran_stack.sh
[restart] stopping all RAN processes and tmux sessions
/home/kmanojp/oranslice_rig/experiments/scripts/restart_ran_stack.sh: line 23: 1021055 Killed                  sudo pkill -9 -f "nr-uesoftmodem" 2> /dev/null
/home/kmanojp/oranslice_rig/experiments/scripts/restart_ran_stack.sh: line 24: 1021057 Killed                  sudo pkill -9 -f "nr-softmodem" 2> /dev/null
[restart] confirmed clean: no RAN processes running
[restart] launching gNB
[restart] gNB up, E2 agent alive
[restart] launching UE1 (embb, default netns)
[restart] UE1 attached
[restart] launching UE2 (mmtc, ue2ns)
[restart] UE2 attached
[restart] launching UE3 (urllc, ue3ns)
[restart] UE3 attached
[restart] verifying connectivity all 3 UEs
[restart] SUCCESS: all 3 UEs attached and reachable
[orchestrator] $ bash /home/kmanojp/oranslice_rig/experiments/scripts/health_check.sh
[health] FAIL: segfault signature in recent dmesg (RAN process)
[orchestrator] health check failed, restarting stack (attempt 2)
[orchestrator] $ bash /home/kmanojp/oranslice_rig/experiments/scripts/restart_ran_stack.sh
[restart] stopping all RAN processes and tmux sessions
/home/kmanojp/oranslice_rig/experiments/scripts/restart_ran_stack.sh: line 23: 1021944 Killed                  sudo pkill -9 -f "nr-uesoftmodem" 2> /dev/null
/home/kmanojp/oranslice_rig/experiments/scripts/restart_ran_stack.sh: line 24: 1021946 Killed                  sudo pkill -9 -f "nr-softmodem" 2> /dev/null
[restart] confirmed clean: no RAN processes running
[restart] launching gNB
[restart] gNB up, E2 agent alive
[restart] launching UE1 (embb, default netns)
[restart] UE1 attached
[restart] launching UE2 (mmtc, ue2ns)
[restart] UE2 attached
[restart] launching UE3 (urllc, ue3ns)
[restart] UE3 attached
[restart] verifying connectivity all 3 UEs
[restart] SUCCESS: all 3 UEs attached and reachable
[orchestrator] $ bash /home/kmanojp/oranslice_rig/experiments/scripts/health_check.sh
[health] FAIL: segfault signature in recent dmesg (RAN process)
[orchestrator] FATAL: rig unhealthy after max restart attempts, aborting rep
[n128] RETRY 3/3 for arm=static_at_cap seed=976 --  deleting stale partial output first (Stage 11 append-corruption lesson)
=== 05:35:36 DRAIN before arm=static_at_cap seed=976 ===
     rnti=1590: mean=5.00 PRB  max=5.00  n=10
     rnti=8278: mean=5.00 PRB  max=5.00  n=10
     rnti=16045: mean=5.00 PRB  max=5.00  n=10

Done. NEVER send SUBSCRIPTION-type messages: still assert(0!=0) in handle_subscription() on this OAI base (verified 2026-07-14).
=== 05:36:11 RUN arm=static_at_cap seed=976 algo=baseline_static mode=sla episodes=5 ===
[orchestrator] === static_at_cap rep_seed976 batch 0 (2 episodes, batch_seed=976000, 0/5 done so far) ===
[orchestrator] $ bash /home/kmanojp/oranslice_rig/experiments/scripts/health_check.sh
[health] FAIL: segfault signature in recent dmesg (RAN process)
[orchestrator] health check failed, restarting stack (attempt 1)
[orchestrator] $ bash /home/kmanojp/oranslice_rig/experiments/scripts/restart_ran_stack.sh
[restart] stopping all RAN processes and tmux sessions
/home/kmanojp/oranslice_rig/experiments/scripts/restart_ran_stack.sh: line 23: 1024059 Killed                  sudo pkill -9 -f "nr-uesoftmodem" 2> /dev/null
/home/kmanojp/oranslice_rig/experiments/scripts/restart_ran_stack.sh: line 24: 1024061 Killed                  sudo pkill -9 -f "nr-softmodem" 2> /dev/null
[restart] confirmed clean: no RAN processes running
[restart] launching gNB
[restart] gNB up, E2 agent alive
[restart] launching UE1 (embb, default netns)
[restart] UE1 attached
[restart] launching UE2 (mmtc, ue2ns)
[restart] UE2 attached
[restart] launching UE3 (urllc, ue3ns)
[restart] UE3 attached
[restart] verifying connectivity all 3 UEs
[restart] SUCCESS: all 3 UEs attached and reachable
[orchestrator] $ bash /home/kmanojp/oranslice_rig/experiments/scripts/health_check.sh
[health] FAIL: segfault signature in recent dmesg (RAN process)
[orchestrator] health check failed, restarting stack (attempt 2)
[orchestrator] $ bash /home/kmanojp/oranslice_rig/experiments/scripts/restart_ran_stack.sh
[restart] stopping all RAN processes and tmux sessions
/home/kmanojp/oranslice_rig/experiments/scripts/restart_ran_stack.sh: line 23: 1024961 Killed                  sudo pkill -9 -f "nr-uesoftmodem" 2> /dev/null
/home/kmanojp/oranslice_rig/experiments/scripts/restart_ran_stack.sh: line 24: 1024963 Killed                  sudo pkill -9 -f "nr-softmodem" 2> /dev/null
[restart] confirmed clean: no RAN processes running
[restart] launching gNB
[restart] gNB up, E2 agent alive
[restart] launching UE1 (embb, default netns)
[restart] UE1 attached
[restart] launching UE2 (mmtc, ue2ns)
[restart] UE2 attached
[restart] launching UE3 (urllc, ue3ns)
[restart] UE3 attached
[restart] verifying connectivity all 3 UEs
[restart] SUCCESS: all 3 UEs attached and reachable
[orchestrator] $ bash /home/kmanojp/oranslice_rig/experiments/scripts/health_check.sh
[health] FAIL: segfault signature in recent dmesg (RAN process)
[orchestrator] FATAL: rig unhealthy after max restart attempts, aborting rep
!!! FAILED arm=static_at_cap seed=976 after 5 attempts (rc=1) -- moving on, not halting campaign !!!
=== 05:39:13 DRAIN before arm=baseline seed=976 ===
     rnti=8976: mean=5.00 PRB  max=5.00  n=10
     rnti=31257: mean=5.00 PRB  max=5.00  n=10
     rnti=42538: mean=5.00 PRB  max=5.00  n=10

Done. NEVER send SUBSCRIPTION-type messages: still assert(0!=0) in handle_subscription() on this OAI base (verified 2026-07-14).
=== 05:39:48 RUN arm=baseline seed=976 algo=baseline_static mode=sla episodes=5 ===
[orchestrator] === baseline rep_seed976 batch 0 (2 episodes, batch_seed=976000, 0/5 done so far) ===
[orchestrator] $ bash /home/kmanojp/oranslice_rig/experiments/scripts/health_check.sh
[health] FAIL: segfault signature in recent dmesg (RAN process)
[orchestrator] health check failed, restarting stack (attempt 1)
[orchestrator] $ bash /home/kmanojp/oranslice_rig/experiments/scripts/restart_ran_stack.sh
[restart] stopping all RAN processes and tmux sessions
/home/kmanojp/oranslice_rig/experiments/scripts/restart_ran_stack.sh: line 23: 1026187 Killed                  sudo pkill -9 -f "nr-uesoftmodem" 2> /dev/null
/home/kmanojp/oranslice_rig/experiments/scripts/restart_ran_stack.sh: line 24: 1026189 Killed                  sudo pkill -9 -f "nr-softmodem" 2> /dev/null
[restart] confirmed clean: no RAN processes running
[restart] launching gNB
[restart] gNB up, E2 agent alive
[restart] launching UE1 (embb, default netns)
[restart] UE1 attached
[restart] launching UE2 (mmtc, ue2ns)
[restart] UE2 attached
[restart] launching UE3 (urllc, ue3ns)
[restart] UE3 attached
[restart] verifying connectivity all 3 UEs
[restart] SUCCESS: all 3 UEs attached and reachable
[orchestrator] $ bash /home/kmanojp/oranslice_rig/experiments/scripts/health_check.sh
[health] FAIL: segfault signature in recent dmesg (RAN process)
[orchestrator] health check failed, restarting stack (attempt 2)
[orchestrator] $ bash /home/kmanojp/oranslice_rig/experiments/scripts/restart_ran_stack.sh
[restart] stopping all RAN processes and tmux sessions
/home/kmanojp/oranslice_rig/experiments/scripts/restart_ran_stack.sh: line 23: 1027078 Killed                  sudo pkill -9 -f "nr-uesoftmodem" 2> /dev/null
/home/kmanojp/oranslice_rig/experiments/scripts/restart_ran_stack.sh: line 24: 1027080 Killed                  sudo pkill -9 -f "nr-softmodem" 2> /dev/null
[restart] confirmed clean: no RAN processes running
[restart] launching gNB
[restart] gNB up, E2 agent alive
[restart] launching UE1 (embb, default netns)
[restart] UE1 attached
[restart] launching UE2 (mmtc, ue2ns)
[restart] UE2 attached
[restart] launching UE3 (urllc, ue3ns)
[restart] UE3 attached
[restart] verifying connectivity all 3 UEs
[restart] SUCCESS: all 3 UEs attached and reachable
[orchestrator] $ bash /home/kmanojp/oranslice_rig/experiments/scripts/health_check.sh
[health] FAIL: segfault signature in recent dmesg (RAN process)
[orchestrator] FATAL: rig unhealthy after max restart attempts, aborting rep
[n128] RETRY 1/3 for arm=baseline seed=976 --  deleting stale partial output first (Stage 11 append-corruption lesson)
=== 05:44:17 DRAIN before arm=baseline seed=976 ===
     rnti=13357: mean=5.00 PRB  max=5.00  n=10
     rnti=39266: mean=5.00 PRB  max=5.00  n=10
     rnti=58156: mean=5.00 PRB  max=5.00  n=10

Done. NEVER send SUBSCRIPTION-type messages: still assert(0!=0) in handle_subscription() on this OAI base (verified 2026-07-14).
=== 05:44:51 RUN arm=baseline seed=976 algo=baseline_static mode=sla episodes=5 ===
[orchestrator] === baseline rep_seed976 batch 0 (2 episodes, batch_seed=976000, 0/5 done so far) ===
[orchestrator] $ bash /home/kmanojp/oranslice_rig/experiments/scripts/health_check.sh
[health] FAIL: segfault signature in recent dmesg (RAN process)
[orchestrator] health check failed, restarting stack (attempt 1)
[orchestrator] $ bash /home/kmanojp/oranslice_rig/experiments/scripts/restart_ran_stack.sh
[restart] stopping all RAN processes and tmux sessions
/home/kmanojp/oranslice_rig/experiments/scripts/restart_ran_stack.sh: line 23: 1029185 Killed                  sudo pkill -9 -f "nr-uesoftmodem" 2> /dev/null
/home/kmanojp/oranslice_rig/experiments/scripts/restart_ran_stack.sh: line 24: 1029187 Killed                  sudo pkill -9 -f "nr-softmodem" 2> /dev/null
[restart] confirmed clean: no RAN processes running
[restart] launching gNB
[restart] gNB up, E2 agent alive
[restart] launching UE1 (embb, default netns)
[restart] UE1 attached
[restart] launching UE2 (mmtc, ue2ns)
[restart] UE2 attached
[restart] launching UE3 (urllc, ue3ns)
[restart] UE3 attached
[restart] verifying connectivity all 3 UEs
[restart] SUCCESS: all 3 UEs attached and reachable
[orchestrator] $ bash /home/kmanojp/oranslice_rig/experiments/scripts/health_check.sh
[health] FAIL: segfault signature in recent dmesg (RAN process)
[orchestrator] health check failed, restarting stack (attempt 2)
[orchestrator] $ bash /home/kmanojp/oranslice_rig/experiments/scripts/restart_ran_stack.sh
[restart] stopping all RAN processes and tmux sessions
/home/kmanojp/oranslice_rig/experiments/scripts/restart_ran_stack.sh: line 23: 1030078 Killed                  sudo pkill -9 -f "nr-uesoftmodem" 2> /dev/null
/home/kmanojp/oranslice_rig/experiments/scripts/restart_ran_stack.sh: line 24: 1030080 Killed                  sudo pkill -9 -f "nr-softmodem" 2> /dev/null
[restart] confirmed clean: no RAN processes running
[restart] launching gNB
[restart] gNB up, E2 agent alive
[restart] launching UE1 (embb, default netns)
[restart] UE1 attached
[restart] launching UE2 (mmtc, ue2ns)
[restart] UE2 attached
[restart] launching UE3 (urllc, ue3ns)
[restart] UE3 attached
[restart] verifying connectivity all 3 UEs
[restart] SUCCESS: all 3 UEs attached and reachable
[orchestrator] $ bash /home/kmanojp/oranslice_rig/experiments/scripts/health_check.sh
[health] FAIL: segfault signature in recent dmesg (RAN process)
[orchestrator] FATAL: rig unhealthy after max restart attempts, aborting rep
[n128] RETRY 2/3 for arm=baseline seed=976 --  deleting stale partial output first (Stage 11 append-corruption lesson)
=== 05:49:20 DRAIN before arm=baseline seed=976 ===
     rnti=27979: mean=5.00 PRB  max=5.00  n=10
     rnti=42939: mean=5.00 PRB  max=5.00  n=10
     rnti=53706: mean=5.00 PRB  max=5.00  n=10

Done. NEVER send SUBSCRIPTION-type messages: still assert(0!=0) in handle_subscription() on this OAI base (verified 2026-07-14).
=== 05:49:55 RUN arm=baseline seed=976 algo=baseline_static mode=sla episodes=5 ===
[orchestrator] === baseline rep_seed976 batch 0 (2 episodes, batch_seed=976000, 0/5 done so far) ===
[orchestrator] $ bash /home/kmanojp/oranslice_rig/experiments/scripts/health_check.sh
[health] FAIL: segfault signature in recent dmesg (RAN process)
[orchestrator] health check failed, restarting stack (attempt 1)
[orchestrator] $ bash /home/kmanojp/oranslice_rig/experiments/scripts/restart_ran_stack.sh
[restart] stopping all RAN processes and tmux sessions
/home/kmanojp/oranslice_rig/experiments/scripts/restart_ran_stack.sh: line 23: 1032180 Killed                  sudo pkill -9 -f "nr-uesoftmodem" 2> /dev/null
/home/kmanojp/oranslice_rig/experiments/scripts/restart_ran_stack.sh: line 24: 1032182 Killed                  sudo pkill -9 -f "nr-softmodem" 2> /dev/null
[restart] confirmed clean: no RAN processes running
[restart] launching gNB
[restart] gNB up, E2 agent alive
[restart] launching UE1 (embb, default netns)
[restart] UE1 attached
[restart] launching UE2 (mmtc, ue2ns)
[restart] UE2 attached
[restart] launching UE3 (urllc, ue3ns)
[restart] UE3 attached
[restart] verifying connectivity all 3 UEs
[restart] SUCCESS: all 3 UEs attached and reachable
[orchestrator] $ bash /home/kmanojp/oranslice_rig/experiments/scripts/health_check.sh
[health] FAIL: segfault signature in recent dmesg (RAN process)
[orchestrator] health check failed, restarting stack (attempt 2)
[orchestrator] $ bash /home/kmanojp/oranslice_rig/experiments/scripts/restart_ran_stack.sh
[restart] stopping all RAN processes and tmux sessions
/home/kmanojp/oranslice_rig/experiments/scripts/restart_ran_stack.sh: line 23: 1033073 Killed                  sudo pkill -9 -f "nr-uesoftmodem" 2> /dev/null
/home/kmanojp/oranslice_rig/experiments/scripts/restart_ran_stack.sh: line 24: 1033075 Killed                  sudo pkill -9 -f "nr-softmodem" 2> /dev/null
[restart] confirmed clean: no RAN processes running
[restart] launching gNB
[restart] gNB up, E2 agent alive
[restart] launching UE1 (embb, default netns)
[restart] UE1 attached
[restart] launching UE2 (mmtc, ue2ns)
[restart] UE2 attached
[restart] launching UE3 (urllc, ue3ns)
[restart] UE3 attached
[restart] verifying connectivity all 3 UEs
[restart] SUCCESS: all 3 UEs attached and reachable
[orchestrator] $ bash /home/kmanojp/oranslice_rig/experiments/scripts/health_check.sh
[health] FAIL: segfault signature in recent dmesg (RAN process)
[orchestrator] FATAL: rig unhealthy after max restart attempts, aborting rep
[n128] RETRY 3/3 for arm=baseline seed=976 --  deleting stale partial output first (Stage 11 append-corruption lesson)
=== 05:54:23 DRAIN before arm=baseline seed=976 ===
     rnti=7425: mean=5.00 PRB  max=5.00  n=10
     rnti=14118: mean=5.00 PRB  max=5.00  n=10
     rnti=42588: mean=5.00 PRB  max=5.00  n=10

Done. NEVER send SUBSCRIPTION-type messages: still assert(0!=0) in handle_subscription() on this OAI base (verified 2026-07-14).
=== 05:54:58 RUN arm=baseline seed=976 algo=baseline_static mode=sla episodes=5 ===
[orchestrator] === baseline rep_seed976 batch 0 (2 episodes, batch_seed=976000, 0/5 done so far) ===
[orchestrator] $ bash /home/kmanojp/oranslice_rig/experiments/scripts/health_check.sh
[health] FAIL: segfault signature in recent dmesg (RAN process)
[orchestrator] health check failed, restarting stack (attempt 1)
[orchestrator] $ bash /home/kmanojp/oranslice_rig/experiments/scripts/restart_ran_stack.sh
[restart] stopping all RAN processes and tmux sessions
/home/kmanojp/oranslice_rig/experiments/scripts/restart_ran_stack.sh: line 23: 1035173 Killed                  sudo pkill -9 -f "nr-uesoftmodem" 2> /dev/null
/home/kmanojp/oranslice_rig/experiments/scripts/restart_ran_stack.sh: line 24: 1035175 Killed                  sudo pkill -9 -f "nr-softmodem" 2> /dev/null
[restart] confirmed clean: no RAN processes running
[restart] launching gNB
[restart] gNB up, E2 agent alive
[restart] launching UE1 (embb, default netns)
[restart] UE1 attached
[restart] launching UE2 (mmtc, ue2ns)
[restart] UE2 attached
[restart] launching UE3 (urllc, ue3ns)
[restart] UE3 attached
[restart] verifying connectivity all 3 UEs
[restart] SUCCESS: all 3 UEs attached and reachable
[orchestrator] $ bash /home/kmanojp/oranslice_rig/experiments/scripts/health_check.sh
[health] FAIL: segfault signature in recent dmesg (RAN process)
[orchestrator] health check failed, restarting stack (attempt 2)
[orchestrator] $ bash /home/kmanojp/oranslice_rig/experiments/scripts/restart_ran_stack.sh
[restart] stopping all RAN processes and tmux sessions
/home/kmanojp/oranslice_rig/experiments/scripts/restart_ran_stack.sh: line 23: 1036071 Killed                  sudo pkill -9 -f "nr-uesoftmodem" 2> /dev/null
/home/kmanojp/oranslice_rig/experiments/scripts/restart_ran_stack.sh: line 24: 1036073 Killed                  sudo pkill -9 -f "nr-softmodem" 2> /dev/null
[restart] confirmed clean: no RAN processes running
[restart] launching gNB
[restart] gNB up, E2 agent alive
[restart] launching UE1 (embb, default netns)
[restart] UE1 attached
[restart] launching UE2 (mmtc, ue2ns)
[restart] UE2 attached
[restart] launching UE3 (urllc, ue3ns)
[restart] UE3 attached
[restart] verifying connectivity all 3 UEs
[restart] SUCCESS: all 3 UEs attached and reachable
[orchestrator] $ bash /home/kmanojp/oranslice_rig/experiments/scripts/health_check.sh
[health] FAIL: segfault signature in recent dmesg (RAN process)
[orchestrator] FATAL: rig unhealthy after max restart attempts, aborting rep
!!! FAILED arm=baseline seed=976 after 5 attempts (rc=1) -- moving on, not halting campaign !!!
=== 05:58:02 DRAIN before arm=dqn_sla seed=976 ===
     rnti=27715: mean=5.00 PRB  max=5.00  n=10
     rnti=35618: mean=5.00 PRB  max=5.00  n=10
     rnti=38320: mean=5.00 PRB  max=5.00  n=10

Done. NEVER send SUBSCRIPTION-type messages: still assert(0!=0) in handle_subscription() on this OAI base (verified 2026-07-14).
=== 05:58:37 RUN arm=dqn_sla seed=976 algo=dqn mode=sla episodes=5 ===
[orchestrator] === dqn_sla rep_seed976 batch 0 (2 episodes, batch_seed=976000, 0/5 done so far) ===
[orchestrator] $ bash /home/kmanojp/oranslice_rig/experiments/scripts/health_check.sh
[health] FAIL: segfault signature in recent dmesg (RAN process)
[orchestrator] health check failed, restarting stack (attempt 1)
[orchestrator] $ bash /home/kmanojp/oranslice_rig/experiments/scripts/restart_ran_stack.sh
[restart] stopping all RAN processes and tmux sessions
/home/kmanojp/oranslice_rig/experiments/scripts/restart_ran_stack.sh: line 23: 1037295 Killed                  sudo pkill -9 -f "nr-uesoftmodem" 2> /dev/null
/home/kmanojp/oranslice_rig/experiments/scripts/restart_ran_stack.sh: line 24: 1037297 Killed                  sudo pkill -9 -f "nr-softmodem" 2> /dev/null
[restart] confirmed clean: no RAN processes running
[restart] launching gNB
[restart] gNB up, E2 agent alive
[restart] launching UE1 (embb, default netns)
[restart] UE1 attached
[restart] launching UE2 (mmtc, ue2ns)
[restart] UE2 attached
[restart] launching UE3 (urllc, ue3ns)
[restart] UE3 attached
[restart] verifying connectivity all 3 UEs
[restart] SUCCESS: all 3 UEs attached and reachable
[orchestrator] $ bash /home/kmanojp/oranslice_rig/experiments/scripts/health_check.sh
[health] FAIL: segfault signature in recent dmesg (RAN process)
[orchestrator] health check failed, restarting stack (attempt 2)
[orchestrator] $ bash /home/kmanojp/oranslice_rig/experiments/scripts/restart_ran_stack.sh
[restart] stopping all RAN processes and tmux sessions
/home/kmanojp/oranslice_rig/experiments/scripts/restart_ran_stack.sh: line 23: 1038189 Killed                  sudo pkill -9 -f "nr-uesoftmodem" 2> /dev/null
/home/kmanojp/oranslice_rig/experiments/scripts/restart_ran_stack.sh: line 24: 1038191 Killed                  sudo pkill -9 -f "nr-softmodem" 2> /dev/null
[restart] confirmed clean: no RAN processes running
[restart] launching gNB
[restart] gNB up, E2 agent alive
[restart] launching UE1 (embb, default netns)
[restart] UE1 attached
[restart] launching UE2 (mmtc, ue2ns)
[restart] UE2 attached
[restart] launching UE3 (urllc, ue3ns)
[restart] UE3 attached
[restart] verifying connectivity all 3 UEs
[restart] SUCCESS: all 3 UEs attached and reachable
[orchestrator] $ bash /home/kmanojp/oranslice_rig/experiments/scripts/health_check.sh
[health] FAIL: segfault signature in recent dmesg (RAN process)
[orchestrator] FATAL: rig unhealthy after max restart attempts, aborting rep
[n128] RETRY 1/3 for arm=dqn_sla seed=976 --  deleting stale partial output first (Stage 11 append-corruption lesson)
=== 06:03:07 DRAIN before arm=dqn_sla seed=976 ===
     rnti=469: mean=5.00 PRB  max=5.00  n=10
     rnti=1819: mean=5.00 PRB  max=5.00  n=10
     rnti=27765: mean=5.00 PRB  max=5.00  n=10

Done. NEVER send SUBSCRIPTION-type messages: still assert(0!=0) in handle_subscription() on this OAI base (verified 2026-07-14).
=== 06:03:41 RUN arm=dqn_sla seed=976 algo=dqn mode=sla episodes=5 ===
[orchestrator] === dqn_sla rep_seed976 batch 0 (2 episodes, batch_seed=976000, 0/5 done so far) ===
[orchestrator] $ bash /home/kmanojp/oranslice_rig/experiments/scripts/health_check.sh
[health] FAIL: segfault signature in recent dmesg (RAN process)
[orchestrator] health check failed, restarting stack (attempt 1)
[orchestrator] $ bash /home/kmanojp/oranslice_rig/experiments/scripts/restart_ran_stack.sh
[restart] stopping all RAN processes and tmux sessions
/home/kmanojp/oranslice_rig/experiments/scripts/restart_ran_stack.sh: line 23: 1040309 Killed                  sudo pkill -9 -f "nr-uesoftmodem" 2> /dev/null
/home/kmanojp/oranslice_rig/experiments/scripts/restart_ran_stack.sh: line 24: 1040311 Killed                  sudo pkill -9 -f "nr-softmodem" 2> /dev/null
[restart] confirmed clean: no RAN processes running
[restart] launching gNB
[restart] gNB up, E2 agent alive
[restart] launching UE1 (embb, default netns)
[restart] UE1 attached
[restart] launching UE2 (mmtc, ue2ns)
[restart] UE2 attached
[restart] launching UE3 (urllc, ue3ns)
[restart] UE3 attached
[restart] verifying connectivity all 3 UEs
[restart] SUCCESS: all 3 UEs attached and reachable
[orchestrator] $ bash /home/kmanojp/oranslice_rig/experiments/scripts/health_check.sh
[health] FAIL: segfault signature in recent dmesg (RAN process)
[orchestrator] health check failed, restarting stack (attempt 2)
[orchestrator] $ bash /home/kmanojp/oranslice_rig/experiments/scripts/restart_ran_stack.sh
[restart] stopping all RAN processes and tmux sessions
/home/kmanojp/oranslice_rig/experiments/scripts/restart_ran_stack.sh: line 23: 1041209 Killed                  sudo pkill -9 -f "nr-uesoftmodem" 2> /dev/null
/home/kmanojp/oranslice_rig/experiments/scripts/restart_ran_stack.sh: line 24: 1041211 Killed                  sudo pkill -9 -f "nr-softmodem" 2> /dev/null
[restart] confirmed clean: no RAN processes running
[restart] launching gNB
[restart] gNB up, E2 agent alive
[restart] launching UE1 (embb, default netns)
[restart] UE1 attached
[restart] launching UE2 (mmtc, ue2ns)
[restart] UE2 attached
[restart] launching UE3 (urllc, ue3ns)
[restart] UE3 attached
[restart] verifying connectivity all 3 UEs
[restart] SUCCESS: all 3 UEs attached and reachable
[orchestrator] $ bash /home/kmanojp/oranslice_rig/experiments/scripts/health_check.sh
[health] FAIL: segfault signature in recent dmesg (RAN process)
[orchestrator] FATAL: rig unhealthy after max restart attempts, aborting rep
[n128] RETRY 2/3 for arm=dqn_sla seed=976 --  deleting stale partial output first (Stage 11 append-corruption lesson)
=== 06:08:10 DRAIN before arm=dqn_sla seed=976 ===
     rnti=11038: mean=5.00 PRB  max=5.00  n=10
     rnti=12738: mean=5.00 PRB  max=5.00  n=10
     rnti=59861: mean=5.00 PRB  max=5.00  n=10

Done. NEVER send SUBSCRIPTION-type messages: still assert(0!=0) in handle_subscription() on this OAI base (verified 2026-07-14).
=== 06:08:45 RUN arm=dqn_sla seed=976 algo=dqn mode=sla episodes=5 ===
[orchestrator] === dqn_sla rep_seed976 batch 0 (2 episodes, batch_seed=976000, 0/5 done so far) ===
[orchestrator] $ bash /home/kmanojp/oranslice_rig/experiments/scripts/health_check.sh
[health] FAIL: segfault signature in recent dmesg (RAN process)
[orchestrator] health check failed, restarting stack (attempt 1)
[orchestrator] $ bash /home/kmanojp/oranslice_rig/experiments/scripts/restart_ran_stack.sh
[restart] stopping all RAN processes and tmux sessions
/home/kmanojp/oranslice_rig/experiments/scripts/restart_ran_stack.sh: line 23: 1043305 Killed                  sudo pkill -9 -f "nr-uesoftmodem" 2> /dev/null
/home/kmanojp/oranslice_rig/experiments/scripts/restart_ran_stack.sh: line 24: 1043307 Killed                  sudo pkill -9 -f "nr-softmodem" 2> /dev/null
[restart] confirmed clean: no RAN processes running
[restart] launching gNB
[restart] gNB up, E2 agent alive
[restart] launching UE1 (embb, default netns)
[restart] UE1 attached
[restart] launching UE2 (mmtc, ue2ns)
[restart] UE2 attached
[restart] launching UE3 (urllc, ue3ns)
[restart] UE3 attached
[restart] verifying connectivity all 3 UEs
[restart] SUCCESS: all 3 UEs attached and reachable
[orchestrator] $ bash /home/kmanojp/oranslice_rig/experiments/scripts/health_check.sh
[health] FAIL: segfault signature in recent dmesg (RAN process)
[orchestrator] health check failed, restarting stack (attempt 2)
[orchestrator] $ bash /home/kmanojp/oranslice_rig/experiments/scripts/restart_ran_stack.sh
[restart] stopping all RAN processes and tmux sessions
/home/kmanojp/oranslice_rig/experiments/scripts/restart_ran_stack.sh: line 23: 1044197 Killed                  sudo pkill -9 -f "nr-uesoftmodem" 2> /dev/null
/home/kmanojp/oranslice_rig/experiments/scripts/restart_ran_stack.sh: line 24: 1044199 Killed                  sudo pkill -9 -f "nr-softmodem" 2> /dev/null
[restart] confirmed clean: no RAN processes running
[restart] launching gNB
[restart] gNB up, E2 agent alive
[restart] launching UE1 (embb, default netns)
[restart] UE1 attached
[restart] launching UE2 (mmtc, ue2ns)
[restart] UE2 attached
[restart] launching UE3 (urllc, ue3ns)
[restart] UE3 attached
[restart] verifying connectivity all 3 UEs
[restart] SUCCESS: all 3 UEs attached and reachable
[orchestrator] $ bash /home/kmanojp/oranslice_rig/experiments/scripts/health_check.sh
[health] FAIL: segfault signature in recent dmesg (RAN process)
[orchestrator] FATAL: rig unhealthy after max restart attempts, aborting rep
[n128] RETRY 3/3 for arm=dqn_sla seed=976 --  deleting stale partial output first (Stage 11 append-corruption lesson)
=== 06:13:13 DRAIN before arm=dqn_sla seed=976 ===
     rnti=28636: mean=5.00 PRB  max=5.00  n=10
     rnti=36959: mean=5.00 PRB  max=5.00  n=10
     rnti=64405: mean=5.00 PRB  max=5.00  n=10

Done. NEVER send SUBSCRIPTION-type messages: still assert(0!=0) in handle_subscription() on this OAI base (verified 2026-07-14).
=== 06:13:48 RUN arm=dqn_sla seed=976 algo=dqn mode=sla episodes=5 ===
[orchestrator] === dqn_sla rep_seed976 batch 0 (2 episodes, batch_seed=976000, 0/5 done so far) ===
[orchestrator] $ bash /home/kmanojp/oranslice_rig/experiments/scripts/health_check.sh
[health] FAIL: segfault signature in recent dmesg (RAN process)
[orchestrator] health check failed, restarting stack (attempt 1)
[orchestrator] $ bash /home/kmanojp/oranslice_rig/experiments/scripts/restart_ran_stack.sh
[restart] stopping all RAN processes and tmux sessions
/home/kmanojp/oranslice_rig/experiments/scripts/restart_ran_stack.sh: line 23: 1046426 Killed                  sudo pkill -9 -f "nr-uesoftmodem" 2> /dev/null
/home/kmanojp/oranslice_rig/experiments/scripts/restart_ran_stack.sh: line 24: 1046428 Killed                  sudo pkill -9 -f "nr-softmodem" 2> /dev/null
[restart] confirmed clean: no RAN processes running
[restart] launching gNB
[restart] gNB up, E2 agent alive
[restart] launching UE1 (embb, default netns)
[restart] UE1 attached
[restart] launching UE2 (mmtc, ue2ns)
[restart] UE2 attached
[restart] launching UE3 (urllc, ue3ns)
[restart] UE3 attached
[restart] verifying connectivity all 3 UEs
[restart] SUCCESS: all 3 UEs attached and reachable
[orchestrator] $ bash /home/kmanojp/oranslice_rig/experiments/scripts/health_check.sh
[health] FAIL: segfault signature in recent dmesg (RAN process)
[orchestrator] health check failed, restarting stack (attempt 2)
[orchestrator] $ bash /home/kmanojp/oranslice_rig/experiments/scripts/restart_ran_stack.sh
[restart] stopping all RAN processes and tmux sessions
/home/kmanojp/oranslice_rig/experiments/scripts/restart_ran_stack.sh: line 23: 1047322 Killed                  sudo pkill -9 -f "nr-uesoftmodem" 2> /dev/null
/home/kmanojp/oranslice_rig/experiments/scripts/restart_ran_stack.sh: line 24: 1047324 Killed                  sudo pkill -9 -f "nr-softmodem" 2> /dev/null
[restart] confirmed clean: no RAN processes running
[restart] launching gNB
[restart] gNB up, E2 agent alive
[restart] launching UE1 (embb, default netns)
[restart] UE1 attached
[restart] launching UE2 (mmtc, ue2ns)
[restart] UE2 attached
[restart] launching UE3 (urllc, ue3ns)
[restart] UE3 attached
[restart] verifying connectivity all 3 UEs
[restart] SUCCESS: all 3 UEs attached and reachable
[orchestrator] $ bash /home/kmanojp/oranslice_rig/experiments/scripts/health_check.sh
[health] FAIL: segfault signature in recent dmesg (RAN process)
[orchestrator] FATAL: rig unhealthy after max restart attempts, aborting rep
!!! FAILED arm=dqn_sla seed=976 after 5 attempts (rc=1) -- moving on, not halting campaign !!!
=== 06:16:51 DRAIN before arm=dqn_qoe seed=976 ===
     rnti=7934: mean=5.00 PRB  max=5.00  n=10
     rnti=56837: mean=5.00 PRB  max=5.00  n=10
     rnti=58760: mean=5.00 PRB  max=5.00  n=10

Done. NEVER send SUBSCRIPTION-type messages: still assert(0!=0) in handle_subscription() on this OAI base (verified 2026-07-14).
=== 06:17:26 RUN arm=dqn_qoe seed=976 algo=dqn mode=qoe episodes=5 ===
[orchestrator] === dqn_qoe rep_seed976 batch 0 (2 episodes, batch_seed=976000, 0/5 done so far) ===
[orchestrator] $ bash /home/kmanojp/oranslice_rig/experiments/scripts/health_check.sh
[health] FAIL: segfault signature in recent dmesg (RAN process)
[orchestrator] health check failed, restarting stack (attempt 1)
[orchestrator] $ bash /home/kmanojp/oranslice_rig/experiments/scripts/restart_ran_stack.sh
[restart] stopping all RAN processes and tmux sessions
/home/kmanojp/oranslice_rig/experiments/scripts/restart_ran_stack.sh: line 23: 1048552 Killed                  sudo pkill -9 -f "nr-uesoftmodem" 2> /dev/null
/home/kmanojp/oranslice_rig/experiments/scripts/restart_ran_stack.sh: line 24: 1048554 Killed                  sudo pkill -9 -f "nr-softmodem" 2> /dev/null
[restart] confirmed clean: no RAN processes running
[restart] launching gNB
[restart] gNB up, E2 agent alive
[restart] launching UE1 (embb, default netns)
[restart] UE1 attached
[restart] launching UE2 (mmtc, ue2ns)
[restart] UE2 attached
[restart] launching UE3 (urllc, ue3ns)
[restart] UE3 attached
[restart] verifying connectivity all 3 UEs
[restart] SUCCESS: all 3 UEs attached and reachable
[orchestrator] $ bash /home/kmanojp/oranslice_rig/experiments/scripts/health_check.sh
[health] FAIL: segfault signature in recent dmesg (RAN process)
[orchestrator] health check failed, restarting stack (attempt 2)
[orchestrator] $ bash /home/kmanojp/oranslice_rig/experiments/scripts/restart_ran_stack.sh
[restart] stopping all RAN processes and tmux sessions
/home/kmanojp/oranslice_rig/experiments/scripts/restart_ran_stack.sh: line 23: 1049441 Killed                  sudo pkill -9 -f "nr-uesoftmodem" 2> /dev/null
/home/kmanojp/oranslice_rig/experiments/scripts/restart_ran_stack.sh: line 24: 1049443 Killed                  sudo pkill -9 -f "nr-softmodem" 2> /dev/null
[restart] confirmed clean: no RAN processes running
[restart] launching gNB
[restart] gNB up, E2 agent alive
[restart] launching UE1 (embb, default netns)
[restart] UE1 attached
[restart] launching UE2 (mmtc, ue2ns)
[restart] UE2 attached
[restart] launching UE3 (urllc, ue3ns)
[restart] UE3 attached
[restart] verifying connectivity all 3 UEs
[restart] SUCCESS: all 3 UEs attached and reachable
[orchestrator] $ bash /home/kmanojp/oranslice_rig/experiments/scripts/health_check.sh
[health] FAIL: segfault signature in recent dmesg (RAN process)
[orchestrator] FATAL: rig unhealthy after max restart attempts, aborting rep
[n128] RETRY 1/3 for arm=dqn_qoe seed=976 --  deleting stale partial output first (Stage 11 append-corruption lesson)
=== 06:21:54 DRAIN before arm=dqn_qoe seed=976 ===
     rnti=10691: mean=5.00 PRB  max=5.00  n=10
     rnti=30431: mean=5.00 PRB  max=5.00  n=10
     rnti=64599: mean=5.00 PRB  max=5.00  n=10

Done. NEVER send SUBSCRIPTION-type messages: still assert(0!=0) in handle_subscription() on this OAI base (verified 2026-07-14).
=== 06:22:29 RUN arm=dqn_qoe seed=976 algo=dqn mode=qoe episodes=5 ===
[orchestrator] === dqn_qoe rep_seed976 batch 0 (2 episodes, batch_seed=976000, 0/5 done so far) ===
[orchestrator] $ bash /home/kmanojp/oranslice_rig/experiments/scripts/health_check.sh
[health] FAIL: segfault signature in recent dmesg (RAN process)
[orchestrator] health check failed, restarting stack (attempt 1)
[orchestrator] $ bash /home/kmanojp/oranslice_rig/experiments/scripts/restart_ran_stack.sh
[restart] stopping all RAN processes and tmux sessions
/home/kmanojp/oranslice_rig/experiments/scripts/restart_ran_stack.sh: line 23: 1051540 Killed                  sudo pkill -9 -f "nr-uesoftmodem" 2> /dev/null
/home/kmanojp/oranslice_rig/experiments/scripts/restart_ran_stack.sh: line 24: 1051542 Killed                  sudo pkill -9 -f "nr-softmodem" 2> /dev/null
[restart] confirmed clean: no RAN processes running
[restart] launching gNB
[restart] gNB up, E2 agent alive
[restart] launching UE1 (embb, default netns)
[restart] UE1 attached
[restart] launching UE2 (mmtc, ue2ns)
[restart] UE2 attached
[restart] launching UE3 (urllc, ue3ns)
[restart] UE3 attached
[restart] verifying connectivity all 3 UEs
[restart] SUCCESS: all 3 UEs attached and reachable
[orchestrator] $ bash /home/kmanojp/oranslice_rig/experiments/scripts/health_check.sh
[health] FAIL: segfault signature in recent dmesg (RAN process)
[orchestrator] health check failed, restarting stack (attempt 2)
[orchestrator] $ bash /home/kmanojp/oranslice_rig/experiments/scripts/restart_ran_stack.sh
[restart] stopping all RAN processes and tmux sessions
/home/kmanojp/oranslice_rig/experiments/scripts/restart_ran_stack.sh: line 23: 1052439 Killed                  sudo pkill -9 -f "nr-uesoftmodem" 2> /dev/null
/home/kmanojp/oranslice_rig/experiments/scripts/restart_ran_stack.sh: line 24: 1052441 Killed                  sudo pkill -9 -f "nr-softmodem" 2> /dev/null
[restart] confirmed clean: no RAN processes running
[restart] launching gNB
[restart] gNB up, E2 agent alive
[restart] launching UE1 (embb, default netns)
[restart] UE1 attached
[restart] launching UE2 (mmtc, ue2ns)
[restart] UE2 attached
[restart] launching UE3 (urllc, ue3ns)
[restart] UE3 attached
[restart] verifying connectivity all 3 UEs
[restart] SUCCESS: all 3 UEs attached and reachable
[orchestrator] $ bash /home/kmanojp/oranslice_rig/experiments/scripts/health_check.sh
[health] FAIL: segfault signature in recent dmesg (RAN process)
[orchestrator] FATAL: rig unhealthy after max restart attempts, aborting rep
[n128] RETRY 2/3 for arm=dqn_qoe seed=976 --  deleting stale partial output first (Stage 11 append-corruption lesson)
=== 06:26:58 DRAIN before arm=dqn_qoe seed=976 ===
     rnti=19539: mean=5.00 PRB  max=5.00  n=10
     rnti=23874: mean=5.00 PRB  max=5.00  n=10
     rnti=40354: mean=5.00 PRB  max=5.00  n=10

Done. NEVER send SUBSCRIPTION-type messages: still assert(0!=0) in handle_subscription() on this OAI base (verified 2026-07-14).
=== 06:27:32 RUN arm=dqn_qoe seed=976 algo=dqn mode=qoe episodes=5 ===
[orchestrator] === dqn_qoe rep_seed976 batch 0 (2 episodes, batch_seed=976000, 0/5 done so far) ===
[orchestrator] $ bash /home/kmanojp/oranslice_rig/experiments/scripts/health_check.sh
[health] FAIL: segfault signature in recent dmesg (RAN process)
[orchestrator] health check failed, restarting stack (attempt 1)
[orchestrator] $ bash /home/kmanojp/oranslice_rig/experiments/scripts/restart_ran_stack.sh
[restart] stopping all RAN processes and tmux sessions
/home/kmanojp/oranslice_rig/experiments/scripts/restart_ran_stack.sh: line 23: 1054546 Killed                  sudo pkill -9 -f "nr-uesoftmodem" 2> /dev/null
/home/kmanojp/oranslice_rig/experiments/scripts/restart_ran_stack.sh: line 24: 1054548 Killed                  sudo pkill -9 -f "nr-softmodem" 2> /dev/null
[restart] confirmed clean: no RAN processes running
[restart] launching gNB
[restart] gNB up, E2 agent alive
[restart] launching UE1 (embb, default netns)
[restart] UE1 attached
[restart] launching UE2 (mmtc, ue2ns)
[restart] UE2 attached
[restart] launching UE3 (urllc, ue3ns)
[restart] UE3 attached
[restart] verifying connectivity all 3 UEs
[restart] SUCCESS: all 3 UEs attached and reachable
[orchestrator] $ bash /home/kmanojp/oranslice_rig/experiments/scripts/health_check.sh
[health] FAIL: segfault signature in recent dmesg (RAN process)
[orchestrator] health check failed, restarting stack (attempt 2)
[orchestrator] $ bash /home/kmanojp/oranslice_rig/experiments/scripts/restart_ran_stack.sh
[restart] stopping all RAN processes and tmux sessions
/home/kmanojp/oranslice_rig/experiments/scripts/restart_ran_stack.sh: line 23: 1055435 Killed                  sudo pkill -9 -f "nr-uesoftmodem" 2> /dev/null
/home/kmanojp/oranslice_rig/experiments/scripts/restart_ran_stack.sh: line 24: 1055437 Killed                  sudo pkill -9 -f "nr-softmodem" 2> /dev/null
[restart] confirmed clean: no RAN processes running
[restart] launching gNB
[restart] gNB up, E2 agent alive
[restart] launching UE1 (embb, default netns)
[restart] UE1 attached
[restart] launching UE2 (mmtc, ue2ns)
[restart] UE2 attached
[restart] launching UE3 (urllc, ue3ns)
[restart] UE3 attached
[restart] verifying connectivity all 3 UEs
[restart] SUCCESS: all 3 UEs attached and reachable
[orchestrator] $ bash /home/kmanojp/oranslice_rig/experiments/scripts/health_check.sh
[health] FAIL: segfault signature in recent dmesg (RAN process)
[orchestrator] FATAL: rig unhealthy after max restart attempts, aborting rep
[n128] RETRY 3/3 for arm=dqn_qoe seed=976 --  deleting stale partial output first (Stage 11 append-corruption lesson)
=== 06:32:01 DRAIN before arm=dqn_qoe seed=976 ===
     rnti=33720: mean=5.00 PRB  max=5.00  n=10
     rnti=55132: mean=5.00 PRB  max=5.00  n=10
     rnti=57261: mean=5.00 PRB  max=5.00  n=10

Done. NEVER send SUBSCRIPTION-type messages: still assert(0!=0) in handle_subscription() on this OAI base (verified 2026-07-14).
=== 06:32:36 RUN arm=dqn_qoe seed=976 algo=dqn mode=qoe episodes=5 ===
[orchestrator] === dqn_qoe rep_seed976 batch 0 (2 episodes, batch_seed=976000, 0/5 done so far) ===
[orchestrator] $ bash /home/kmanojp/oranslice_rig/experiments/scripts/health_check.sh
[health] FAIL: segfault signature in recent dmesg (RAN process)
[orchestrator] health check failed, restarting stack (attempt 1)
[orchestrator] $ bash /home/kmanojp/oranslice_rig/experiments/scripts/restart_ran_stack.sh
[restart] stopping all RAN processes and tmux sessions
/home/kmanojp/oranslice_rig/experiments/scripts/restart_ran_stack.sh: line 23: 1057533 Killed                  sudo pkill -9 -f "nr-uesoftmodem" 2> /dev/null
/home/kmanojp/oranslice_rig/experiments/scripts/restart_ran_stack.sh: line 24: 1057535 Killed                  sudo pkill -9 -f "nr-softmodem" 2> /dev/null
[restart] confirmed clean: no RAN processes running
[restart] launching gNB
[restart] gNB up, E2 agent alive
[restart] launching UE1 (embb, default netns)
[restart] UE1 attached
[restart] launching UE2 (mmtc, ue2ns)
[restart] UE2 attached
[restart] launching UE3 (urllc, ue3ns)
[restart] UE3 attached
[restart] verifying connectivity all 3 UEs
[restart] SUCCESS: all 3 UEs attached and reachable
[orchestrator] $ bash /home/kmanojp/oranslice_rig/experiments/scripts/health_check.sh
[health] FAIL: segfault signature in recent dmesg (RAN process)
[orchestrator] health check failed, restarting stack (attempt 2)
[orchestrator] $ bash /home/kmanojp/oranslice_rig/experiments/scripts/restart_ran_stack.sh
[restart] stopping all RAN processes and tmux sessions
/home/kmanojp/oranslice_rig/experiments/scripts/restart_ran_stack.sh: line 23: 1058420 Killed                  sudo pkill -9 -f "nr-uesoftmodem" 2> /dev/null
/home/kmanojp/oranslice_rig/experiments/scripts/restart_ran_stack.sh: line 24: 1058429 Killed                  sudo pkill -9 -f "nr-softmodem" 2> /dev/null
[restart] confirmed clean: no RAN processes running
[restart] launching gNB
[restart] gNB up, E2 agent alive
[restart] launching UE1 (embb, default netns)
[restart] UE1 attached
[restart] launching UE2 (mmtc, ue2ns)
[restart] UE2 attached
[restart] launching UE3 (urllc, ue3ns)
[restart] UE3 attached
[restart] verifying connectivity all 3 UEs
[restart] SUCCESS: all 3 UEs attached and reachable
[orchestrator] $ bash /home/kmanojp/oranslice_rig/experiments/scripts/health_check.sh
[health] FAIL: segfault signature in recent dmesg (RAN process)
[orchestrator] FATAL: rig unhealthy after max restart attempts, aborting rep
!!! FAILED arm=dqn_qoe seed=976 after 5 attempts (rc=1) -- moving on, not halting campaign !!!
=== seed=977 episodes=2 arm_order=baseline dqn_sla dqn_qoe static_at_cap ===
=== 06:35:39 DRAIN before arm=baseline seed=977 ===
     rnti=5735: mean=5.00 PRB  max=5.00  n=10
     rnti=43444: mean=5.00 PRB  max=5.00  n=10
     rnti=59827: mean=5.00 PRB  max=5.00  n=10

Done. NEVER send SUBSCRIPTION-type messages: still assert(0!=0) in handle_subscription() on this OAI base (verified 2026-07-14).
=== 06:36:14 RUN arm=baseline seed=977 algo=baseline_static mode=sla episodes=2 ===
[orchestrator] === baseline rep_seed977 batch 0 (2 episodes, batch_seed=977000, 0/2 done so far) ===
[orchestrator] $ bash /home/kmanojp/oranslice_rig/experiments/scripts/health_check.sh
[health] FAIL: segfault signature in recent dmesg (RAN process)
[orchestrator] health check failed, restarting stack (attempt 1)
[orchestrator] $ bash /home/kmanojp/oranslice_rig/experiments/scripts/restart_ran_stack.sh
[restart] stopping all RAN processes and tmux sessions
/home/kmanojp/oranslice_rig/experiments/scripts/restart_ran_stack.sh: line 23: 1059661 Killed                  sudo pkill -9 -f "nr-uesoftmodem" 2> /dev/null
/home/kmanojp/oranslice_rig/experiments/scripts/restart_ran_stack.sh: line 24: 1059663 Killed                  sudo pkill -9 -f "nr-softmodem" 2> /dev/null
[restart] confirmed clean: no RAN processes running
[restart] launching gNB
[restart] gNB up, E2 agent alive
[restart] launching UE1 (embb, default netns)
[restart] UE1 attached
[restart] launching UE2 (mmtc, ue2ns)
[restart] UE2 attached
[restart] launching UE3 (urllc, ue3ns)
[restart] UE3 attached
[restart] verifying connectivity all 3 UEs
[restart] SUCCESS: all 3 UEs attached and reachable
[orchestrator] $ bash /home/kmanojp/oranslice_rig/experiments/scripts/health_check.sh
[health] FAIL: segfault signature in recent dmesg (RAN process)
[orchestrator] health check failed, restarting stack (attempt 2)
[orchestrator] $ bash /home/kmanojp/oranslice_rig/experiments/scripts/restart_ran_stack.sh
[restart] stopping all RAN processes and tmux sessions
/home/kmanojp/oranslice_rig/experiments/scripts/restart_ran_stack.sh: line 23: 1060552 Killed                  sudo pkill -9 -f "nr-uesoftmodem" 2> /dev/null
/home/kmanojp/oranslice_rig/experiments/scripts/restart_ran_stack.sh: line 24: 1060554 Killed                  sudo pkill -9 -f "nr-softmodem" 2> /dev/null
[restart] confirmed clean: no RAN processes running
[restart] launching gNB
[restart] gNB up, E2 agent alive
[restart] launching UE1 (embb, default netns)
[restart] UE1 attached
[restart] launching UE2 (mmtc, ue2ns)
[restart] UE2 attached
[restart] launching UE3 (urllc, ue3ns)
[restart] UE3 attached
[restart] verifying connectivity all 3 UEs
[restart] SUCCESS: all 3 UEs attached and reachable
[orchestrator] $ bash /home/kmanojp/oranslice_rig/experiments/scripts/health_check.sh
[health] FAIL: segfault signature in recent dmesg (RAN process)
[orchestrator] FATAL: rig unhealthy after max restart attempts, aborting rep
[n128] RETRY 1/3 for arm=baseline seed=977 --  deleting stale partial output first (Stage 11 append-corruption lesson)
=== 06:40:43 DRAIN before arm=baseline seed=977 ===
     rnti=9758: mean=5.00 PRB  max=5.00  n=10
     rnti=36016: mean=5.00 PRB  max=5.00  n=10
     rnti=60008: mean=5.00 PRB  max=5.00  n=10

Done. NEVER send SUBSCRIPTION-type messages: still assert(0!=0) in handle_subscription() on this OAI base (verified 2026-07-14).
=== 06:41:18 RUN arm=baseline seed=977 algo=baseline_static mode=sla episodes=2 ===
[orchestrator] === baseline rep_seed977 batch 0 (2 episodes, batch_seed=977000, 0/2 done so far) ===
[orchestrator] $ bash /home/kmanojp/oranslice_rig/experiments/scripts/health_check.sh
[health] FAIL: segfault signature in recent dmesg (RAN process)
[orchestrator] health check failed, restarting stack (attempt 1)
[orchestrator] $ bash /home/kmanojp/oranslice_rig/experiments/scripts/restart_ran_stack.sh
[restart] stopping all RAN processes and tmux sessions
/home/kmanojp/oranslice_rig/experiments/scripts/restart_ran_stack.sh: line 23: 1062659 Killed                  sudo pkill -9 -f "nr-uesoftmodem" 2> /dev/null
/home/kmanojp/oranslice_rig/experiments/scripts/restart_ran_stack.sh: line 24: 1062661 Killed                  sudo pkill -9 -f "nr-softmodem" 2> /dev/null
[restart] confirmed clean: no RAN processes running
[restart] launching gNB
[restart] gNB up, E2 agent alive
[restart] launching UE1 (embb, default netns)
[restart] UE1 attached
[restart] launching UE2 (mmtc, ue2ns)
[restart] UE2 attached
[restart] launching UE3 (urllc, ue3ns)
[restart] UE3 attached
[restart] verifying connectivity all 3 UEs
[restart] SUCCESS: all 3 UEs attached and reachable
[orchestrator] $ bash /home/kmanojp/oranslice_rig/experiments/scripts/health_check.sh
[health] FAIL: segfault signature in recent dmesg (RAN process)
[orchestrator] health check failed, restarting stack (attempt 2)
[orchestrator] $ bash /home/kmanojp/oranslice_rig/experiments/scripts/restart_ran_stack.sh
[restart] stopping all RAN processes and tmux sessions
/home/kmanojp/oranslice_rig/experiments/scripts/restart_ran_stack.sh: line 23: 1063547 Killed                  sudo pkill -9 -f "nr-uesoftmodem" 2> /dev/null
/home/kmanojp/oranslice_rig/experiments/scripts/restart_ran_stack.sh: line 24: 1063549 Killed                  sudo pkill -9 -f "nr-softmodem" 2> /dev/null
[restart] confirmed clean: no RAN processes running
[restart] launching gNB
[restart] gNB up, E2 agent alive
[restart] launching UE1 (embb, default netns)
[restart] UE1 attached
[restart] launching UE2 (mmtc, ue2ns)
[restart] UE2 attached
[restart] launching UE3 (urllc, ue3ns)
[restart] UE3 attached
[restart] verifying connectivity all 3 UEs
[restart] SUCCESS: all 3 UEs attached and reachable
[orchestrator] $ bash /home/kmanojp/oranslice_rig/experiments/scripts/health_check.sh
[health] FAIL: segfault signature in recent dmesg (RAN process)
[orchestrator] FATAL: rig unhealthy after max restart attempts, aborting rep
[n128] RETRY 2/3 for arm=baseline seed=977 --  deleting stale partial output first (Stage 11 append-corruption lesson)
=== 06:45:46 DRAIN before arm=baseline seed=977 ===
     rnti=9378: mean=5.00 PRB  max=5.00  n=10
     rnti=21340: mean=5.00 PRB  max=5.00  n=10
     rnti=60299: mean=5.00 PRB  max=5.00  n=10

Done. NEVER send SUBSCRIPTION-type messages: still assert(0!=0) in handle_subscription() on this OAI base (verified 2026-07-14).
=== 06:46:21 RUN arm=baseline seed=977 algo=baseline_static mode=sla episodes=2 ===
[orchestrator] === baseline rep_seed977 batch 0 (2 episodes, batch_seed=977000, 0/2 done so far) ===
[orchestrator] $ bash /home/kmanojp/oranslice_rig/experiments/scripts/health_check.sh
[health] FAIL: segfault signature in recent dmesg (RAN process)
[orchestrator] health check failed, restarting stack (attempt 1)
[orchestrator] $ bash /home/kmanojp/oranslice_rig/experiments/scripts/restart_ran_stack.sh
[restart] stopping all RAN processes and tmux sessions
/home/kmanojp/oranslice_rig/experiments/scripts/restart_ran_stack.sh: line 23: 1065665 Killed                  sudo pkill -9 -f "nr-uesoftmodem" 2> /dev/null
/home/kmanojp/oranslice_rig/experiments/scripts/restart_ran_stack.sh: line 24: 1065667 Killed                  sudo pkill -9 -f "nr-softmodem" 2> /dev/null
[restart] confirmed clean: no RAN processes running
[restart] launching gNB
[restart] gNB up, E2 agent alive
[restart] launching UE1 (embb, default netns)
[restart] UE1 attached
[restart] launching UE2 (mmtc, ue2ns)
[restart] UE2 attached
[restart] launching UE3 (urllc, ue3ns)
[restart] UE3 attached
[restart] verifying connectivity all 3 UEs
[restart] SUCCESS: all 3 UEs attached and reachable
[orchestrator] $ bash /home/kmanojp/oranslice_rig/experiments/scripts/health_check.sh
[health] FAIL: segfault signature in recent dmesg (RAN process)
[orchestrator] health check failed, restarting stack (attempt 2)
[orchestrator] $ bash /home/kmanojp/oranslice_rig/experiments/scripts/restart_ran_stack.sh
[restart] stopping all RAN processes and tmux sessions
/home/kmanojp/oranslice_rig/experiments/scripts/restart_ran_stack.sh: line 23: 1066559 Killed                  sudo pkill -9 -f "nr-uesoftmodem" 2> /dev/null
/home/kmanojp/oranslice_rig/experiments/scripts/restart_ran_stack.sh: line 24: 1066561 Killed                  sudo pkill -9 -f "nr-softmodem" 2> /dev/null
[restart] confirmed clean: no RAN processes running
[restart] launching gNB
[restart] gNB up, E2 agent alive
[restart] launching UE1 (embb, default netns)
[restart] UE1 attached
[restart] launching UE2 (mmtc, ue2ns)
[restart] UE2 attached
[restart] launching UE3 (urllc, ue3ns)
[restart] UE3 attached
[restart] verifying connectivity all 3 UEs
[restart] SUCCESS: all 3 UEs attached and reachable
[orchestrator] $ bash /home/kmanojp/oranslice_rig/experiments/scripts/health_check.sh
[health] FAIL: UE2 (mmtc) unreachable
[health] FAIL: segfault signature in recent dmesg (RAN process)
[orchestrator] FATAL: rig unhealthy after max restart attempts, aborting rep
[n128] RETRY 3/3 for arm=baseline seed=977 --  deleting stale partial output first (Stage 11 append-corruption lesson)
=== 06:50:58 DRAIN before arm=baseline seed=977 ===
     rnti=1935: mean=5.00 PRB  max=5.00  n=10
     rnti=4586: mean=5.00 PRB  max=5.00  n=10
     rnti=39820: mean=5.00 PRB  max=5.00  n=10

Done. NEVER send SUBSCRIPTION-type messages: still assert(0!=0) in handle_subscription() on this OAI base (verified 2026-07-14).
=== 06:51:33 RUN arm=baseline seed=977 algo=baseline_static mode=sla episodes=2 ===
[orchestrator] === baseline rep_seed977 batch 0 (2 episodes, batch_seed=977000, 0/2 done so far) ===
[orchestrator] $ bash /home/kmanojp/oranslice_rig/experiments/scripts/health_check.sh
[health] OK: all 3 UEs reachable, 16 RAN processes alive, no recent segfault
[orchestrator] $ python3 /home/kmanojp/oranslice_rig/experiments/scripts/run_baseline_static.py --config /home/kmanojp/oranslice_rig/experiments/configs/saclb_campaign_baseline_v2.yaml --gnb-id gnb-0 --episodes 2 --seed 977000 --run-id baseline_sla_seed977_batch0 --omega-jsonl /home/kmanojp/oranslice_rig/experiments/results/live_campaign_v2/baseline/sla/rep_seed977/omega_log.jsonl --reward-mode sla
[baseline_sla_seed977_batch0] baseline_static: talking to gNB E2 agent (listen=6600, gNB=6655)...

Omega log: /home/kmanojp/oranslice_rig/experiments/results/live_campaign_v2/baseline/sla/rep_seed977/omega_log.jsonl
{
  "run_id": "baseline_sla_seed977_batch0",
  "algorithm": "baseline_static",
  "mode": "live_testbed",
  "seed": 977000,
  "n_episodes": 2,
  "mean_reward_per_step": 5.593750000000001,
  "mean_blocks_per_episode": 0.0,
  "mean_urllc_blocks_per_episode": 0.0,
  "blocks_per_episode": [
    0,
    0
  ],
  "blocks_per_episode_by_slice": [
    {},
    {}
  ],
  "mean_rho": null,
  "omega_path": "/home/kmanojp/oranslice_rig/experiments/results/live_campaign_v2/baseline/sla/rep_seed977/omega_log.jsonl",
  "checkpoint_path": "",
  "drift_flag": false,
  "drift_reason": "",
  "sla_compliance_by_slice": {
    "embb": 1.0,
    "urllc": 1.0,
    "mmtc": 1.0
  },
  "sla_compliance_all_slices": 1.0,
  "sla_compliance_by_slice_per_episode": [
    {
      "embb": 1.0,
      "urllc": 1.0,
      "mmtc": 1.0
    },
    {
      "embb": 1.0,
      "urllc": 1.0,
      "mmtc": 1.0
    }
  ],
  "sla_margin_by_slice": {
    "embb": 0.7199999996801008,
    "urllc": 0.7374730791222348,
    "mmtc": 0.7199998158890304
  },
  "sla_margin_by_slice_per_episode": [
    {
      "embb": 0.739999999360201,
      "urllc": 0.7749461582444693,
      "mmtc": 0.7399996317780604
    },
    {
      "embb": 0.7000000000000004,
      "urllc": 0.7000000000000004,
      "mmtc": 0.7000000000000004
    }
  ],
  "mean_mos_by_slice": {
    "embb": 2.1711382071177163,
    "urllc": 4.175046090284983,
    "mmtc": 4.765136802196503
  },
  "mean_cost": 0.3025,
  "mean_sla_viol": 0.0
}
[orchestrator] DONE: 2/2 episodes completed for baseline rep_seed977. omega log: /home/kmanojp/oranslice_rig/experiments/results/live_campaign_v2/baseline/sla/rep_seed977/omega_log.jsonl
=== 07:01:41 DONE arm=baseline seed=977 (1562s, 4 attempt(s)) ===
=== 07:01:41 DRAIN before arm=dqn_sla seed=977 ===
     rnti=1935: mean=5.00 PRB  max=5.00  n=10
     rnti=4586: mean=5.00 PRB  max=5.00  n=10
     rnti=39820: mean=5.00 PRB  max=5.00  n=10

Done. NEVER send SUBSCRIPTION-type messages: still assert(0!=0) in handle_subscription() on this OAI base (verified 2026-07-14).
=== 07:02:16 RUN arm=dqn_sla seed=977 algo=dqn mode=sla episodes=2 ===
[orchestrator] === dqn_sla rep_seed977 batch 0 (2 episodes, batch_seed=977000, 0/2 done so far) ===
[orchestrator] $ bash /home/kmanojp/oranslice_rig/experiments/scripts/health_check.sh
[health] OK: all 3 UEs reachable, 16 RAN processes alive, no recent segfault
[orchestrator] $ python3 /home/kmanojp/oranslice_rig/framework/qoe_oran_framework/xapp/saclb_xapp.py --config /home/kmanojp/oranslice_rig/experiments/configs/saclb_campaign_v2.yaml --algorithm dqn --checkpoint /home/kmanojp/oranslice_rig/experiments/results/offline_v2/sla/seed256/dqn/offline_closed_loop/rep_0/checkpoint.pt --gnb-id gnb-0 --episodes 2 --seed 977000 --run-id dqn_sla_sla_seed977_batch0 --omega-jsonl /home/kmanojp/oranslice_rig/experiments/results/live_campaign_v2/dqn_sla/sla/rep_seed977/omega_log.jsonl --reward-mode sla
[dqn_sla_sla_seed977_batch0] talking to gNB E2 agent (listen=6600, gNB=6655)...

Omega log: /home/kmanojp/oranslice_rig/experiments/results/live_campaign_v2/dqn_sla/sla/rep_seed977/omega_log.jsonl
{
  "run_id": "dqn_sla_sla_seed977_batch0",
  "algorithm": "dqn",
  "mode": "live_testbed",
  "seed": 977000,
  "n_episodes": 2,
  "mean_reward_per_step": 0.0,
  "mean_blocks_per_episode": 121.0,
  "mean_urllc_blocks_per_episode": 38.5,
  "blocks_per_episode": [
    122,
    120
  ],
  "blocks_per_episode_by_slice": [
    {
      "mmtc": 42,
      "urllc": 32,
      "embb": 48
    },
    {
      "urllc": 45,
      "mmtc": 32,
      "embb": 43
    }
  ],
  "mean_rho": null,
  "omega_path": "/home/kmanojp/oranslice_rig/experiments/results/live_campaign_v2/dqn_sla/sla/rep_seed977/omega_log.jsonl",
  "checkpoint_path": "",
  "drift_flag": true,
  "drift_reason": "mean URLLC block rate 38.50/episode exceeds 2x the 1.0/episode acceptance bar",
  "sla_compliance_by_slice": {
    "embb": 1.0,
    "urllc": 1.0,
    "mmtc": 1.0
  },
  "sla_compliance_all_slices": 1.0,
  "sla_compliance_by_slice_per_episode": [
    {
      "embb": 1.0,
      "urllc": 1.0,
      "mmtc": 1.0
    },
    {
      "embb": 1.0,
      "urllc": 1.0,
      "mmtc": 1.0
    }
  ],
  "sla_margin_by_slice": {
    "embb": 0.9149999999742788,
    "urllc": 0.929997589281282,
    "mmtc": 0.7999999835649366
  },
  "sla_margin_by_slice_per_episode": [
    {
      "embb": 0.9999999999638426,
      "urllc": 0.9999968515432632,
      "mmtc": 0.8999999671298728
    },
    {
      "embb": 0.8299999999847152,
      "urllc": 0.8599983270193008,
      "mmtc": 0.7000000000000004
    }
  ],
  "mean_mos_by_slice": {
    "embb": 2.1712198774019877,
    "urllc": 4.658044536908467,
    "mmtc": 4.815982568264007
  },
  "mean_cost": 0.0,
  "mean_sla_viol": 0.0
}
[orchestrator] DONE: 2/2 episodes completed for dqn_sla rep_seed977. omega log: /home/kmanojp/oranslice_rig/experiments/results/live_campaign_v2/dqn_sla/sla/rep_seed977/omega_log.jsonl
=== 07:12:28 DONE arm=dqn_sla seed=977 (647s, 1 attempt(s)) ===
=== 07:12:28 DRAIN before arm=dqn_qoe seed=977 ===
     rnti=1935: mean=5.00 PRB  max=5.00  n=10
     rnti=4586: mean=5.00 PRB  max=5.00  n=10
     rnti=39820: mean=5.00 PRB  max=5.00  n=10

Done. NEVER send SUBSCRIPTION-type messages: still assert(0!=0) in handle_subscription() on this OAI base (verified 2026-07-14).
=== 07:13:03 RUN arm=dqn_qoe seed=977 algo=dqn mode=qoe episodes=2 ===
[orchestrator] === dqn_qoe rep_seed977 batch 0 (2 episodes, batch_seed=977000, 0/2 done so far) ===
[orchestrator] $ bash /home/kmanojp/oranslice_rig/experiments/scripts/health_check.sh
[health] OK: all 3 UEs reachable, 16 RAN processes alive, no recent segfault
[orchestrator] $ python3 /home/kmanojp/oranslice_rig/framework/qoe_oran_framework/xapp/saclb_xapp.py --config /home/kmanojp/oranslice_rig/experiments/configs/saclb_campaign_v2.yaml --algorithm dqn --checkpoint /home/kmanojp/oranslice_rig/experiments/results/offline_v2/qoe/seed256/dqn/offline_closed_loop/rep_0/checkpoint.pt --gnb-id gnb-0 --episodes 2 --seed 977000 --run-id dqn_qoe_qoe_seed977_batch0 --omega-jsonl /home/kmanojp/oranslice_rig/experiments/results/live_campaign_v2/dqn_qoe/qoe/rep_seed977/omega_log.jsonl --reward-mode qoe
[dqn_qoe_qoe_seed977_batch0] talking to gNB E2 agent (listen=6600, gNB=6655)...

Omega log: /home/kmanojp/oranslice_rig/experiments/results/live_campaign_v2/dqn_qoe/qoe/rep_seed977/omega_log.jsonl
{
  "run_id": "dqn_qoe_qoe_seed977_batch0",
  "algorithm": "dqn",
  "mode": "live_testbed",
  "seed": 977000,
  "n_episodes": 2,
  "mean_reward_per_step": 0.6916654161082373,
  "mean_blocks_per_episode": 22.0,
  "mean_urllc_blocks_per_episode": 0.0,
  "blocks_per_episode": [
    0,
    44
  ],
  "blocks_per_episode_by_slice": [
    {},
    {
      "embb": 27,
      "mmtc": 17
    }
  ],
  "mean_rho": null,
  "omega_path": "/home/kmanojp/oranslice_rig/experiments/results/live_campaign_v2/dqn_qoe/qoe/rep_seed977/omega_log.jsonl",
  "checkpoint_path": "",
  "drift_flag": false,
  "drift_reason": "",
  "sla_compliance_by_slice": {
    "embb": 1.0,
    "urllc": 1.0,
    "mmtc": 1.0
  },
  "sla_compliance_all_slices": 1.0,
  "sla_compliance_by_slice_per_episode": [
    {
      "embb": 1.0,
      "urllc": 1.0,
      "mmtc": 1.0
    },
    {
      "embb": 1.0,
      "urllc": 1.0,
      "mmtc": 1.0
    }
  ],
  "sla_margin_by_slice": {
    "embb": 0.9999999999999716,
    "urllc": 0.9999999426530235,
    "mmtc": 0.9174999993496497
  },
  "sla_margin_by_slice_per_episode": [
    {
      "embb": 0.999999999999943,
      "urllc": 0.9999999425470217,
      "mmtc": 0.9999999991019357
    },
    {
      "embb": 1.0,
      "urllc": 0.9999999427590254,
      "mmtc": 0.8349999995973636
    }
  ],
  "mean_mos_by_slice": {
    "embb": 2.171316146850586,
    "urllc": 4.8319854736328125,
    "mmtc": 4.89068337281545
  },
  "mean_cost": 0.24749999999999997,
  "mean_sla_viol": 0.0
}
[orchestrator] DONE: 2/2 episodes completed for dqn_qoe rep_seed977. omega log: /home/kmanojp/oranslice_rig/experiments/results/live_campaign_v2/dqn_qoe/qoe/rep_seed977/omega_log.jsonl
=== 07:23:14 DONE arm=dqn_qoe seed=977 (646s, 1 attempt(s)) ===
=== 07:23:14 DRAIN before arm=static_at_cap seed=977 ===
     rnti=1935: mean=5.00 PRB  max=5.00  n=10
     rnti=4586: mean=5.00 PRB  max=5.00  n=10
     rnti=39820: mean=5.00 PRB  max=5.00  n=10

Done. NEVER send SUBSCRIPTION-type messages: still assert(0!=0) in handle_subscription() on this OAI base (verified 2026-07-14).
=== 07:23:49 RUN arm=static_at_cap seed=977 algo=baseline_static mode=sla episodes=2 ===
[orchestrator] === static_at_cap rep_seed977 batch 0 (2 episodes, batch_seed=977000, 0/2 done so far) ===
[orchestrator] $ bash /home/kmanojp/oranslice_rig/experiments/scripts/health_check.sh
[health] OK: all 3 UEs reachable, 16 RAN processes alive, no recent segfault
[orchestrator] $ python3 /home/kmanojp/oranslice_rig/experiments/scripts/run_baseline_static.py --config /home/kmanojp/oranslice_rig/experiments/configs/saclb_campaign_static_at_cap_v2.yaml --gnb-id gnb-0 --episodes 2 --seed 977000 --run-id static_at_cap_sla_seed977_batch0 --omega-jsonl /home/kmanojp/oranslice_rig/experiments/results/live_campaign_v2/static_at_cap/sla/rep_seed977/omega_log.jsonl --reward-mode sla
[static_at_cap_sla_seed977_batch0] baseline_static: talking to gNB E2 agent (listen=6600, gNB=6655)...

Omega log: /home/kmanojp/oranslice_rig/experiments/results/live_campaign_v2/static_at_cap/sla/rep_seed977/omega_log.jsonl
{
  "run_id": "static_at_cap_sla_seed977_batch0",
  "algorithm": "baseline_static",
  "mode": "live_testbed",
  "seed": 977000,
  "n_episodes": 2,
  "mean_reward_per_step": 5.593750000000001,
  "mean_blocks_per_episode": 0.0,
  "mean_urllc_blocks_per_episode": 0.0,
  "blocks_per_episode": [
    0,
    0
  ],
  "blocks_per_episode_by_slice": [
    {},
    {}
  ],
  "mean_rho": null,
  "omega_path": "/home/kmanojp/oranslice_rig/experiments/results/live_campaign_v2/static_at_cap/sla/rep_seed977/omega_log.jsonl",
  "checkpoint_path": "",
  "drift_flag": false,
  "drift_reason": "",
  "sla_compliance_by_slice": {
    "embb": 1.0,
    "urllc": 1.0,
    "mmtc": 1.0
  },
  "sla_compliance_all_slices": 1.0,
  "sla_compliance_by_slice_per_episode": [
    {
      "embb": 1.0,
      "urllc": 1.0,
      "mmtc": 1.0
    },
    {
      "embb": 1.0,
      "urllc": 1.0,
      "mmtc": 1.0
    }
  ],
  "sla_margin_by_slice": {
    "embb": 1.0,
    "urllc": 0.8749999991615294,
    "mmtc": 0.9999999999798047
  },
  "sla_margin_by_slice_per_episode": [
    {
      "embb": 1.0,
      "urllc": 0.999999998561863,
      "mmtc": 0.9999999999797674
    },
    {
      "embb": 1.0,
      "urllc": 0.7499999997611957,
      "mmtc": 0.999999999979842
    }
  ],
  "mean_mos_by_slice": {
    "embb": 2.171316146850586,
    "urllc": 4.520079819361369,
    "mmtc": 4.943352699279785
  },
  "mean_cost": 0.3025,
  "mean_sla_viol": 0.0
}
[orchestrator] DONE: 2/2 episodes completed for static_at_cap rep_seed977. omega log: /home/kmanojp/oranslice_rig/experiments/results/live_campaign_v2/static_at_cap/sla/rep_seed977/omega_log.jsonl
=== 07:33:57 DONE arm=static_at_cap seed=977 (643s, 1 attempt(s)) ===
=== 07:33:57 STAGE15 N=128 CAMPAIGN COMPLETE ===
