{
  "embb": {
    "coeffs": {
      "alpha": 3.5229505115610977,
      "beta": 0.4250806619126264,
      "gamma": 1.3291695617637806e-36,
      "delta": 9.05045554363016e-25,
      "epsilon": 199.9999999992399
    },
    "mae_train": 0.08426961653511986,
    "mae_test": 0.08873789202574113,
    "pearson_r_test": 0.9263648364163604,
    "n_train": 300,
    "n_test": 100
  },
  "urllc": {
    "coeffs": {
      "alpha": 5.1677476186754605,
      "beta": 9.999999999999998,
      "gamma": 44.90489305501468,
      "delta": 199.99999999999997,
      "epsilon": 7.995341283221671e-09
    },
    "mae_train": 0.1100802565230076,
    "mae_test": 0.13131122804164355,
    "pearson_r_test": 0.741533398359046,
    "n_train": 300,
    "n_test": 100
  },
  "mmtc": {
    "coeffs": {
      "alpha": 5.999999999999999,
      "beta": 9.999999983392975,
      "gamma": 1.8630956754656305e-41,
      "delta": 7.9446243807040435,
      "epsilon": 5.00817686908192e-21
    },
    "mae_train": 0.4057404799082776,
    "mae_test": 0.3469830754845345,
    "pearson_r_test": 0.9614754862368036,
    "n_train": 300,
    "n_test": 100
  }
}