{
  "dqn_sla": {
    "low": {
      "embb": 16.666666666666664,
      "urllc": 8.0,
      "mmtc": 10.333333333333334
    },
    "high": {
      "embb": 5.333333333333334,
      "urllc": 3.0,
      "mmtc": 0.0
    },
    "medium": {
      "embb": 1.6666666666666667,
      "urllc": 0.0,
      "mmtc": 0.0
    }
  },
  "a2c_sla": {
    "low": {
      "embb": 16.666666666666664,
      "urllc": 8.0,
      "mmtc": 10.333333333333334
    },
    "high": {
      "embb": 5.333333333333334,
      "urllc": 3.0,
      "mmtc": 0.0
    },
    "medium": {
      "embb": 1.6666666666666667,
      "urllc": 0.0,
      "mmtc": 0.0
    }
  },
  "dqn_qoe": {
    "low": {
      "embb": 13.0,
      "urllc": 7.333333333333333,
      "mmtc": 10.333333333333334
    },
    "high": {
      "embb": 3.3333333333333335,
      "urllc": 0.0,
      "mmtc": 0.0
    },
    "medium": {
      "embb": 0.0,
      "urllc": 0.0,
      "mmtc": 0.0
    }
  },
  "a2c_qoe": {
    "low": {
      "embb": 7.666666666666666,
      "urllc": 6.666666666666667,
      "mmtc": 9.0
    },
    "high": {
      "embb": 0.0,
      "urllc": 0.0,
      "mmtc": 0.0
    },
    "medium": {
      "embb": 0.0,
      "urllc": 0.0,
      "mmtc": 0.0
    }
  }
}