{
  "baseline": {
    "compliance_pct": {
      "urllc": 22.62962962962963,
      "embb": 34.51851851851852,
      "mmtc": 19.037037037037038
    },
    "mean_margin": {
      "urllc": -0.22045889232950733,
      "embb": -0.07596037554876744,
      "mmtc": -0.2621854767929897
    },
    "mean_rejections_per_episode": {
      "urllc": 0.0,
      "embb": 0.0,
      "mmtc": 0.0
    },
    "n_steps_pooled": {
      "urllc": 2700,
      "embb": 2700,
      "mmtc": 2700
    }
  },
  "dqn_sla": {
    "compliance_pct": {
      "urllc": 27.25925925925926,
      "embb": 50.22222222222222,
      "mmtc": 14.703703703703704
    },
    "mean_margin": {
      "urllc": -0.17099546209474453,
      "embb": 0.1454567700497894,
      "mmtc": -0.3031177330338142
    },
    "mean_rejections_per_episode": {
      "urllc": 0.0,
      "embb": 0.0,
      "mmtc": 1.2444444444444445
    },
    "n_steps_pooled": {
      "urllc": 2700,
      "embb": 2700,
      "mmtc": 2700
    }
  },
  "a2c_sla": {
    "compliance_pct": {
      "urllc": 9.444444444444445,
      "embb": 7.629629629629629,
      "mmtc": 7.740740740740741
    },
    "mean_margin": {
      "urllc": -0.3603213182176555,
      "embb": -0.37947671657519044,
      "mmtc": -0.3734638828712312
    },
    "mean_rejections_per_episode": {
      "urllc": 44.48888888888889,
      "embb": 38.55555555555556,
      "mmtc": 43.666666666666664
    },
    "n_steps_pooled": {
      "urllc": 2700,
      "embb": 2700,
      "mmtc": 2700
    }
  },
  "dqn_qoe": {
    "compliance_pct": {
      "urllc": 11.481481481481481,
      "embb": 51.11111111111111,
      "mmtc": 22.74074074074074
    },
    "mean_margin": {
      "urllc": -0.34060465890084496,
      "embb": 0.15024787502650994,
      "mmtc": -0.2240475802913832
    },
    "mean_rejections_per_episode": {
      "urllc": 37.91111111111111,
      "embb": 14.222222222222221,
      "mmtc": 1.0
    },
    "n_steps_pooled": {
      "urllc": 2700,
      "embb": 2700,
      "mmtc": 2700
    }
  },
  "a2c_qoe": {
    "compliance_pct": {
      "urllc": 17.555555555555554,
      "embb": 28.925925925925927,
      "mmtc": 22.88888888888889
    },
    "mean_margin": {
      "urllc": -0.2699433484928787,
      "embb": -0.12143516520791094,
      "mmtc": -0.21595228822704485
    },
    "mean_rejections_per_episode": {
      "urllc": 33.2,
      "embb": 26.533333333333335,
      "mmtc": 21.488888888888887
    },
    "n_steps_pooled": {
      "urllc": 2700,
      "embb": 2700,
      "mmtc": 2700
    }
  }
}